Male,Left,19,2,31.2,0.66645,0.12637
Male,Left,19,2,31.2,1.1404,0.12637
Male,Left,19,2,31.2,0.43847,0.12637
Male,Left,19,2,31.2,0.77201,0.12637
Male,Left,19,2,31.2,0.73051,0.12637
Male,Left,19,2,31.2,0.89472,0.12637
Male,Left,19,2,31.2,0.55219,0.12637
Male,Left,19,2,31.2,0.73886,0.12637
Male,Left,19,2,31.2,1.0236,0.12637
Male,Left,19,2,31.2,0.687,0.12637
Male,Left,19,1,31.2,0.39687,0.12637
Male,Left,19,1,31.2,0.40775,0.12637
Male,Left,19,1,31.2,0.40083,0.12637
Male,Left,19,1,31.2,0.62261,0.12637
Male,Left,19,1,31.2,0.48626,0.12637
Male,Left,19,1,31.2,0.54202,0.12637
Male,Left,19,1,31.2,0.32086,0.12637
Male,Left,19,1,31.2,0.37412,0.12637
Male,Left,19,1,31.2,0.38971,0.12637
Male,Left,19,3,31.2,0.89585,0.12637
Male,Left,19,3,31.2,0.94195,0.12637
Male,Left,19,3,31.2,0.5919,0.12637
Male,Left,19,3,31.2,0.6344,0.12637
Male,Left,19,3,31.2,1.0713,0.12637
Male,Left,19,3,31.2,0.36337,0.12637
Male,Left,19,3,31.2,0.68294,0.12637
Male,Left,19,3,31.2,0.39588,0.12637
Male,Left,19,3,31.2,0.88649,0.12637
Male,Left,19,3,31.2,0.4456,0.12637
Male,Left,19,3,31.2,0.73214,0.12637
Male,Left,27,2,23.8,0.66443,0.12637
Male,Left,27,2,23.8,0.5054,0.12637
Male,Left,27,2,23.8,0.74613,0.12637
Male,Left,27,2,23.8,0.72869,0.12637
Male,Left,27,2,23.8,0.74361,0.12637
Male,Left,27,2,23.8,0.74065,0.12637
Male,Left,27,2,23.8,0.89382,0.12637
Male,Left,27,2,23.8,1.255,0.12637
Male,Left,27,2,23.8,0.62136,0.12637
Male,Left,27,3,23.8,0.9755,0.12637
Male,Left,27,3,23.8,0.96611,0.12637
Male,Left,27,3,23.8,0.52051,0.12637
Male,Left,27,3,23.8,0.48209,0.12637
Male,Left,27,3,23.8,0.78019,0.12637
Male,Left,27,3,23.8,0.50691,0.12637
Male,Left,27,3,23.8,0.57052,0.12637
Male,Left,27,1,23.8,0.75102,0.12637
Male,Left,27,1,23.8,0.34936,0.12637
Male,Left,27,1,23.8,0.43308,0.12637
Male,Left,27,1,23.8,0.21655,0.12637
Male,Left,27,1,23.8,0.37551,0.12637
Male,Left,27,1,23.8,1.007,0.12637
Male,Left,27,1,23.8,0.29501,0.12637
Male,Left,27,1,23.8,0.65221,0.12637
Male,Left,27,2,23.5,0.41886,0.12637
Male,Left,27,2,23.5,0.48656,0.12637
Male,Left,27,2,23.5,0.58506,0.12637
Male,Left,27,2,23.5,0.76339,0.12637
Male,Left,27,2,23.5,0.46321,0.12637
Male,Left,27,2,23.5,0.8866,0.12637
Male,Left,27,2,23.5,0.48055,0.12637
Male,Left,27,2,23.5,0.31546,0.12637
Male,Left,27,2,23.5,0.34246,0.12637
Male,Left,27,2,23.5,0.66586,0.12637
Male,Left,27,3,23.5,0.67014,0.12637
Male,Left,27,3,23.5,0.37951,0.12637
Male,Left,27,3,23.5,0.46045,0.12637
Male,Left,27,3,23.5,0.41988,0.12637
Male,Left,27,3,23.5,1.1561,0.12637
Male,Left,27,3,23.5,0.42123,0.12637
Male,Left,27,3,23.5,0.57648,0.12637
Male,Left,27,3,23.5,0.54894,0.12637
Male,Left,27,3,23.5,0.70903,0.12637
Male,Left,27,3,23.5,0.83841,0.12637
Male,Left,27,3,23.5,0.63451,0.12637
Male,Left,27,3,23.5,0.85285,0.12637
Male,Left,27,1,23.5,0.30372,0.12637
Male,Left,27,1,23.5,0.47605,0.12637
Male,Left,27,1,23.5,0.30568,0.12637
Male,Left,27,1,23.5,0.40414,0.12637
Male,Left,27,1,23.5,0.50922,0.12637
Male,Left,27,1,23.5,0.5613,0.12637
Male,Left,20,2,20.7,0.70011,0.12637
Male,Left,20,2,20.7,0.47784,0.12637
Male,Left,20,2,20.7,1.4195,0.12637
Male,Left,20,2,20.7,0.63208,0.12637
Male,Left,20,2,20.7,0.82617,0.12637
Male,Left,20,2,20.7,0.81471,0.12637
Male,Left,20,2,20.7,0.79846,0.12637
Male,Left,20,2,20.7,1.7887,0.12637
Male,Left,20,1,20.8,1.0879,0.12637
Male,Left,20,1,20.8,1.5156,0.12637
Male,Left,20,1,20.8,0.62571,0.12637
Male,Left,20,1,20.8,0.57368,0.12637
Male,Left,20,1,20.8,0.50311,0.12637
Male,Left,20,1,20.8,0.64742,0.12637
Male,Left,20,1,20.8,0.51914,0.12637
Male,Left,20,1,20.8,0.50433,0.12637
Male,Left,20,1,20.8,0.7309,0.12637
Male,Left,20,3,20.8,0.75964,0.12637
Male,Left,20,3,20.8,2.1033,0.12637
Male,Left,20,3,20.8,0.77013,0.12637
Male,Left,20,3,20.8,2.5023,0.12637
Male,Left,20,3,20.8,1.5106,0.12637
Male,Left,20,3,20.8,1.8632,0.12637
Male,Left,20,3,20.8,0.81345,0.12637
Male,Left,20,3,20.8,1.6697,0.12637
Male,Left,20,3,20.8,0.73691,0.12637
Male,Left,20,3,20.8,1.8159,0.12637
Male,Left,51,2,35.3,0.54855,0.12637
Male,Left,51,2,35.3,0.35905,0.12637
Male,Left,51,2,35.3,0.52454,0.12637
Male,Left,51,2,35.3,0.29714,0.12637
Male,Left,51,2,35.3,0.28983,0.12637
Male,Left,51,2,35.3,0.34325,0.12637
Male,Left,51,2,35.3,0.48434,0.12637
Male,Left,51,2,35.3,0.29034,0.12637
Male,Left,51,2,35.3,0.34816,0.12637
Male,Left,51,2,35.3,0.54313,0.12637
Male,Left,51,2,35.3,0.67936,0.12637
Male,Left,51,2,35.3,0.46078,0.12637
Male,Left,51,1,35.3,0.36441,0.12637
Male,Left,51,1,35.3,0.23208,0.12637
Male,Left,51,1,35.3,0.25507,0.12637
Male,Left,51,1,35.3,0.19801,0.12637
Male,Left,51,1,35.3,0.20011,0.12637
Male,Left,51,1,35.3,0.27493,0.12637
Male,Left,51,1,35.3,0.2954,0.12637
Male,Left,51,1,35.3,0.41374,0.12637
Male,Left,51,3,35.3,1.7599,0.12637
Male,Left,51,3,35.3,1.5939,0.12637
Male,Left,51,3,35.3,0.54787,0.12637
Male,Left,51,3,35.3,0.55499,0.12637
Male,Left,51,3,35.3,0.41738,0.12637
Male,Left,51,3,35.3,0.35683,0.12637
Male,Left,51,3,35.3,0.78667,0.12637
Male,Left,51,3,35.3,0.6648,0.12637
Male,Left,51,3,35.3,0.41373,0.12637
Male,Left,51,3,35.3,0.52072,0.12637
Male,Left,51,3,35.3,0.77679,0.12637
Male,Left,51,3,35.3,0.53988,0.12637
Male,Left,51,3,35.3,0.75352,0.12637
Male,Left,51,3,35.3,0.51576,0.12637
Male,Left,51,3,35.3,0.65961,0.12637
Male,Left,51,3,35.3,0.49625,0.12637
Male,Left,41,2,33.5,1.1688,0.12637
Male,Left,41,2,33.5,0.39004,0.12637
Male,Left,41,2,33.5,0.46284,0.12637
Male,Left,41,2,33.5,0.61649,0.12637
Male,Left,41,2,33.5,0.23896,0.12637
Male,Left,41,2,33.5,0.72659,0.12637
Male,Left,41,2,33.5,0.38283,0.12637
Male,Left,41,2,33.5,0.87755,0.12637
Male,Left,41,2,33.5,0.56366,0.12637
Male,Left,41,2,33.5,1.0357,0.12637
Male,Left,41,2,33.5,1.0679,0.12637
Male,Left,41,1,33.5,0.35276,0.12637
Male,Left,41,1,33.5,0.24005,0.12637
Male,Left,41,1,33.5,0.33953,0.12637
Male,Left,41,1,33.5,0.22023,0.12637
Male,Left,41,1,33.5,0.32515,0.12637
Male,Left,41,1,33.5,0.25118,0.12637
Male,Left,41,1,33.5,0.21755,0.12637
Male,Left,41,1,33.5,0.23762,0.12637
Male,Left,41,1,33.5,0.31328,0.12637
Male,Left,41,1,33.5,0.28051,0.12637
Male,Left,41,3,33.5,1.0185,0.12637
Male,Left,41,3,33.5,0.51618,0.12637
Male,Left,41,3,33.5,0.68347,0.12637
Male,Left,41,3,33.5,0.64764,0.12637
Male,Left,41,3,33.5,0.3403,0.12637
Male,Left,41,3,33.5,0.30936,0.12637
Male,Left,41,3,33.5,0.8056,0.12637
Male,Left,41,3,33.5,0.99081,0.12637
Male,Left,41,3,33.5,0.40204,0.12637
Male,Left,41,3,33.5,0.62591,0.12637
Male,Left,41,3,33.5,0.46178,0.12637
Male,Left,41,3,33.5,0.3145,0.12637
Male,Left,41,3,33.5,0.6582,0.12637
Male,Left,41,3,33.5,0.74446,0.12637
Male,Left,41,3,33.5,0.46726,0.12637
Male,Left,71,2,25.7,0.54453,0.12637
Male,Left,71,2,25.7,0.51729,0.12637
Male,Left,71,2,25.7,0.50411,0.12637
Male,Left,71,2,25.7,0.29091,0.12637
Male,Left,71,2,25.7,0.23932,0.12637
Male,Left,71,2,25.7,0.35121,0.12637
Male,Left,71,2,25.7,0.31641,0.12637
Male,Left,71,2,25.7,0.38691,0.12637
Male,Left,71,2,25.7,0.27102,0.12637
Male,Left,71,2,25.7,0.57053,0.12637
Male,Left,71,2,25.7,0.34545,0.12637
Male,Left,71,2,25.7,0.35332,0.12637
Male,Left,71,3,25.7,0.88032,0.12637
Male,Left,71,3,25.7,0.51283,0.12637
Male,Left,71,3,25.7,0.26472,0.12637
Male,Left,71,3,25.7,0.30054,0.12637
Male,Left,71,3,25.7,0.95853,0.12637
Male,Left,71,3,25.7,0.86679,0.12637
Male,Left,71,3,25.7,0.35147,0.12637
Male,Left,71,3,25.7,0.38782,0.12637
Male,Left,71,3,25.7,0.38162,0.12637
Male,Left,71,3,25.7,0.3281,0.12637
Male,Left,71,3,25.7,0.35833,0.12637
Male,Left,71,3,25.7,0.47595,0.12637
Male,Left,71,1,25.7,0.54849,0.12637
Male,Left,71,1,25.7,0.23075,0.12637
Male,Left,71,1,25.7,0.23861,0.12637
Male,Left,71,1,25.7,0.27113,0.12637
Male,Left,71,1,25.7,0.39146,0.12637
Male,Left,57,1,31.4,1.4226,0.12637
Male,Left,57,1,31.4,2.5313,0.12637
Male,Left,57,1,31.4,1.666,0.12637
Male,Left,57,1,31.4,2.0954,0.12637
Male,Left,57,1,31.4,1.154,0.12637
Male,Left,57,1,31.4,0.76992,0.12637
Male,Left,57,1,31.4,1.5077,0.12637
Male,Left,57,3,31.4,1.4919,0.12637
Male,Left,57,3,31.4,0.99899,0.12637
Male,Left,57,3,31.4,1.1769,0.12637
Male,Left,57,3,31.4,1.0045,0.12637
Male,Left,57,3,31.4,1.4028,0.12637
Male,Left,57,3,31.4,1.1307,0.12637
Male,Left,57,3,31.4,1.1774,0.12637
Male,Left,57,3,31.4,0.96986,0.12637
Male,Left,57,3,31.4,0.88508,0.12637
Male,Left,57,3,31.4,1.6408,0.12637
Male,Left,57,3,31.4,0.97106,0.12637
Male,Left,57,2,31.5,1.7972,0.12637
Male,Left,57,2,31.5,1.2616,0.12637
Male,Left,57,2,31.5,0.91083,0.12637
Male,Left,57,2,31.5,1.26,0.12637
Male,Left,57,2,31.5,1.0833,0.12637
Male,Left,57,2,31.5,0.70406,0.12637
Male,Left,57,2,31.5,0.84171,0.12637
Male,Left,57,2,31.5,1.1087,0.12637
Male,Left,57,2,31.5,0.69894,0.12637
Male,Left,57,2,31.5,0.5889,0.12637
Male,Left,57,2,31.5,0.71192,0.12637
Male,Left,23,2,24.7,0.57542,0.12637
Male,Left,23,2,24.7,0.56523,0.12637
Male,Left,23,2,24.7,0.44054,0.12637
Male,Left,23,2,24.7,0.76682,0.12637
Male,Left,23,2,24.7,0.70358,0.12637
Male,Left,23,2,24.7,0.39543,0.12637
Male,Left,23,2,24.7,0.80098,0.12637
Male,Left,23,3,24.7,1.2369,0.12637
Male,Left,23,3,24.7,1.6409,0.12637
Male,Left,23,3,24.7,1.3883,0.12637
Male,Left,23,3,24.7,1.5026,0.12637
Male,Left,23,3,24.7,1.3108,0.12637
Male,Left,23,3,24.7,1.622,0.12637
Male,Left,23,3,24.7,1.529,0.12637
Male,Left,23,3,24.7,1.1174,0.12637
Male,Left,23,3,24.7,1.1976,0.12637
Male,Left,23,1,24.7,0.75495,0.12637
Male,Left,23,1,24.7,0.23706,0.12637
Male,Left,23,1,24.7,0.8495,0.12637
Male,Left,23,1,24.7,0.42576,0.12637
Male,Left,23,1,24.7,0.46101,0.12637
Male,Left,23,1,24.7,0.18875,0.12637
Male,Left,23,1,24.7,0.42928,0.12637
Male,Left,23,1,24.7,0.21423,0.12637
Male,Left,23,1,24.7,0.33596,0.12637
Male,Left,23,1,24.7,0.36548,0.12637
Male,Left,23,2,24.5,0.45752,0.12637
Male,Left,23,2,24.5,0.75142,0.12637
Male,Left,23,2,24.5,0.56994,0.12637
Male,Left,23,2,24.5,0.44127,0.12637
Male,Left,23,2,24.5,0.8172,0.12637
Male,Left,23,2,24.5,0.79828,0.12637
Male,Left,23,2,24.5,0.58748,0.12637
Male,Left,23,2,24.5,0.62781,0.12637
Male,Left,23,2,24.5,0.49289,0.12637
Male,Left,23,2,24.5,0.53697,0.12637
Male,Left,23,2,24.5,0.50709,0.12637
Male,Left,23,3,24.5,0.92449,0.12637
Male,Left,23,3,24.5,1.4748,0.12637
Male,Left,23,3,24.5,1.1116,0.12637
Male,Left,23,3,24.5,0.85627,0.12637
Male,Left,23,3,24.5,1.2803,0.12637
Male,Left,23,3,24.5,1.6355,0.12637
Male,Left,23,3,24.5,1.039,0.12637
Male,Left,23,3,24.5,0.95864,0.12637
Male,Left,23,3,24.5,0.92898,0.12637
Male,Left,23,3,24.5,1.5059,0.12637
Male,Left,23,1,24.5,0.53229,0.12637
Male,Left,23,1,24.5,0.51836,0.12637
Male,Left,23,1,24.5,0.42284,0.12637
Male,Left,23,1,24.5,0.42341,0.12637
Male,Left,23,1,24.5,0.45393,0.12637
Male,Left,23,1,24.5,0.44278,0.12637
Male,Left,23,1,24.5,0.33068,0.12637
Male,Left,23,1,24.5,0.25449,0.12637
Male,Left,23,1,24.5,0.55308,0.12637
Male,Left,23,1,24.5,0.27459,0.12637
Male,Left,23,1,24.5,0.94781,0.12637
Male,Left,36,2,27.1,0.74688,0.12637
Male,Left,36,2,27.1,0.76946,0.12637
Male,Left,36,2,27.1,0.82774,0.12637
Male,Left,36,2,27.1,0.66954,0.12637
Male,Left,36,2,27.1,0.8874,0.12637
Male,Left,36,2,27.1,0.87664,0.12637
Male,Left,36,2,27.1,0.8666,0.12637
Male,Left,36,2,27.1,0.78236,0.12637
Male,Left,36,2,27.1,0.72688,0.12637
Male,Left,36,2,27.1,0.6302,0.12637
Male,Left,36,2,27.1,0.85543,0.12637
Male,Left,36,2,27.1,1.1213,0.12637
Male,Left,36,1,27.1,0.53244,0.12637
Male,Left,36,1,27.1,0.73839,0.12637
Male,Left,36,1,27.1,0.58379,0.12637
Male,Left,36,1,27.1,0.64224,0.12637
Male,Left,36,1,27.1,0.79676,0.12637
Male,Left,36,1,27.1,0.57909,0.12637
Male,Left,36,1,27.1,0.74021,0.12637
Male,Left,36,1,27.1,0.99498,0.12637
Male,Left,36,1,27.1,1.013,0.12637
Male,Left,36,1,27.1,1.0877,0.12637
Male,Left,36,1,27.1,0.85526,0.12637
Male,Left,36,1,27.1,0.71502,0.12637
Male,Left,36,1,27.1,0.78152,0.12637
Male,Left,36,3,27.1,0.64637,0.12637
Male,Left,36,3,27.1,0.69791,0.12637
Male,Left,36,3,27.1,1.1154,0.12637
Male,Left,36,3,27.1,1.6741,0.12637
Male,Left,36,3,27.1,0.97301,0.12637
Male,Left,36,3,27.1,1.9967,0.12637
Male,Left,36,3,27.1,2.6953,0.12637
Male,Left,36,3,27.1,0.98815,0.12637
Male,Left,36,3,27.1,0.77948,0.12637
Male,Left,36,3,27.1,0.70087,0.12637
Male,Left,36,3,27.1,0.74875,0.12637
Male,Left,36,3,27.1,0.75129,0.12637
Male,Left,36,3,27.1,0.50497,0.12637
Male,Left,36,3,27.1,0.74349,0.12637
Male,Left,17,2,22.9,1.3762,0.12637
Male,Left,17,2,22.9,0.82655,0.12637
Male,Left,17,2,22.9,1.1955,0.12637
Male,Left,17,2,22.9,0.94461,0.12637
Male,Left,17,2,22.9,1.094,0.12637
Male,Left,17,2,22.9,0.62625,0.12637
Male,Left,17,2,22.9,0.58849,0.12637
Male,Left,17,2,22.9,0.70559,0.12637
Male,Left,17,2,22.9,1.3582,0.12637
Male,Left,17,2,22.9,0.60294,0.12637
Male,Left,17,1,22.9,0.81865,0.12637
Male,Left,17,1,22.9,0.83679,0.12637
Male,Left,17,1,22.9,0.82163,0.12637
Male,Left,17,1,22.9,0.65844,0.12637
Male,Left,17,1,22.9,0.79579,0.12637
Male,Left,17,1,22.9,0.92331,0.12637
Male,Left,17,1,22.9,0.86545,0.12637
Male,Left,17,1,22.9,1.1626,0.12637
Male,Left,17,1,22.9,0.50003,0.12637
Male,Left,17,3,23,1.5849,0.12637
Male,Left,17,3,23,1.1958,0.12637
Male,Left,17,3,23,1.6366,0.12637
Male,Left,17,3,23,1.1091,0.12637
Male,Left,17,3,23,1.3133,0.12637
Male,Left,17,3,23,1.5073,0.12637
Male,Left,17,3,23,1.6161,0.12637
Male,Left,17,3,23,1.3697,0.12637
Male,Left,17,3,23,0.72497,0.12637
Male,Left,17,3,23,1.6791,0.12637
Male,Left,18,2,20.5,1.0696,0.12637
Male,Left,18,2,20.5,0.44648,0.12637
Male,Left,18,2,20.5,0.54522,0.12637
Male,Left,18,2,20.5,0.6499,0.12637
Male,Left,18,2,20.5,0.53972,0.12637
Male,Left,18,2,20.5,0.3685,0.12637
Male,Left,18,2,20.5,0.33451,0.12637
Male,Left,18,2,20.5,0.7103,0.12637
Male,Left,18,2,20.5,0.5456,0.12637
Male,Left,18,2,20.5,0.44079,0.12637
Male,Left,18,3,20.6,1.8701,0.12637
Male,Left,18,3,20.6,0.95134,0.12637
Male,Left,18,3,20.6,1.2487,0.12637
Male,Left,18,3,20.6,0.85095,0.12637
Male,Left,18,3,20.6,0.77423,0.12637
Male,Left,18,3,20.6,0.50083,0.12637
Male,Left,18,3,20.6,1.7403,0.12637
Male,Left,18,3,20.6,0.48989,0.12637
Male,Left,18,3,20.6,0.88291,0.12637
Male,Left,18,3,20.6,0.79999,0.12637
Male,Left,18,3,20.6,0.90864,0.12637
Male,Left,18,1,20.6,0.59044,0.12637
Male,Left,18,1,20.6,0.52705,0.12637
Male,Left,18,1,20.6,1.2164,0.12637
Male,Left,18,1,20.6,0.42604,0.12637
Male,Left,18,1,20.6,0.30981,0.12637
Male,Left,18,1,20.6,0.35857,0.12637
Male,Left,18,1,20.6,0.78922,0.12637
Male,Left,18,1,20.6,0.75908,0.12637
Male,Left,18,1,20.6,0.96092,0.12637
Male,Left,18,1,20.6,0.32452,0.12637
Male,Left,18,1,20.6,0.62877,0.12637
Male,Left,18,1,20.6,0.71089,0.12637
Male,Left,18,1,20.6,0.73847,0.12637
Male,Left,18,1,20.6,0.29985,0.12637
Male,Left,32,2,24.7,1.0164,0.12637
Male,Left,32,2,24.7,1.0221,0.12637
Male,Left,32,2,24.7,1.0528,0.12637
Male,Left,32,2,24.7,0.89973,0.12637
Male,Left,32,2,24.7,0.79528,0.12637
Male,Left,32,2,24.7,1.0385,0.12637
Male,Left,32,2,24.7,1.5379,0.12637
Male,Left,32,2,24.7,1.5557,0.12637
Male,Left,32,2,24.7,1.632,0.12637
Male,Left,32,2,24.7,1.4249,0.12637
Male,Left,32,1,24.7,0.35318,0.12637
Male,Left,32,1,24.7,0.49542,0.12637
Male,Left,32,1,24.7,0.48265,0.12637
Male,Left,32,1,24.7,0.24434,0.12637
Male,Left,32,1,24.7,0.42033,0.12637
Male,Left,32,1,24.7,0.26971,0.12637
Male,Left,32,1,24.7,0.37245,0.12637
Male,Left,32,1,24.7,0.49735,0.12637
Male,Left,32,1,24.7,0.33532,0.12637
Male,Left,32,1,24.7,0.37622,0.12637
Male,Left,32,3,24.7,1.2052,0.12637
Male,Left,32,3,24.7,1.1197,0.12637
Male,Left,32,3,24.7,1.0265,0.12637
Male,Left,32,3,24.7,1.3592,0.12637
Male,Left,32,3,24.7,1.2006,0.12637
Male,Left,32,3,24.7,0.72648,0.12637
Male,Left,32,3,24.7,0.9921,0.12637
Male,Left,32,3,24.7,1.5719,0.12637
Male,Left,32,3,24.7,1.8628,0.12637
Male,Left,32,3,24.7,0.76786,0.12637
Male,Left,44,2,22.6,0.91632,0.12637
Male,Left,44,2,22.6,0.83969,0.12637
Male,Left,44,2,22.6,0.40948,0.12637
Male,Left,44,2,22.6,0.49792,0.12637
Male,Left,44,2,22.6,1.108,0.12637
Male,Left,44,2,22.6,0.47718,0.12637
Male,Left,44,2,22.6,0.50734,0.12637
Male,Left,44,2,22.6,0.59448,0.12637
Male,Left,44,2,22.6,0.48643,0.12637
Male,Left,44,3,22.6,0.40891,0.12637
Male,Left,44,3,22.6,0.56212,0.12637
Male,Left,44,3,22.6,0.51491,0.12637
Male,Left,44,3,22.6,1.2602,0.12637
Male,Left,44,3,22.6,1.0712,0.12637
Male,Left,44,3,22.6,0.97188,0.12637
Male,Left,44,3,22.6,1.1197,0.12637
Male,Left,44,3,22.6,1.6173,0.12637
Male,Left,44,1,22.6,0.53616,0.12637
Male,Left,44,1,22.6,0.44268,0.12637
Male,Left,44,1,22.6,0.68095,0.12637
Male,Left,44,1,22.6,0.51649,0.12637
Male,Left,44,1,22.6,0.2899,0.12637
Male,Left,44,1,22.6,0.31579,0.12637
Male,Left,44,1,22.6,0.48537,0.12637
Male,Left,44,2,22.5,0.65665,0.12637
Male,Left,44,2,22.5,0.75742,0.12637
Male,Left,44,2,22.5,0.38859,0.12637
Male,Left,44,2,22.5,0.63666,0.12637
Male,Left,44,2,22.5,0.86099,0.12637
Male,Left,44,2,22.5,0.36563,0.12637
Male,Left,44,2,22.5,0.35554,0.12637
Male,Left,44,2,22.5,0.71496,0.12637
Male,Left,44,2,22.5,0.5471,0.12637
Male,Left,44,2,22.5,0.89247,0.12637
Male,Left,44,3,22.5,0.85564,0.12637
Male,Left,44,3,22.5,0.66445,0.12637
Male,Left,44,3,22.5,0.67583,0.12637
Male,Left,44,3,22.5,0.60538,0.12637
Male,Left,44,3,22.5,0.57795,0.12637
Male,Left,44,3,22.5,0.54268,0.12637
Male,Left,44,3,22.5,0.83523,0.12637
Male,Left,44,3,22.5,0.70808,0.12637
Male,Left,44,3,22.5,0.64518,0.12637
Male,Left,44,3,22.5,0.55746,0.12637
Male,Left,44,3,22.5,0.81629,0.12637
Male,Left,44,1,22.5,0.79514,0.12637
Male,Left,44,1,22.5,0.51472,0.12637
Male,Left,44,1,22.5,0.71454,0.12637
Male,Left,44,1,22.5,0.55236,0.12637
Male,Left,44,1,22.5,0.57,0.12637
Male,Left,44,1,22.5,0.40667,0.12637
Male,Left,44,1,22.5,0.4014,0.12637
Male,Left,44,1,22.5,0.52682,0.12637
Male,Left,44,1,22.5,0.60736,0.12637
Male,Left,22,2,26.3,1.0275,0.12637
Male,Left,22,2,26.3,1.0095,0.12637
Male,Left,22,2,26.3,1.0042,0.12637
Male,Left,22,2,26.3,1.0569,0.12637
Male,Left,22,2,26.3,0.98368,0.12637
Male,Left,22,2,26.3,0.94971,0.12637
Male,Left,22,2,26.3,1.0552,0.12637
Male,Left,22,2,26.3,0.99752,0.12637
Male,Left,22,2,26.3,0.96612,0.12637
Male,Left,22,2,26.3,0.58681,0.12637
Male,Left,22,3,26.3,1.862,0.12637
Male,Left,22,3,26.3,2.3795,0.12637
Male,Left,22,3,26.3,2.0861,0.12637
Male,Left,22,3,26.3,1.7222,0.12637
Male,Left,22,3,26.3,2.3945,0.12637
Male,Left,22,3,26.3,1.6999,0.12637
Male,Left,22,3,26.3,2.1135,0.12637
Male,Left,22,3,26.3,2.2605,0.12637
Male,Left,22,3,26.3,1.4142,0.12637
Male,Left,22,3,26.3,1.1352,0.12637
Male,Left,22,1,26.2,0.83943,0.12637
Male,Left,22,1,26.2,0.6432,0.12637
Male,Left,22,1,26.2,0.80701,0.12637
Male,Left,22,1,26.2,0.6448,0.12637
Male,Left,22,1,26.2,0.82664,0.12637
Male,Left,22,1,26.2,0.99821,0.12637
Male,Left,22,1,26.2,1.2401,0.12637
Male,Left,22,1,26.2,0.47059,0.12637
Male,Left,22,1,26.2,0.52225,0.12637
Male,Left,22,1,26.2,1.4274,0.12637
Male,Left,44,2,23.1,1.3739,0.12637
Male,Left,44,2,23.1,1.2464,0.12637
Male,Left,44,2,23.1,1.5649,0.12637
Male,Left,44,2,23.1,1.3893,0.12637
Male,Left,44,2,23.1,1.0164,0.12637
Male,Left,44,2,23.1,1.582,0.12637
Male,Left,44,2,23.1,1.3919,0.12637
Male,Left,44,2,23.1,1.5949,0.12637
Male,Left,44,2,23.1,1.7345,0.12637
Male,Left,19,2,23.4,0.67282,0.12637
Male,Left,19,2,23.4,0.65498,0.12637
Male,Left,19,2,23.4,0.59354,0.12637
Male,Left,19,2,23.4,0.73933,0.12637
Male,Left,19,2,23.4,1.4499,0.12637
Male,Left,19,2,23.4,0.39489,0.12637
Male,Left,19,2,23.4,1.1627,0.12637
Male,Left,19,2,23.4,0.71121,0.12637
Male,Left,19,2,23.4,0.83374,0.12637
Male,Left,19,2,23.4,1.0125,0.12637
Male,Left,19,3,23.5,0.75199,0.12637
Male,Left,19,3,23.5,0.57839,0.12637
Male,Left,19,3,23.5,0.59298,0.12637
Male,Left,19,3,23.5,1.7205,0.12637
Male,Left,19,3,23.5,0.57299,0.12637
Male,Left,19,3,23.5,1.6438,0.12637
Male,Left,19,3,23.5,0.73013,0.12637
Male,Left,19,3,23.5,1.239,0.12637
Male,Left,19,3,23.5,1.1022,0.12637
Male,Left,19,1,23.5,0.45242,0.12637
Male,Left,19,1,23.5,0.57554,0.12637
Male,Left,19,1,23.5,0.57935,0.12637
Male,Left,19,1,23.5,0.57218,0.12637
Male,Left,19,1,23.5,1.0676,0.12637
Male,Left,19,1,23.5,0.74067,0.12637
Male,Left,19,1,23.5,0.32631,0.12637
Male,Left,19,1,23.5,1.7565,0.12637
Male,Left,19,1,23.5,1.4095,0.12637
Male,Left,19,1,23.5,1.7917,0.12637
Male,Left,48,2,26.8,0.85752,0.12637
Male,Left,48,2,26.8,0.6889,0.12637
Male,Left,48,2,26.8,0.69177,0.12637
Male,Left,48,2,26.8,0.23893,0.12637
Male,Left,48,2,26.8,0.64396,0.12637
Male,Left,48,2,26.8,0.42027,0.12637
Male,Left,48,2,26.8,0.46067,0.12637
Male,Left,48,2,26.8,0.56051,0.12637
Male,Left,48,2,26.8,0.71896,0.12637
Male,Left,48,3,26.8,0.80549,0.12637
Male,Left,48,3,26.8,1.0085,0.12637
Male,Left,48,3,26.8,0.33664,0.12637
Male,Left,48,3,26.8,0.65118,0.12637
Male,Left,48,3,26.8,0.71811,0.12637
Male,Left,48,3,26.8,0.90353,0.12637
Male,Left,48,3,26.8,0.70291,0.12637
Male,Left,48,3,26.8,0.52909,0.12637
Male,Left,48,3,26.8,0.59329,0.12637
Male,Left,48,3,26.8,0.58949,0.12637
Male,Left,48,1,26.8,0.26084,0.12637
Male,Left,48,1,26.8,0.36995,0.12637
Male,Left,48,1,26.8,0.33763,0.12637
Male,Left,48,1,26.8,0.46771,0.12637
Male,Left,48,1,26.8,0.27586,0.12637
Male,Left,48,1,26.8,0.28318,0.12637
Male,Left,48,1,26.8,0.44647,0.12637
Male,Left,48,2,26.7,0.93635,0.12637
Male,Left,48,2,26.7,0.39654,0.12637
Male,Left,48,2,26.7,0.75186,0.12637
Male,Left,48,2,26.7,0.7519,0.12637
Male,Left,48,2,26.7,0.62737,0.12637
Male,Left,48,2,26.7,0.43038,0.12637
Male,Left,48,2,26.7,0.38626,0.12637
Male,Left,48,2,26.7,0.95396,0.12637
Male,Left,48,2,26.7,0.48581,0.12637
Male,Left,48,3,26.7,0.33575,0.12637
Male,Left,48,3,26.7,0.61353,0.12637
Male,Left,48,3,26.7,0.50919,0.12637
Male,Left,48,3,26.7,1.166,0.12637
Male,Left,48,3,26.7,0.53894,0.12637
Male,Left,48,3,26.7,0.72859,0.12637
Male,Left,48,3,26.7,0.50431,0.12637
Male,Left,48,3,26.7,0.61061,0.12637
Male,Left,48,3,26.7,0.7611,0.12637
Male,Left,48,3,26.7,0.83283,0.12637
Male,Left,48,1,26.7,0.54072,0.12637
Male,Left,48,1,26.7,0.67869,0.12637
Male,Left,48,1,26.7,0.58035,0.12637
Male,Left,48,1,26.7,0.72025,0.12637
Male,Left,48,1,26.7,0.57839,0.12637
Male,Left,48,1,26.7,0.68757,0.12637
Male,Left,48,1,26.7,0.75667,0.12637
Male,Left,48,1,26.7,0.91031,0.12637
Male,Left,66,2,32.4,0.93148,0.12637
Male,Left,66,2,32.4,0.899,0.12637
Male,Left,66,2,32.4,1.0265,0.12637
Male,Left,66,2,32.4,0.64404,0.12637
Male,Left,66,2,32.4,0.90428,0.12637
Male,Left,66,2,32.4,0.77266,0.12637
Male,Left,66,2,32.4,1.2659,0.12637
Male,Left,66,2,32.4,0.94357,0.12637
Male,Left,66,2,32.4,0.94886,0.12637
Male,Left,66,3,32.5,1.2768,0.12637
Male,Left,66,3,32.5,1.3831,0.12637
Male,Left,66,3,32.5,0.62825,0.12637
Male,Left,66,3,32.5,0.98287,0.12637
Male,Left,66,3,32.5,1.0165,0.12637
Male,Left,66,3,32.5,0.94668,0.12637
Male,Left,66,3,32.5,1.0284,0.12637
Male,Left,66,3,32.5,1.0266,0.12637
Male,Left,66,3,32.5,1.0909,0.12637
Male,Left,66,3,32.5,0.6843,0.12637
Male,Left,66,1,32.4,1.1707,0.12637
Male,Left,66,1,32.4,0.85687,0.12637
Male,Left,66,1,32.4,1.101,0.12637
Male,Left,66,1,32.4,1.0432,0.12637
Male,Left,66,1,32.4,1.5592,0.12637
Male,Left,66,1,32.4,0.92397,0.12637
Male,Left,66,1,32.4,1.4535,0.12637
Male,Left,66,1,32.4,0.98694,0.12637
Male,Left,66,1,32.4,1.4261,0.12637
Male,Left,66,1,32.4,1.2162,0.12637
Male,Left,25,1,25,0.9424,0.12637
Male,Left,25,1,25,0.54876,0.12637
Male,Left,25,1,25,1.0107,0.12637
Male,Left,25,1,25,1.3688,0.12637
Male,Left,25,1,25,1.7016,0.12637
Male,Left,25,1,25,2.1783,0.12637
Male,Left,25,1,25,1.7051,0.12637
Male,Left,25,1,25,1.3264,0.12637
Male,Left,25,1,25,1.1352,0.12637
Male,Left,25,1,25,1.1874,0.12637
Male,Left,25,3,25,0.89901,0.12637
Male,Left,25,3,25,0.49546,0.12637
Male,Left,25,3,25,0.55818,0.12637
Male,Left,25,3,25,0.68443,0.12637
Male,Left,25,3,25,0.4296,0.12637
Male,Left,25,3,25,0.84701,0.12637
Male,Left,25,3,25,0.5463,0.12637
Male,Left,25,3,25,0.7078,0.12637
Male,Left,25,3,25,0.40207,0.12637
Male,Left,25,3,25,0.44143,0.12637
Male,Left,25,3,25,0.66808,0.12637
Male,Left,25,2,25,0.99282,0.12637
Male,Left,25,2,25,1.3174,0.12637
Male,Left,25,2,25,1.1734,0.12637
Male,Left,25,2,25,0.74852,0.12637
Male,Left,25,2,25,0.56972,0.12637
Male,Left,25,2,25,0.93128,0.12637
Male,Left,25,2,25,2.027,0.12637
Male,Left,25,2,25,0.86218,0.12637
Male,Left,25,2,25,0.70004,0.12637
Male,Left,25,2,25,0.79606,0.12637
Male,Left,25,2,25,0.66837,0.12637
Male,Left,25,2,25,0.79102,0.12637
Male,Left,25,2,25,0.75103,0.12637
Male,Left,24,3,23.5,0.49998,0.12637
Male,Left,24,3,23.5,1.015,0.12637
Male,Left,24,3,23.5,0.3545,0.12637
Male,Left,24,3,23.5,0.57648,0.12637
Male,Left,24,3,23.5,0.51373,0.12637
Male,Left,24,3,23.5,0.62602,0.12637
Male,Left,24,3,23.5,0.51726,0.12637
Male,Left,24,3,23.5,0.53493,0.12637
Male,Left,24,3,23.5,0.633,0.12637
Male,Left,24,3,23.5,0.63283,0.12637
Male,Left,24,1,23.5,0.4337,0.12637
Male,Left,24,1,23.5,1.516,0.12637
Male,Left,24,1,23.5,0.53553,0.12637
Male,Left,24,1,23.5,1.2845,0.12637
Male,Left,24,1,23.5,0.96006,0.12637
Male,Left,24,1,23.5,1.3801,0.12637
Male,Left,24,1,23.5,0.93659,0.12637
Male,Left,24,1,23.5,0.83219,0.12637
Male,Left,24,1,23.5,0.78764,0.12637
Male,Left,24,1,23.5,1.0767,0.12637
Male,Left,24,1,23.5,0.50987,0.12637
Male,Left,24,1,23.5,1.4231,0.12637
Male,Left,24,2,23.5,0.3821,0.12637
Male,Left,24,2,23.5,1.0947,0.12637
Male,Left,24,2,23.5,0.88699,0.12637
Male,Left,24,2,23.5,0.30385,0.12637
Male,Left,24,2,23.5,0.89391,0.12637
Male,Left,24,2,23.5,0.44077,0.12637
Male,Left,24,2,23.5,0.46844,0.12637
Male,Left,24,2,23.5,0.2677,0.12637
Male,Left,24,2,23.5,0.41729,0.12637
Male,Left,17,2,23.3,0.88006,0.12637
Male,Left,17,2,23.3,0.45469,0.12637
Male,Left,17,2,23.3,0.65352,0.12637
Male,Left,17,2,23.3,0.64235,0.12637
Male,Left,17,2,23.3,0.42717,0.12637
Male,Left,17,2,23.3,0.46421,0.12637
Male,Left,17,2,23.3,0.41852,0.12637
Male,Left,17,2,23.3,0.53254,0.12637
Male,Left,17,2,23.3,0.58226,0.12637
Male,Left,17,2,23.3,0.74217,0.12637
Male,Left,17,1,23.4,0.52202,0.12637
Male,Left,17,1,23.4,0.60933,0.12637
Male,Left,17,1,23.4,0.60546,0.12637
Male,Left,17,1,23.4,0.44059,0.12637
Male,Left,17,1,23.4,0.52899,0.12637
Male,Left,17,1,23.4,0.20266,0.12637
Male,Left,17,1,23.4,0.84438,0.12637
Male,Left,17,1,23.4,0.55565,0.12637
Male,Left,17,1,23.4,0.6959,0.12637
Male,Left,17,1,23.4,0.59925,0.12637
Male,Left,17,3,23.3,1.0469,0.12637
Male,Left,17,3,23.3,1.1093,0.12637
Male,Left,17,3,23.3,0.98611,0.12637
Male,Left,17,3,23.3,0.78196,0.12637
Male,Left,17,3,23.3,1.2111,0.12637
Male,Left,17,3,23.3,1.4824,0.12637
Male,Left,17,3,23.3,1.5401,0.12637
Male,Left,17,3,23.3,1.3167,0.12637
Male,Left,17,3,23.3,1.0338,0.12637
Male,Left,17,3,23.3,2.0769,0.12637
