Male,Right,19,2,31.2,0.38447,0.005486
Male,Right,19,2,31.2,0.56093,0.005486
Male,Right,19,2,31.2,0.26931,0.005486
Male,Right,19,2,31.2,0.78314,0.005486
Male,Right,19,2,31.2,0.3597,0.005486
Male,Right,19,2,31.2,0.32347,0.005486
Male,Right,19,2,31.2,0.34492,0.005486
Male,Right,19,2,31.2,0.33747,0.005486
Male,Right,19,2,31.2,0.33057,0.005486
Male,Right,19,2,31.2,0.45662,0.005486
Male,Right,19,1,31.2,0.34527,0.005486
Male,Right,19,1,31.2,0.28152,0.005486
Male,Right,19,1,31.2,0.27279,0.005486
Male,Right,19,1,31.2,0.2177,0.005486
Male,Right,19,1,31.2,0.23487,0.005486
Male,Right,19,1,31.2,0.20849,0.005486
Male,Right,19,1,31.2,0.36892,0.005486
Male,Right,19,1,31.2,0.25169,0.005486
Male,Right,19,1,31.2,0.51701,0.005486
Male,Right,19,3,31.2,0.55997,0.005486
Male,Right,19,3,31.2,0.3014,0.005486
Male,Right,19,3,31.2,0.40095,0.005486
Male,Right,19,3,31.2,0.66762,0.005486
Male,Right,19,3,31.2,0.47608,0.005486
Male,Right,19,3,31.2,0.34644,0.005486
Male,Right,19,3,31.2,0.48429,0.005486
Male,Right,19,3,31.2,0.33768,0.005486
Male,Right,19,3,31.2,0.80329,0.005486
Male,Right,19,3,31.2,0.42304,0.005486
Male,Right,19,3,31.2,0.73468,0.005486
Male,Right,27,2,23.8,0.58082,0.005486
Male,Right,27,2,23.8,0.39877,0.005486
Male,Right,27,2,23.8,0.61554,0.005486
Male,Right,27,2,23.8,0.64872,0.005486
Male,Right,27,2,23.8,0.23867,0.005486
Male,Right,27,2,23.8,0.25591,0.005486
Male,Right,27,2,23.8,0.18904,0.005486
Male,Right,27,2,23.8,0.33599,0.005486
Male,Right,27,2,23.8,0.23581,0.005486
Male,Right,27,3,23.8,0.63151,0.005486
Male,Right,27,3,23.8,0.31119,0.005486
Male,Right,27,3,23.8,0.4966,0.005486
Male,Right,27,3,23.8,0.51194,0.005486
Male,Right,27,3,23.8,0.7953,0.005486
Male,Right,27,3,23.8,0.5882,0.005486
Male,Right,27,3,23.8,0.63355,0.005486
Male,Right,27,1,23.8,0.37668,0.005486
Male,Right,27,1,23.8,0.28024,0.005486
Male,Right,27,1,23.8,0.43979,0.005486
Male,Right,27,1,23.8,0.34922,0.005486
Male,Right,27,1,23.8,0.34314,0.005486
Male,Right,27,1,23.8,0.4807,0.005486
Male,Right,27,1,23.8,0.26734,0.005486
Male,Right,27,1,23.8,0.31705,0.005486
Male,Right,27,2,23.5,0.29389,0.005486
Male,Right,27,2,23.5,0.52293,0.005486
Male,Right,27,2,23.5,0.28151,0.005486
Male,Right,27,2,23.5,0.71972,0.005486
Male,Right,27,2,23.5,0.33303,0.005486
Male,Right,27,2,23.5,0.31115,0.005486
Male,Right,27,2,23.5,0.27622,0.005486
Male,Right,27,2,23.5,0.5786,0.005486
Male,Right,27,2,23.5,0.60812,0.005486
Male,Right,27,2,23.5,0.32723,0.005486
Male,Right,27,3,23.5,0.70313,0.005486
Male,Right,27,3,23.5,0.44476,0.005486
Male,Right,27,3,23.5,0.34003,0.005486
Male,Right,27,3,23.5,0.34592,0.005486
Male,Right,27,3,23.5,0.51572,0.005486
Male,Right,27,3,23.5,0.4191,0.005486
Male,Right,27,3,23.5,0.40462,0.005486
Male,Right,27,3,23.5,0.78108,0.005486
Male,Right,27,3,23.5,0.42967,0.005486
Male,Right,27,3,23.5,0.52429,0.005486
Male,Right,27,3,23.5,0.44801,0.005486
Male,Right,27,3,23.5,0.63773,0.005486
Male,Right,27,1,23.5,0.23649,0.005486
Male,Right,27,1,23.5,0.40598,0.005486
Male,Right,27,1,23.5,0.24002,0.005486
Male,Right,27,1,23.5,0.37132,0.005486
Male,Right,27,1,23.5,0.37295,0.005486
Male,Right,27,1,23.5,0.28256,0.005486
Male,Right,20,2,20.7,1.2723,0.005486
Male,Right,20,2,20.7,1.8029,0.005486
Male,Right,20,2,20.7,0.63141,0.005486
Male,Right,20,2,20.7,1.1166,0.005486
Male,Right,20,2,20.7,0.47237,0.005486
Male,Right,20,2,20.7,1.3167,0.005486
Male,Right,20,2,20.7,0.5116,0.005486
Male,Right,20,2,20.7,0.53664,0.005486
Male,Right,20,1,20.8,0.33201,0.005486
Male,Right,20,1,20.8,0.36784,0.005486
Male,Right,20,1,20.8,0.32444,0.005486
Male,Right,20,1,20.8,0.61407,0.005486
Male,Right,20,1,20.8,0.40219,0.005486
Male,Right,20,1,20.8,0.50063,0.005486
Male,Right,20,1,20.8,0.18734,0.005486
Male,Right,20,1,20.8,0.36073,0.005486
Male,Right,20,1,20.8,0.30065,0.005486
Male,Right,20,3,20.8,0.58973,0.005486
Male,Right,20,3,20.8,1.0178,0.005486
Male,Right,20,3,20.8,0.8632,0.005486
Male,Right,20,3,20.8,1.2567,0.005486
Male,Right,20,3,20.8,1.0212,0.005486
Male,Right,20,3,20.8,1.4334,0.005486
Male,Right,20,3,20.8,1.0535,0.005486
Male,Right,20,3,20.8,1.2683,0.005486
Male,Right,20,3,20.8,0.65058,0.005486
Male,Right,20,3,20.8,1.4739,0.005486
Male,Right,51,2,35.3,0.53021,0.005486
Male,Right,51,2,35.3,0.40788,0.005486
Male,Right,51,2,35.3,0.66523,0.005486
Male,Right,51,2,35.3,0.35339,0.005486
Male,Right,51,2,35.3,0.53614,0.005486
Male,Right,51,2,35.3,0.30759,0.005486
Male,Right,51,2,35.3,0.45877,0.005486
Male,Right,51,2,35.3,0.80061,0.005486
Male,Right,51,2,35.3,0.26149,0.005486
Male,Right,51,2,35.3,0.79885,0.005486
Male,Right,51,2,35.3,0.16253,0.005486
Male,Right,51,2,35.3,0.34858,0.005486
Male,Right,51,1,35.3,0.34983,0.005486
Male,Right,51,1,35.3,0.17687,0.005486
Male,Right,51,1,35.3,0.51899,0.005486
Male,Right,51,1,35.3,0.37702,0.005486
Male,Right,51,1,35.3,0.30575,0.005486
Male,Right,51,1,35.3,0.19403,0.005486
Male,Right,51,1,35.3,0.33742,0.005486
Male,Right,51,1,35.3,0.35215,0.005486
Male,Right,51,3,35.3,0.57645,0.005486
Male,Right,51,3,35.3,0.49916,0.005486
Male,Right,51,3,35.3,1.1316,0.005486
Male,Right,51,3,35.3,1.5109,0.005486
Male,Right,51,3,35.3,1.1476,0.005486
Male,Right,51,3,35.3,0.69967,0.005486
Male,Right,51,3,35.3,0.70367,0.005486
Male,Right,51,3,35.3,0.87062,0.005486
Male,Right,51,3,35.3,1.5374,0.005486
Male,Right,51,3,35.3,0.61381,0.005486
Male,Right,51,3,35.3,0.31419,0.005486
Male,Right,51,3,35.3,0.45117,0.005486
Male,Right,51,3,35.3,1.0789,0.005486
Male,Right,51,3,35.3,0.3444,0.005486
Male,Right,51,3,35.3,0.8187,0.005486
Male,Right,51,3,35.3,1.2004,0.005486
Male,Right,41,2,33.5,0.56453,0.005486
Male,Right,41,2,33.5,0.45323,0.005486
Male,Right,41,2,33.5,0.38433,0.005486
Male,Right,41,2,33.5,0.38693,0.005486
Male,Right,41,2,33.5,0.43962,0.005486
Male,Right,41,2,33.5,0.54859,0.005486
Male,Right,41,2,33.5,0.18991,0.005486
Male,Right,41,2,33.5,0.29284,0.005486
Male,Right,41,2,33.5,0.45299,0.005486
Male,Right,41,2,33.5,0.43415,0.005486
Male,Right,41,2,33.5,0.29266,0.005486
Male,Right,41,1,33.5,0.47191,0.005486
Male,Right,41,1,33.5,0.30848,0.005486
Male,Right,41,1,33.5,0.53442,0.005486
Male,Right,41,1,33.5,0.33608,0.005486
Male,Right,41,1,33.5,0.33448,0.005486
Male,Right,41,1,33.5,0.40222,0.005486
Male,Right,41,1,33.5,0.21834,0.005486
Male,Right,41,1,33.5,0.34622,0.005486
Male,Right,41,1,33.5,0.2586,0.005486
Male,Right,41,1,33.5,0.28321,0.005486
Male,Right,41,3,33.5,0.37241,0.005486
Male,Right,41,3,33.5,0.62383,0.005486
Male,Right,41,3,33.5,0.39179,0.005486
Male,Right,41,3,33.5,0.46698,0.005486
Male,Right,41,3,33.5,0.41724,0.005486
Male,Right,41,3,33.5,0.54553,0.005486
Male,Right,41,3,33.5,0.50378,0.005486
Male,Right,41,3,33.5,0.25413,0.005486
Male,Right,41,3,33.5,0.70625,0.005486
Male,Right,41,3,33.5,0.53313,0.005486
Male,Right,41,3,33.5,0.86125,0.005486
Male,Right,41,3,33.5,0.39322,0.005486
Male,Right,41,3,33.5,0.44853,0.005486
Male,Right,41,3,33.5,0.60269,0.005486
Male,Right,41,3,33.5,0.33412,0.005486
Male,Right,71,2,25.7,0.30675,0.005486
Male,Right,71,2,25.7,0.3521,0.005486
Male,Right,71,2,25.7,0.28286,0.005486
Male,Right,71,2,25.7,0.61562,0.005486
Male,Right,71,2,25.7,0.32735,0.005486
Male,Right,71,2,25.7,0.29357,0.005486
Male,Right,71,2,25.7,0.38916,0.005486
Male,Right,71,2,25.7,0.14499,0.005486
Male,Right,71,2,25.7,0.61425,0.005486
Male,Right,71,2,25.7,0.29974,0.005486
Male,Right,71,2,25.7,0.34785,0.005486
Male,Right,71,2,25.7,0.25936,0.005486
Male,Right,71,3,25.7,0.26587,0.005486
Male,Right,71,3,25.7,0.87506,0.005486
Male,Right,71,3,25.7,0.43391,0.005486
Male,Right,71,3,25.7,0.35683,0.005486
Male,Right,71,3,25.7,0.3684,0.005486
Male,Right,71,3,25.7,0.37317,0.005486
Male,Right,71,3,25.7,0.72733,0.005486
Male,Right,71,3,25.7,0.50317,0.005486
Male,Right,71,3,25.7,0.4304,0.005486
Male,Right,71,3,25.7,0.32067,0.005486
Male,Right,71,3,25.7,0.29767,0.005486
Male,Right,71,3,25.7,0.30688,0.005486
Male,Right,71,1,25.7,0.27329,0.005486
Male,Right,71,1,25.7,0.33699,0.005486
Male,Right,71,1,25.7,0.44033,0.005486
Male,Right,71,1,25.7,0.15288,0.005486
Male,Right,71,1,25.7,0.33125,0.005486
Male,Right,57,1,31.4,0.36333,0.005486
Male,Right,57,1,31.4,0.36703,0.005486
Male,Right,57,1,31.4,0.38245,0.005486
Male,Right,57,1,31.4,0.37589,0.005486
Male,Right,57,1,31.4,0.42781,0.005486
Male,Right,57,1,31.4,0.74507,0.005486
Male,Right,57,1,31.4,0.2772,0.005486
Male,Right,57,3,31.4,0.61677,0.005486
Male,Right,57,3,31.4,0.61084,0.005486
Male,Right,57,3,31.4,0.37483,0.005486
Male,Right,57,3,31.4,1.0194,0.005486
Male,Right,57,3,31.4,1.2474,0.005486
Male,Right,57,3,31.4,1.1953,0.005486
Male,Right,57,3,31.4,0.39261,0.005486
Male,Right,57,3,31.4,0.3329,0.005486
Male,Right,57,3,31.4,0.41716,0.005486
Male,Right,57,3,31.4,0.3625,0.005486
Male,Right,57,3,31.4,0.50267,0.005486
Male,Right,57,2,31.5,0.50684,0.005486
Male,Right,57,2,31.5,0.37629,0.005486
Male,Right,57,2,31.5,0.54859,0.005486
Male,Right,57,2,31.5,0.99824,0.005486
Male,Right,57,2,31.5,0.37995,0.005486
Male,Right,57,2,31.5,0.68852,0.005486
Male,Right,57,2,31.5,0.39357,0.005486
Male,Right,57,2,31.5,0.36465,0.005486
Male,Right,57,2,31.5,0.44684,0.005486
Male,Right,57,2,31.5,0.63519,0.005486
Male,Right,57,2,31.5,0.44576,0.005486
Male,Right,23,2,24.7,0.62289,0.005486
Male,Right,23,2,24.7,0.3943,0.005486
Male,Right,23,2,24.7,0.51127,0.005486
Male,Right,23,2,24.7,0.30657,0.005486
Male,Right,23,2,24.7,0.49119,0.005486
Male,Right,23,2,24.7,0.4907,0.005486
Male,Right,23,2,24.7,0.26376,0.005486
Male,Right,23,3,24.7,1.3729,0.005486
Male,Right,23,3,24.7,0.28368,0.005486
Male,Right,23,3,24.7,0.63606,0.005486
Male,Right,23,3,24.7,0.76863,0.005486
Male,Right,23,3,24.7,0.52429,0.005486
Male,Right,23,3,24.7,0.52672,0.005486
Male,Right,23,3,24.7,0.9988,0.005486
Male,Right,23,3,24.7,1.0559,0.005486
Male,Right,23,3,24.7,0.72628,0.005486
Male,Right,23,1,24.7,0.62335,0.005486
Male,Right,23,1,24.7,0.27429,0.005486
Male,Right,23,1,24.7,0.2991,0.005486
Male,Right,23,1,24.7,0.33311,0.005486
Male,Right,23,1,24.7,0.65851,0.005486
Male,Right,23,1,24.7,0.13422,0.005486
Male,Right,23,1,24.7,0.28106,0.005486
Male,Right,23,1,24.7,0.28738,0.005486
Male,Right,23,1,24.7,0.30567,0.005486
Male,Right,23,1,24.7,0.45585,0.005486
Male,Right,23,2,24.5,0.35142,0.005486
Male,Right,23,2,24.5,0.4694,0.005486
Male,Right,23,2,24.5,0.66724,0.005486
Male,Right,23,2,24.5,0.66026,0.005486
Male,Right,23,2,24.5,0.71233,0.005486
Male,Right,23,2,24.5,0.31407,0.005486
Male,Right,23,2,24.5,0.25613,0.005486
Male,Right,23,2,24.5,0.60908,0.005486
Male,Right,23,2,24.5,0.37961,0.005486
Male,Right,23,2,24.5,0.15141,0.005486
Male,Right,23,2,24.5,0.93356,0.005486
Male,Right,23,3,24.5,0.98965,0.005486
Male,Right,23,3,24.5,1.1063,0.005486
Male,Right,23,3,24.5,0.31273,0.005486
Male,Right,23,3,24.5,1.4972,0.005486
Male,Right,23,3,24.5,0.64648,0.005486
Male,Right,23,3,24.5,1.4202,0.005486
Male,Right,23,3,24.5,0.77351,0.005486
Male,Right,23,3,24.5,0.68127,0.005486
Male,Right,23,3,24.5,0.51577,0.005486
Male,Right,23,3,24.5,0.34265,0.005486
Male,Right,23,1,24.5,0.32136,0.005486
Male,Right,23,1,24.5,0.34336,0.005486
Male,Right,23,1,24.5,0.46852,0.005486
Male,Right,23,1,24.5,0.55892,0.005486
Male,Right,23,1,24.5,1.007,0.005486
Male,Right,23,1,24.5,0.48896,0.005486
Male,Right,23,1,24.5,0.61121,0.005486
Male,Right,23,1,24.5,1.0676,0.005486
Male,Right,23,1,24.5,0.42189,0.005486
Male,Right,23,1,24.5,0.51426,0.005486
Male,Right,23,1,24.5,0.51364,0.005486
Male,Right,36,2,27.1,0.38525,0.005486
Male,Right,36,2,27.1,0.52645,0.005486
Male,Right,36,2,27.1,0.25432,0.005486
Male,Right,36,2,27.1,0.61919,0.005486
Male,Right,36,2,27.1,0.20843,0.005486
Male,Right,36,2,27.1,0.33577,0.005486
Male,Right,36,2,27.1,0.61373,0.005486
Male,Right,36,2,27.1,0.64723,0.005486
Male,Right,36,2,27.1,0.32502,0.005486
Male,Right,36,2,27.1,0.32615,0.005486
Male,Right,36,2,27.1,0.67381,0.005486
Male,Right,36,2,27.1,0.48287,0.005486
Male,Right,36,1,27.1,0.21838,0.005486
Male,Right,36,1,27.1,0.45821,0.005486
Male,Right,36,1,27.1,0.23452,0.005486
Male,Right,36,1,27.1,0.26326,0.005486
Male,Right,36,1,27.1,0.52928,0.005486
Male,Right,36,1,27.1,0.34877,0.005486
Male,Right,36,1,27.1,0.54568,0.005486
Male,Right,36,1,27.1,0.33216,0.005486
Male,Right,36,1,27.1,0.17986,0.005486
Male,Right,36,1,27.1,0.21141,0.005486
Male,Right,36,1,27.1,0.22754,0.005486
Male,Right,36,1,27.1,0.2209,0.005486
Male,Right,36,1,27.1,0.25241,0.005486
Male,Right,36,3,27.1,0.53856,0.005486
Male,Right,36,3,27.1,0.49469,0.005486
Male,Right,36,3,27.1,0.4591,0.005486
Male,Right,36,3,27.1,0.38964,0.005486
Male,Right,36,3,27.1,0.26501,0.005486
Male,Right,36,3,27.1,0.56616,0.005486
Male,Right,36,3,27.1,0.49775,0.005486
Male,Right,36,3,27.1,0.36253,0.005486
Male,Right,36,3,27.1,0.57544,0.005486
Male,Right,36,3,27.1,0.81778,0.005486
Male,Right,36,3,27.1,0.48321,0.005486
Male,Right,36,3,27.1,0.55624,0.005486
Male,Right,36,3,27.1,0.5798,0.005486
Male,Right,36,3,27.1,0.47304,0.005486
Male,Right,17,2,22.9,0.29327,0.005486
Male,Right,17,2,22.9,0.30313,0.005486
Male,Right,17,2,22.9,0.64314,0.005486
Male,Right,17,2,22.9,0.4838,0.005486
Male,Right,17,2,22.9,0.60668,0.005486
Male,Right,17,2,22.9,0.4126,0.005486
Male,Right,17,2,22.9,0.3954,0.005486
Male,Right,17,2,22.9,0.48187,0.005486
Male,Right,17,2,22.9,0.90339,0.005486
Male,Right,17,2,22.9,0.66455,0.005486
Male,Right,17,1,22.9,1.0238,0.005486
Male,Right,17,1,22.9,0.46462,0.005486
Male,Right,17,1,22.9,0.73309,0.005486
Male,Right,17,1,22.9,0.72928,0.005486
Male,Right,17,1,22.9,0.68757,0.005486
Male,Right,17,1,22.9,0.80517,0.005486
Male,Right,17,1,22.9,0.6423,0.005486
Male,Right,17,1,22.9,0.46828,0.005486
Male,Right,17,1,22.9,0.34233,0.005486
Male,Right,17,3,23,0.85063,0.005486
Male,Right,17,3,23,0.66891,0.005486
Male,Right,17,3,23,0.26741,0.005486
Male,Right,17,3,23,0.44612,0.005486
Male,Right,17,3,23,0.52431,0.005486
Male,Right,17,3,23,0.66918,0.005486
Male,Right,17,3,23,0.73353,0.005486
Male,Right,17,3,23,0.74306,0.005486
Male,Right,17,3,23,0.40192,0.005486
Male,Right,17,3,23,0.86804,0.005486
Male,Right,18,2,20.5,0.96591,0.005486
Male,Right,18,2,20.5,0.83595,0.005486
Male,Right,18,2,20.5,0.53884,0.005486
Male,Right,18,2,20.5,0.42678,0.005486
Male,Right,18,2,20.5,1.4019,0.005486
Male,Right,18,2,20.5,0.56334,0.005486
Male,Right,18,2,20.5,1.0712,0.005486
Male,Right,18,2,20.5,0.56972,0.005486
Male,Right,18,2,20.5,0.88983,0.005486
Male,Right,18,2,20.5,1.0679,0.005486
Male,Right,18,3,20.6,0.96036,0.005486
Male,Right,18,3,20.6,1.2447,0.005486
Male,Right,18,3,20.6,0.95083,0.005486
Male,Right,18,3,20.6,0.96352,0.005486
Male,Right,18,3,20.6,0.90479,0.005486
Male,Right,18,3,20.6,0.60068,0.005486
Male,Right,18,3,20.6,0.59375,0.005486
Male,Right,18,3,20.6,0.5279,0.005486
Male,Right,18,3,20.6,0.61929,0.005486
Male,Right,18,3,20.6,0.79512,0.005486
Male,Right,18,3,20.6,0.54107,0.005486
Male,Right,18,1,20.6,1.0137,0.005486
Male,Right,18,1,20.6,0.74757,0.005486
Male,Right,18,1,20.6,1.0474,0.005486
Male,Right,18,1,20.6,0.59882,0.005486
Male,Right,18,1,20.6,0.63189,0.005486
Male,Right,18,1,20.6,0.55573,0.005486
Male,Right,18,1,20.6,0.4825,0.005486
Male,Right,18,1,20.6,0.61647,0.005486
Male,Right,18,1,20.6,0.74316,0.005486
Male,Right,18,1,20.6,0.56116,0.005486
Male,Right,18,1,20.6,0.3578,0.005486
Male,Right,18,1,20.6,1.2362,0.005486
Male,Right,18,1,20.6,1.2672,0.005486
Male,Right,18,1,20.6,1.0845,0.005486
Male,Right,32,2,24.7,0.43899,0.005486
Male,Right,32,2,24.7,0.86051,0.005486
Male,Right,32,2,24.7,0.52495,0.005486
Male,Right,32,2,24.7,0.41888,0.005486
Male,Right,32,2,24.7,0.58692,0.005486
Male,Right,32,2,24.7,0.45421,0.005486
Male,Right,32,2,24.7,0.48376,0.005486
Male,Right,32,2,24.7,0.65195,0.005486
Male,Right,32,2,24.7,0.53346,0.005486
Male,Right,32,2,24.7,0.33087,0.005486
Male,Right,32,1,24.7,0.18174,0.005486
Male,Right,32,1,24.7,0.42188,0.005486
Male,Right,32,1,24.7,0.43388,0.005486
Male,Right,32,1,24.7,0.3202,0.005486
Male,Right,32,1,24.7,0.29902,0.005486
Male,Right,32,1,24.7,0.51025,0.005486
Male,Right,32,1,24.7,0.28743,0.005486
Male,Right,32,1,24.7,0.69455,0.005486
Male,Right,32,1,24.7,0.31059,0.005486
Male,Right,32,1,24.7,0.21181,0.005486
Male,Right,32,3,24.7,1.4902,0.005486
Male,Right,32,3,24.7,1.2777,0.005486
Male,Right,32,3,24.7,0.80319,0.005486
Male,Right,32,3,24.7,1.1815,0.005486
Male,Right,32,3,24.7,1.1794,0.005486
Male,Right,32,3,24.7,0.80648,0.005486
Male,Right,32,3,24.7,1.4538,0.005486
Male,Right,32,3,24.7,1.4413,0.005486
Male,Right,32,3,24.7,1.1024,0.005486
Male,Right,32,3,24.7,1.3403,0.005486
Male,Right,44,2,22.6,0.68212,0.005486
Male,Right,44,2,22.6,0.54725,0.005486
Male,Right,44,2,22.6,0.29023,0.005486
Male,Right,44,2,22.6,0.81753,0.005486
Male,Right,44,2,22.6,0.67296,0.005486
Male,Right,44,2,22.6,0.24289,0.005486
Male,Right,44,2,22.6,0.29567,0.005486
Male,Right,44,2,22.6,0.3197,0.005486
Male,Right,44,2,22.6,0.20973,0.005486
Male,Right,44,3,22.6,0.46037,0.005486
Male,Right,44,3,22.6,0.29053,0.005486
Male,Right,44,3,22.6,0.36892,0.005486
Male,Right,44,3,22.6,0.44625,0.005486
Male,Right,44,3,22.6,0.3496,0.005486
Male,Right,44,3,22.6,0.342,0.005486
Male,Right,44,3,22.6,0.5899,0.005486
Male,Right,44,3,22.6,0.29297,0.005486
Male,Right,44,1,22.6,0.36558,0.005486
Male,Right,44,1,22.6,0.7661,0.005486
Male,Right,44,1,22.6,0.52557,0.005486
Male,Right,44,1,22.6,0.30943,0.005486
Male,Right,44,1,22.6,0.26225,0.005486
Male,Right,44,1,22.6,0.29902,0.005486
Male,Right,44,1,22.6,0.33074,0.005486
Male,Right,44,2,22.5,0.30827,0.005486
Male,Right,44,2,22.5,0.32887,0.005486
Male,Right,44,2,22.5,0.45838,0.005486
Male,Right,44,2,22.5,0.5943,0.005486
Male,Right,44,2,22.5,0.39437,0.005486
Male,Right,44,2,22.5,0.58525,0.005486
Male,Right,44,2,22.5,0.25852,0.005486
Male,Right,44,2,22.5,0.52988,0.005486
Male,Right,44,2,22.5,0.5726,0.005486
Male,Right,44,2,22.5,0.45515,0.005486
Male,Right,44,3,22.5,0.4271,0.005486
Male,Right,44,3,22.5,1.096,0.005486
Male,Right,44,3,22.5,0.31615,0.005486
Male,Right,44,3,22.5,0.46347,0.005486
Male,Right,44,3,22.5,0.54004,0.005486
Male,Right,44,3,22.5,0.62918,0.005486
Male,Right,44,3,22.5,0.42218,0.005486
Male,Right,44,3,22.5,1.2139,0.005486
Male,Right,44,3,22.5,0.41201,0.005486
Male,Right,44,3,22.5,0.30436,0.005486
Male,Right,44,3,22.5,0.43321,0.005486
Male,Right,44,1,22.5,0.3914,0.005486
Male,Right,44,1,22.5,0.37854,0.005486
Male,Right,44,1,22.5,0.53003,0.005486
Male,Right,44,1,22.5,0.3259,0.005486
Male,Right,44,1,22.5,0.58103,0.005486
Male,Right,44,1,22.5,0.46542,0.005486
Male,Right,44,1,22.5,0.24645,0.005486
Male,Right,44,1,22.5,0.28911,0.005486
Male,Right,44,1,22.5,0.34158,0.005486
Male,Right,22,2,26.3,0.34704,0.005486
Male,Right,22,2,26.3,0.31873,0.005486
Male,Right,22,2,26.3,0.34295,0.005486
Male,Right,22,2,26.3,0.21746,0.005486
Male,Right,22,2,26.3,0.36659,0.005486
Male,Right,22,2,26.3,0.39658,0.005486
Male,Right,22,2,26.3,0.42775,0.005486
Male,Right,22,2,26.3,0.48023,0.005486
Male,Right,22,2,26.3,0.49876,0.005486
Male,Right,22,2,26.3,0.50355,0.005486
Male,Right,22,3,26.3,0.28254,0.005486
Male,Right,22,3,26.3,0.33487,0.005486
Male,Right,22,3,26.3,0.43577,0.005486
Male,Right,22,3,26.3,0.3618,0.005486
Male,Right,22,3,26.3,0.89904,0.005486
Male,Right,22,3,26.3,0.45808,0.005486
Male,Right,22,3,26.3,0.68237,0.005486
Male,Right,22,3,26.3,0.36501,0.005486
Male,Right,22,3,26.3,0.48825,0.005486
Male,Right,22,3,26.3,0.4402,0.005486
Male,Right,22,1,26.2,0.2612,0.005486
Male,Right,22,1,26.2,0.4991,0.005486
Male,Right,22,1,26.2,0.24484,0.005486
Male,Right,22,1,26.2,0.41713,0.005486
Male,Right,22,1,26.2,0.23911,0.005486
Male,Right,22,1,26.2,0.32503,0.005486
Male,Right,22,1,26.2,0.38102,0.005486
Male,Right,22,1,26.2,0.25805,0.005486
Male,Right,22,1,26.2,0.33244,0.005486
Male,Right,22,1,26.2,0.25801,0.005486
Male,Right,44,2,23.1,0.99239,0.005486
Male,Right,44,2,23.1,0.64022,0.005486
Male,Right,44,2,23.1,0.90861,0.005486
Male,Right,44,2,23.1,0.39437,0.005486
Male,Right,44,2,23.1,1.275,0.005486
Male,Right,44,2,23.1,0.85651,0.005486
Male,Right,44,2,23.1,0.8565,0.005486
Male,Right,44,2,23.1,0.51731,0.005486
Male,Right,44,2,23.1,0.53124,0.005486
Male,Right,19,2,23.4,0.41721,0.005486
Male,Right,19,2,23.4,0.41173,0.005486
Male,Right,19,2,23.4,0.70989,0.005486
Male,Right,19,2,23.4,0.19476,0.005486
Male,Right,19,2,23.4,0.35207,0.005486
Male,Right,19,2,23.4,0.3768,0.005486
Male,Right,19,2,23.4,0.45506,0.005486
Male,Right,19,2,23.4,0.27662,0.005486
Male,Right,19,2,23.4,0.3754,0.005486
Male,Right,19,2,23.4,0.16332,0.005486
Male,Right,19,3,23.5,0.43795,0.005486
Male,Right,19,3,23.5,0.54962,0.005486
Male,Right,19,3,23.5,0.34636,0.005486
Male,Right,19,3,23.5,0.35764,0.005486
Male,Right,19,3,23.5,0.49416,0.005486
Male,Right,19,3,23.5,0.88677,0.005486
Male,Right,19,3,23.5,0.43268,0.005486
Male,Right,19,3,23.5,0.22368,0.005486
Male,Right,19,3,23.5,0.4498,0.005486
Male,Right,19,1,23.5,0.4006,0.005486
Male,Right,19,1,23.5,0.27568,0.005486
Male,Right,19,1,23.5,0.30237,0.005486
Male,Right,19,1,23.5,0.24392,0.005486
Male,Right,19,1,23.5,0.32995,0.005486
Male,Right,19,1,23.5,0.25352,0.005486
Male,Right,19,1,23.5,0.52386,0.005486
Male,Right,19,1,23.5,0.36785,0.005486
Male,Right,19,1,23.5,0.34587,0.005486
Male,Right,19,1,23.5,0.34012,0.005486
Male,Right,48,2,26.8,0.41853,0.005486
Male,Right,48,2,26.8,0.33909,0.005486
Male,Right,48,2,26.8,0.56807,0.005486
Male,Right,48,2,26.8,1.6008,0.005486
Male,Right,48,2,26.8,0.40878,0.005486
Male,Right,48,2,26.8,0.58015,0.005486
Male,Right,48,2,26.8,0.60109,0.005486
Male,Right,48,2,26.8,0.67037,0.005486
Male,Right,48,2,26.8,0.36237,0.005486
Male,Right,48,3,26.8,0.894,0.005486
Male,Right,48,3,26.8,0.6835,0.005486
Male,Right,48,3,26.8,0.88456,0.005486
Male,Right,48,3,26.8,0.75922,0.005486
Male,Right,48,3,26.8,0.7324,0.005486
Male,Right,48,3,26.8,0.81512,0.005486
Male,Right,48,3,26.8,0.82292,0.005486
Male,Right,48,3,26.8,1.4477,0.005486
Male,Right,48,3,26.8,1.0687,0.005486
Male,Right,48,3,26.8,0.45553,0.005486
Male,Right,48,1,26.8,0.30273,0.005486
Male,Right,48,1,26.8,0.39649,0.005486
Male,Right,48,1,26.8,0.37109,0.005486
Male,Right,48,1,26.8,0.64005,0.005486
Male,Right,48,1,26.8,0.74682,0.005486
Male,Right,48,1,26.8,0.31229,0.005486
Male,Right,48,1,26.8,0.99049,0.005486
Male,Right,48,2,26.7,0.51911,0.005486
Male,Right,48,2,26.7,0.31669,0.005486
Male,Right,48,2,26.7,1.6236,0.005486
Male,Right,48,2,26.7,0.41687,0.005486
Male,Right,48,2,26.7,0.87766,0.005486
Male,Right,48,2,26.7,0.57529,0.005486
Male,Right,48,2,26.7,0.37255,0.005486
Male,Right,48,2,26.7,0.90427,0.005486
Male,Right,48,2,26.7,0.96168,0.005486
Male,Right,48,3,26.7,1.0534,0.005486
Male,Right,48,3,26.7,0.3317,0.005486
Male,Right,48,3,26.7,0.30922,0.005486
Male,Right,48,3,26.7,0.3662,0.005486
Male,Right,48,3,26.7,0.23464,0.005486
Male,Right,48,3,26.7,1.0241,0.005486
Male,Right,48,3,26.7,0.50492,0.005486
Male,Right,48,3,26.7,1.5918,0.005486
Male,Right,48,3,26.7,0.40704,0.005486
Male,Right,48,3,26.7,1.3652,0.005486
Male,Right,48,1,26.7,0.53496,0.005486
Male,Right,48,1,26.7,0.45035,0.005486
Male,Right,48,1,26.7,0.23622,0.005486
Male,Right,48,1,26.7,2.0972,0.005486
Male,Right,48,1,26.7,0.42919,0.005486
Male,Right,48,1,26.7,0.22605,0.005486
Male,Right,48,1,26.7,1.1428,0.005486
Male,Right,48,1,26.7,1.9946,0.005486
Male,Right,66,2,32.4,0.84176,0.005486
Male,Right,66,2,32.4,0.58357,0.005486
Male,Right,66,2,32.4,0.52001,0.005486
Male,Right,66,2,32.4,0.2402,0.005486
Male,Right,66,2,32.4,0.35133,0.005486
Male,Right,66,2,32.4,0.323,0.005486
Male,Right,66,2,32.4,0.23736,0.005486
Male,Right,66,2,32.4,0.44601,0.005486
Male,Right,66,2,32.4,0.3575,0.005486
Male,Right,66,3,32.5,0.53213,0.005486
Male,Right,66,3,32.5,0.29764,0.005486
Male,Right,66,3,32.5,0.22446,0.005486
Male,Right,66,3,32.5,0.6585,0.005486
Male,Right,66,3,32.5,0.29295,0.005486
Male,Right,66,3,32.5,0.30157,0.005486
Male,Right,66,3,32.5,0.49291,0.005486
Male,Right,66,3,32.5,0.59237,0.005486
Male,Right,66,3,32.5,0.45837,0.005486
Male,Right,66,3,32.5,0.23724,0.005486
Male,Right,66,1,32.4,0.73729,0.005486
Male,Right,66,1,32.4,0.72994,0.005486
Male,Right,66,1,32.4,0.44283,0.005486
Male,Right,66,1,32.4,0.5258,0.005486
Male,Right,66,1,32.4,0.62291,0.005486
Male,Right,66,1,32.4,0.83588,0.005486
Male,Right,66,1,32.4,0.84679,0.005486
Male,Right,66,1,32.4,0.5909,0.005486
Male,Right,66,1,32.4,0.43677,0.005486
Male,Right,66,1,32.4,1.4994,0.005486
Male,Right,25,1,25,1.0487,0.005486
Male,Right,25,1,25,1.0026,0.005486
Male,Right,25,1,25,0.44293,0.005486
Male,Right,25,1,25,0.49444,0.005486
Male,Right,25,1,25,0.34535,0.005486
Male,Right,25,1,25,0.46473,0.005486
Male,Right,25,1,25,0.57378,0.005486
Male,Right,25,1,25,0.29014,0.005486
Male,Right,25,1,25,1.2636,0.005486
Male,Right,25,1,25,0.45738,0.005486
Male,Right,25,3,25,0.33787,0.005486
Male,Right,25,3,25,0.74658,0.005486
Male,Right,25,3,25,0.93817,0.005486
Male,Right,25,3,25,0.52121,0.005486
Male,Right,25,3,25,0.49465,0.005486
Male,Right,25,3,25,0.40098,0.005486
Male,Right,25,3,25,0.66279,0.005486
Male,Right,25,3,25,0.67983,0.005486
Male,Right,25,3,25,0.66148,0.005486
Male,Right,25,3,25,0.66487,0.005486
Male,Right,25,3,25,0.98125,0.005486
Male,Right,25,2,25,0.28001,0.005486
Male,Right,25,2,25,0.91147,0.005486
Male,Right,25,2,25,0.87858,0.005486
Male,Right,25,2,25,0.29013,0.005486
Male,Right,25,2,25,0.6435,0.005486
Male,Right,25,2,25,0.35325,0.005486
Male,Right,25,2,25,1.1029,0.005486
Male,Right,25,2,25,0.40193,0.005486
Male,Right,25,2,25,0.34179,0.005486
Male,Right,25,2,25,0.4961,0.005486
Male,Right,25,2,25,0.37642,0.005486
Male,Right,25,2,25,0.70241,0.005486
Male,Right,25,2,25,0.36625,0.005486
Male,Right,24,3,23.5,0.54307,0.005486
Male,Right,24,3,23.5,0.57212,0.005486
Male,Right,24,3,23.5,0.53279,0.005486
Male,Right,24,3,23.5,0.41038,0.005486
Male,Right,24,3,23.5,0.59146,0.005486
Male,Right,24,3,23.5,0.50391,0.005486
Male,Right,24,3,23.5,0.46537,0.005486
Male,Right,24,3,23.5,0.33646,0.005486
Male,Right,24,3,23.5,1.0197,0.005486
Male,Right,24,3,23.5,0.55663,0.005486
Male,Right,24,1,23.5,0.77068,0.005486
Male,Right,24,1,23.5,0.5595,0.005486
Male,Right,24,1,23.5,0.66594,0.005486
Male,Right,24,1,23.5,0.57422,0.005486
Male,Right,24,1,23.5,0.75501,0.005486
Male,Right,24,1,23.5,0.85708,0.005486
Male,Right,24,1,23.5,0.54579,0.005486
Male,Right,24,1,23.5,0.66643,0.005486
Male,Right,24,1,23.5,0.4675,0.005486
Male,Right,24,1,23.5,0.30124,0.005486
Male,Right,24,1,23.5,0.56406,0.005486
Male,Right,24,1,23.5,0.32592,0.005486
Male,Right,24,2,23.5,0.82305,0.005486
Male,Right,24,2,23.5,0.52037,0.005486
Male,Right,24,2,23.5,0.53863,0.005486
Male,Right,24,2,23.5,0.70285,0.005486
Male,Right,24,2,23.5,0.65373,0.005486
Male,Right,24,2,23.5,0.67046,0.005486
Male,Right,24,2,23.5,0.57141,0.005486
Male,Right,24,2,23.5,0.71371,0.005486
Male,Right,24,2,23.5,0.86488,0.005486
Male,Right,17,2,23.3,1.306,0.005486
Male,Right,17,2,23.3,1.2504,0.005486
Male,Right,17,2,23.3,2.4732,0.005486
Male,Right,17,2,23.3,1.83,0.005486
Male,Right,17,2,23.3,1.2115,0.005486
Male,Right,17,2,23.3,1.2417,0.005486
Male,Right,17,2,23.3,1.5752,0.005486
Male,Right,17,2,23.3,0.83254,0.005486
Male,Right,17,2,23.3,2.0273,0.005486
Male,Right,17,2,23.3,1.6318,0.005486
Male,Right,17,1,23.4,0.65574,0.005486
Male,Right,17,1,23.4,0.78228,0.005486
Male,Right,17,1,23.4,0.64868,0.005486
Male,Right,17,1,23.4,0.8061,0.005486
Male,Right,17,1,23.4,0.70688,0.005486
Male,Right,17,1,23.4,0.76944,0.005486
Male,Right,17,1,23.4,0.76097,0.005486
Male,Right,17,1,23.4,0.89817,0.005486
Male,Right,17,1,23.4,0.80018,0.005486
Male,Right,17,1,23.4,1.2107,0.005486
Male,Right,17,3,23.3,1.1999,0.005486
Male,Right,17,3,23.3,1.2097,0.005486
Male,Right,17,3,23.3,1.879,0.005486
Male,Right,17,3,23.3,1.632,0.005486
Male,Right,17,3,23.3,1.9512,0.005486
Male,Right,17,3,23.3,1.249,0.005486
Male,Right,17,3,23.3,1.2355,0.005486
Male,Right,17,3,23.3,0.98648,0.005486
Male,Right,17,3,23.3,1.0482,0.005486
Male,Right,17,3,23.3,1.1977,0.005486
