Male,Left,19,2,31.2,0.47507,0.011381
Male,Left,19,2,31.2,0.80349,0.011381
Male,Left,19,2,31.2,0.4058,0.011381
Male,Left,19,2,31.2,0.52806,0.011381
Male,Left,19,2,31.2,0.36078,0.011381
Male,Left,19,2,31.2,0.513,0.011381
Male,Left,19,2,31.2,0.33133,0.011381
Male,Left,19,2,31.2,0.20448,0.011381
Male,Left,19,2,31.2,0.40859,0.011381
Male,Left,19,2,31.2,0.51098,0.011381
Male,Left,19,1,31.2,0.3967,0.011381
Male,Left,19,1,31.2,0.46159,0.011381
Male,Left,19,1,31.2,0.51483,0.011381
Male,Left,19,1,31.2,0.67415,0.011381
Male,Left,19,1,31.2,0.22472,0.011381
Male,Left,19,1,31.2,0.38461,0.011381
Male,Left,19,1,31.2,0.33281,0.011381
Male,Left,19,1,31.2,0.2855,0.011381
Male,Left,19,1,31.2,0.15863,0.011381
Male,Left,19,3,31.2,0.5173,0.011381
Male,Left,19,3,31.2,0.39309,0.011381
Male,Left,19,3,31.2,0.53165,0.011381
Male,Left,19,3,31.2,0.39441,0.011381
Male,Left,19,3,31.2,0.46596,0.011381
Male,Left,19,3,31.2,0.31542,0.011381
Male,Left,19,3,31.2,0.55663,0.011381
Male,Left,19,3,31.2,0.26247,0.011381
Male,Left,19,3,31.2,0.43566,0.011381
Male,Left,19,3,31.2,0.46334,0.011381
Male,Left,19,3,31.2,0.35064,0.011381
Male,Left,27,2,23.8,0.38146,0.011381
Male,Left,27,2,23.8,0.37958,0.011381
Male,Left,27,2,23.8,0.32647,0.011381
Male,Left,27,2,23.8,0.42957,0.011381
Male,Left,27,2,23.8,0.32979,0.011381
Male,Left,27,2,23.8,0.60863,0.011381
Male,Left,27,2,23.8,0.46963,0.011381
Male,Left,27,2,23.8,0.35802,0.011381
Male,Left,27,2,23.8,0.31626,0.011381
Male,Left,27,3,23.8,0.6309,0.011381
Male,Left,27,3,23.8,0.76376,0.011381
Male,Left,27,3,23.8,0.62624,0.011381
Male,Left,27,3,23.8,0.49612,0.011381
Male,Left,27,3,23.8,0.59028,0.011381
Male,Left,27,3,23.8,0.53707,0.011381
Male,Left,27,3,23.8,0.34635,0.011381
Male,Left,27,1,23.8,0.25911,0.011381
Male,Left,27,1,23.8,0.17473,0.011381
Male,Left,27,1,23.8,0.26338,0.011381
Male,Left,27,1,23.8,0.19707,0.011381
Male,Left,27,1,23.8,0.2246,0.011381
Male,Left,27,1,23.8,0.38384,0.011381
Male,Left,27,1,23.8,0.2632,0.011381
Male,Left,27,1,23.8,0.25819,0.011381
Male,Left,27,2,23.5,1.2552,0.011381
Male,Left,27,2,23.5,0.74342,0.011381
Male,Left,27,2,23.5,0.32885,0.011381
Male,Left,27,2,23.5,0.28929,0.011381
Male,Left,27,2,23.5,0.44116,0.011381
Male,Left,27,2,23.5,0.42208,0.011381
Male,Left,27,2,23.5,1.0123,0.011381
Male,Left,27,2,23.5,0.38051,0.011381
Male,Left,27,2,23.5,1.0741,0.011381
Male,Left,27,2,23.5,0.39562,0.011381
Male,Left,27,3,23.5,0.5472,0.011381
Male,Left,27,3,23.5,0.27219,0.011381
Male,Left,27,3,23.5,0.68483,0.011381
Male,Left,27,3,23.5,0.33957,0.011381
Male,Left,27,3,23.5,0.82364,0.011381
Male,Left,27,3,23.5,0.58324,0.011381
Male,Left,27,3,23.5,0.48298,0.011381
Male,Left,27,3,23.5,0.56473,0.011381
Male,Left,27,3,23.5,0.68509,0.011381
Male,Left,27,3,23.5,0.37145,0.011381
Male,Left,27,3,23.5,0.78262,0.011381
Male,Left,27,3,23.5,0.98236,0.011381
Male,Left,27,1,23.5,0.2913,0.011381
Male,Left,27,1,23.5,0.18096,0.011381
Male,Left,27,1,23.5,0.16095,0.011381
Male,Left,27,1,23.5,0.21747,0.011381
Male,Left,27,1,23.5,0.34838,0.011381
Male,Left,27,1,23.5,0.30037,0.011381
Male,Left,20,2,20.7,0.67033,0.011381
Male,Left,20,2,20.7,0.53043,0.011381
Male,Left,20,2,20.7,0.24094,0.011381
Male,Left,20,2,20.7,0.26497,0.011381
Male,Left,20,2,20.7,0.6336,0.011381
Male,Left,20,2,20.7,1.0747,0.011381
Male,Left,20,2,20.7,0.31879,0.011381
Male,Left,20,2,20.7,0.63196,0.011381
Male,Left,20,1,20.8,0.41407,0.011381
Male,Left,20,1,20.8,0.59709,0.011381
Male,Left,20,1,20.8,0.3109,0.011381
Male,Left,20,1,20.8,0.31996,0.011381
Male,Left,20,1,20.8,0.3586,0.011381
Male,Left,20,1,20.8,0.21426,0.011381
Male,Left,20,1,20.8,0.3791,0.011381
Male,Left,20,1,20.8,0.39083,0.011381
Male,Left,20,1,20.8,0.4884,0.011381
Male,Left,20,3,20.8,0.64038,0.011381
Male,Left,20,3,20.8,0.99581,0.011381
Male,Left,20,3,20.8,1.1544,0.011381
Male,Left,20,3,20.8,0.86131,0.011381
Male,Left,20,3,20.8,0.81063,0.011381
Male,Left,20,3,20.8,0.85716,0.011381
Male,Left,20,3,20.8,0.78337,0.011381
Male,Left,20,3,20.8,0.96339,0.011381
Male,Left,20,3,20.8,1.2015,0.011381
Male,Left,20,3,20.8,0.763,0.011381
Male,Left,51,2,35.3,0.25872,0.011381
Male,Left,51,2,35.3,0.31646,0.011381
Male,Left,51,2,35.3,0.32761,0.011381
Male,Left,51,2,35.3,0.64716,0.011381
Male,Left,51,2,35.3,0.76485,0.011381
Male,Left,51,2,35.3,0.30994,0.011381
Male,Left,51,2,35.3,0.49418,0.011381
Male,Left,51,2,35.3,0.6931,0.011381
Male,Left,51,2,35.3,0.15396,0.011381
Male,Left,51,2,35.3,0.84633,0.011381
Male,Left,51,2,35.3,0.24505,0.011381
Male,Left,51,2,35.3,0.3175,0.011381
Male,Left,51,1,35.3,0.14218,0.011381
Male,Left,51,1,35.3,0.23467,0.011381
Male,Left,51,1,35.3,0.21519,0.011381
Male,Left,51,1,35.3,0.26645,0.011381
Male,Left,51,1,35.3,0.24924,0.011381
Male,Left,51,1,35.3,0.23422,0.011381
Male,Left,51,1,35.3,0.36504,0.011381
Male,Left,51,1,35.3,0.26474,0.011381
Male,Left,51,3,35.3,0.29791,0.011381
Male,Left,51,3,35.3,1.1207,0.011381
Male,Left,51,3,35.3,0.47368,0.011381
Male,Left,51,3,35.3,0.9957,0.011381
Male,Left,51,3,35.3,0.8141,0.011381
Male,Left,51,3,35.3,0.56067,0.011381
Male,Left,51,3,35.3,0.58626,0.011381
Male,Left,51,3,35.3,0.38322,0.011381
Male,Left,51,3,35.3,0.38608,0.011381
Male,Left,51,3,35.3,0.5607,0.011381
Male,Left,51,3,35.3,0.33245,0.011381
Male,Left,51,3,35.3,1.1891,0.011381
Male,Left,51,3,35.3,0.42285,0.011381
Male,Left,51,3,35.3,0.59983,0.011381
Male,Left,51,3,35.3,0.68134,0.011381
Male,Left,51,3,35.3,0.95039,0.011381
Male,Left,41,2,33.5,0.47929,0.011381
Male,Left,41,2,33.5,0.33145,0.011381
Male,Left,41,2,33.5,0.29707,0.011381
Male,Left,41,2,33.5,0.24662,0.011381
Male,Left,41,2,33.5,0.4092,0.011381
Male,Left,41,2,33.5,0.31237,0.011381
Male,Left,41,2,33.5,0.26206,0.011381
Male,Left,41,2,33.5,0.25495,0.011381
Male,Left,41,2,33.5,0.37297,0.011381
Male,Left,41,2,33.5,0.53073,0.011381
Male,Left,41,2,33.5,0.44782,0.011381
Male,Left,41,1,33.5,0.22128,0.011381
Male,Left,41,1,33.5,0.31487,0.011381
Male,Left,41,1,33.5,0.21583,0.011381
Male,Left,41,1,33.5,0.17724,0.011381
Male,Left,41,1,33.5,0.17781,0.011381
Male,Left,41,1,33.5,0.29194,0.011381
Male,Left,41,1,33.5,0.25989,0.011381
Male,Left,41,1,33.5,0.11531,0.011381
Male,Left,41,1,33.5,0.21962,0.011381
Male,Left,41,1,33.5,0.17248,0.011381
Male,Left,41,3,33.5,0.42171,0.011381
Male,Left,41,3,33.5,0.24758,0.011381
Male,Left,41,3,33.5,0.40636,0.011381
Male,Left,41,3,33.5,0.30531,0.011381
Male,Left,41,3,33.5,0.35972,0.011381
Male,Left,41,3,33.5,0.36091,0.011381
Male,Left,41,3,33.5,0.31928,0.011381
Male,Left,41,3,33.5,0.39076,0.011381
Male,Left,41,3,33.5,0.36547,0.011381
Male,Left,41,3,33.5,0.52272,0.011381
Male,Left,41,3,33.5,0.38391,0.011381
Male,Left,41,3,33.5,0.28572,0.011381
Male,Left,41,3,33.5,0.38003,0.011381
Male,Left,41,3,33.5,0.40717,0.011381
Male,Left,41,3,33.5,0.45117,0.011381
Male,Left,71,2,25.7,0.21175,0.011381
Male,Left,71,2,25.7,0.18705,0.011381
Male,Left,71,2,25.7,0.25428,0.011381
Male,Left,71,2,25.7,0.35895,0.011381
Male,Left,71,2,25.7,0.54415,0.011381
Male,Left,71,2,25.7,0.18241,0.011381
Male,Left,71,2,25.7,0.39414,0.011381
Male,Left,71,2,25.7,0.3087,0.011381
Male,Left,71,2,25.7,0.21876,0.011381
Male,Left,71,2,25.7,0.17791,0.011381
Male,Left,71,2,25.7,0.49581,0.011381
Male,Left,71,2,25.7,0.45216,0.011381
Male,Left,71,3,25.7,0.70897,0.011381
Male,Left,71,3,25.7,0.63243,0.011381
Male,Left,71,3,25.7,0.37898,0.011381
Male,Left,71,3,25.7,0.41245,0.011381
Male,Left,71,3,25.7,0.44775,0.011381
Male,Left,71,3,25.7,0.43039,0.011381
Male,Left,71,3,25.7,0.28235,0.011381
Male,Left,71,3,25.7,0.3992,0.011381
Male,Left,71,3,25.7,1.1801,0.011381
Male,Left,71,3,25.7,0.47435,0.011381
Male,Left,71,3,25.7,0.86256,0.011381
Male,Left,71,3,25.7,0.3934,0.011381
Male,Left,71,1,25.7,0.24019,0.011381
Male,Left,71,1,25.7,0.20244,0.011381
Male,Left,71,1,25.7,0.34582,0.011381
Male,Left,71,1,25.7,0.15687,0.011381
Male,Left,71,1,25.7,0.36233,0.011381
Male,Left,57,1,31.4,0.92251,0.011381
Male,Left,57,1,31.4,0.4839,0.011381
Male,Left,57,1,31.4,0.41883,0.011381
Male,Left,57,1,31.4,1.267,0.011381
Male,Left,57,1,31.4,0.3313,0.011381
Male,Left,57,1,31.4,0.32604,0.011381
Male,Left,57,1,31.4,0.43233,0.011381
Male,Left,57,3,31.4,0.65786,0.011381
Male,Left,57,3,31.4,0.56986,0.011381
Male,Left,57,3,31.4,0.64012,0.011381
Male,Left,57,3,31.4,0.61057,0.011381
Male,Left,57,3,31.4,0.58678,0.011381
Male,Left,57,3,31.4,1.5968,0.011381
Male,Left,57,3,31.4,0.58242,0.011381
Male,Left,57,3,31.4,0.52901,0.011381
Male,Left,57,3,31.4,0.64001,0.011381
Male,Left,57,3,31.4,0.5794,0.011381
Male,Left,57,3,31.4,0.32222,0.011381
Male,Left,57,2,31.5,0.54241,0.011381
Male,Left,57,2,31.5,0.69,0.011381
Male,Left,57,2,31.5,0.98208,0.011381
Male,Left,57,2,31.5,0.66486,0.011381
Male,Left,57,2,31.5,0.7858,0.011381
Male,Left,57,2,31.5,0.69857,0.011381
Male,Left,57,2,31.5,0.37713,0.011381
Male,Left,57,2,31.5,0.56859,0.011381
Male,Left,57,2,31.5,0.53439,0.011381
Male,Left,57,2,31.5,0.76695,0.011381
Male,Left,57,2,31.5,0.30364,0.011381
Male,Left,23,2,24.7,0.32379,0.011381
Male,Left,23,2,24.7,0.32832,0.011381
Male,Left,23,2,24.7,0.28406,0.011381
Male,Left,23,2,24.7,0.33643,0.011381
Male,Left,23,2,24.7,0.44691,0.011381
Male,Left,23,2,24.7,0.48879,0.011381
Male,Left,23,2,24.7,0.22662,0.011381
Male,Left,23,3,24.7,0.5396,0.011381
Male,Left,23,3,24.7,0.47197,0.011381
Male,Left,23,3,24.7,0.57428,0.011381
Male,Left,23,3,24.7,0.72958,0.011381
Male,Left,23,3,24.7,0.44145,0.011381
Male,Left,23,3,24.7,0.73312,0.011381
Male,Left,23,3,24.7,0.31757,0.011381
Male,Left,23,3,24.7,0.33852,0.011381
Male,Left,23,3,24.7,0.39762,0.011381
Male,Left,23,1,24.7,0.25411,0.011381
Male,Left,23,1,24.7,0.3272,0.011381
Male,Left,23,1,24.7,0.40043,0.011381
Male,Left,23,1,24.7,0.37322,0.011381
Male,Left,23,1,24.7,0.30929,0.011381
Male,Left,23,1,24.7,0.34177,0.011381
Male,Left,23,1,24.7,0.31812,0.011381
Male,Left,23,1,24.7,0.29089,0.011381
Male,Left,23,1,24.7,0.40063,0.011381
Male,Left,23,1,24.7,0.49006,0.011381
Male,Left,23,2,24.5,0.77228,0.011381
Male,Left,23,2,24.5,0.44525,0.011381
Male,Left,23,2,24.5,0.78054,0.011381
Male,Left,23,2,24.5,0.24288,0.011381
Male,Left,23,2,24.5,0.70374,0.011381
Male,Left,23,2,24.5,0.42093,0.011381
Male,Left,23,2,24.5,0.16455,0.011381
Male,Left,23,2,24.5,0.62608,0.011381
Male,Left,23,2,24.5,0.64949,0.011381
Male,Left,23,2,24.5,0.77968,0.011381
Male,Left,23,2,24.5,0.53406,0.011381
Male,Left,23,3,24.5,0.56782,0.011381
Male,Left,23,3,24.5,0.596,0.011381
Male,Left,23,3,24.5,0.40198,0.011381
Male,Left,23,3,24.5,1.1234,0.011381
Male,Left,23,3,24.5,0.87368,0.011381
Male,Left,23,3,24.5,0.96825,0.011381
Male,Left,23,3,24.5,0.36451,0.011381
Male,Left,23,3,24.5,0.43476,0.011381
Male,Left,23,3,24.5,0.57407,0.011381
Male,Left,23,3,24.5,0.47651,0.011381
Male,Left,23,1,24.5,0.48986,0.011381
Male,Left,23,1,24.5,0.40303,0.011381
Male,Left,23,1,24.5,0.90565,0.011381
Male,Left,23,1,24.5,0.66143,0.011381
Male,Left,23,1,24.5,0.93592,0.011381
Male,Left,23,1,24.5,0.51713,0.011381
Male,Left,23,1,24.5,0.98652,0.011381
Male,Left,23,1,24.5,0.46316,0.011381
Male,Left,23,1,24.5,0.83398,0.011381
Male,Left,23,1,24.5,0.6022,0.011381
Male,Left,23,1,24.5,0.51717,0.011381
Male,Left,36,2,27.1,0.17679,0.011381
Male,Left,36,2,27.1,0.28061,0.011381
Male,Left,36,2,27.1,0.2808,0.011381
Male,Left,36,2,27.1,0.44097,0.011381
Male,Left,36,2,27.1,0.24184,0.011381
Male,Left,36,2,27.1,0.20775,0.011381
Male,Left,36,2,27.1,0.28023,0.011381
Male,Left,36,2,27.1,0.20201,0.011381
Male,Left,36,2,27.1,0.25477,0.011381
Male,Left,36,2,27.1,0.48158,0.011381
Male,Left,36,2,27.1,0.23446,0.011381
Male,Left,36,2,27.1,0.24541,0.011381
Male,Left,36,1,27.1,0.18687,0.011381
Male,Left,36,1,27.1,0.2084,0.011381
Male,Left,36,1,27.1,0.22635,0.011381
Male,Left,36,1,27.1,0.19232,0.011381
Male,Left,36,1,27.1,0.26494,0.011381
Male,Left,36,1,27.1,0.23312,0.011381
Male,Left,36,1,27.1,0.32556,0.011381
Male,Left,36,1,27.1,0.274,0.011381
Male,Left,36,1,27.1,0.33263,0.011381
Male,Left,36,1,27.1,0.32108,0.011381
Male,Left,36,1,27.1,0.42143,0.011381
Male,Left,36,1,27.1,0.14235,0.011381
Male,Left,36,1,27.1,0.19556,0.011381
Male,Left,36,3,27.1,0.41204,0.011381
Male,Left,36,3,27.1,0.47768,0.011381
Male,Left,36,3,27.1,0.60203,0.011381
Male,Left,36,3,27.1,0.64314,0.011381
Male,Left,36,3,27.1,0.37338,0.011381
Male,Left,36,3,27.1,0.55416,0.011381
Male,Left,36,3,27.1,0.68088,0.011381
Male,Left,36,3,27.1,0.53484,0.011381
Male,Left,36,3,27.1,0.59576,0.011381
Male,Left,36,3,27.1,0.4705,0.011381
Male,Left,36,3,27.1,0.96907,0.011381
Male,Left,36,3,27.1,0.32652,0.011381
Male,Left,36,3,27.1,0.3797,0.011381
Male,Left,36,3,27.1,0.4564,0.011381
Male,Left,17,2,22.9,0.3061,0.011381
Male,Left,17,2,22.9,0.62917,0.011381
Male,Left,17,2,22.9,0.51985,0.011381
Male,Left,17,2,22.9,1.0226,0.011381
Male,Left,17,2,22.9,0.3774,0.011381
Male,Left,17,2,22.9,0.70981,0.011381
Male,Left,17,2,22.9,0.59201,0.011381
Male,Left,17,2,22.9,0.9693,0.011381
Male,Left,17,2,22.9,0.33199,0.011381
Male,Left,17,2,22.9,0.66894,0.011381
Male,Left,17,1,22.9,0.58259,0.011381
Male,Left,17,1,22.9,0.72784,0.011381
Male,Left,17,1,22.9,0.39815,0.011381
Male,Left,17,1,22.9,0.83932,0.011381
Male,Left,17,1,22.9,0.47047,0.011381
Male,Left,17,1,22.9,1.3166,0.011381
Male,Left,17,1,22.9,0.19989,0.011381
Male,Left,17,1,22.9,0.49288,0.011381
Male,Left,17,1,22.9,0.54464,0.011381
Male,Left,17,3,23,1.115,0.011381
Male,Left,17,3,23,0.78433,0.011381
Male,Left,17,3,23,0.60758,0.011381
Male,Left,17,3,23,0.50584,0.011381
Male,Left,17,3,23,0.97688,0.011381
Male,Left,17,3,23,0.59272,0.011381
Male,Left,17,3,23,0.78912,0.011381
Male,Left,17,3,23,0.48036,0.011381
Male,Left,17,3,23,0.89037,0.011381
Male,Left,17,3,23,1.3105,0.011381
Male,Left,18,2,20.5,0.2606,0.011381
Male,Left,18,2,20.5,0.60686,0.011381
Male,Left,18,2,20.5,0.40511,0.011381
Male,Left,18,2,20.5,0.50157,0.011381
Male,Left,18,2,20.5,0.69293,0.011381
Male,Left,18,2,20.5,0.63693,0.011381
Male,Left,18,2,20.5,1.0212,0.011381
Male,Left,18,2,20.5,0.20386,0.011381
Male,Left,18,2,20.5,0.23468,0.011381
Male,Left,18,2,20.5,0.40121,0.011381
Male,Left,18,3,20.6,0.66947,0.011381
Male,Left,18,3,20.6,1.0134,0.011381
Male,Left,18,3,20.6,0.48296,0.011381
Male,Left,18,3,20.6,0.54182,0.011381
Male,Left,18,3,20.6,0.6404,0.011381
Male,Left,18,3,20.6,1.2021,0.011381
Male,Left,18,3,20.6,0.51112,0.011381
Male,Left,18,3,20.6,0.7788,0.011381
Male,Left,18,3,20.6,0.41045,0.011381
Male,Left,18,3,20.6,0.55286,0.011381
Male,Left,18,3,20.6,0.94289,0.011381
Male,Left,18,1,20.6,0.26212,0.011381
Male,Left,18,1,20.6,0.44352,0.011381
Male,Left,18,1,20.6,0.46817,0.011381
Male,Left,18,1,20.6,0.48133,0.011381
Male,Left,18,1,20.6,0.95057,0.011381
Male,Left,18,1,20.6,0.42868,0.011381
Male,Left,18,1,20.6,0.30492,0.011381
Male,Left,18,1,20.6,0.78825,0.011381
Male,Left,18,1,20.6,0.55063,0.011381
Male,Left,18,1,20.6,1.1333,0.011381
Male,Left,18,1,20.6,0.59439,0.011381
Male,Left,18,1,20.6,0.37651,0.011381
Male,Left,18,1,20.6,0.74428,0.011381
Male,Left,18,1,20.6,0.27362,0.011381
Male,Left,32,2,24.7,0.83036,0.011381
Male,Left,32,2,24.7,0.7129,0.011381
Male,Left,32,2,24.7,0.6817,0.011381
Male,Left,32,2,24.7,0.58558,0.011381
Male,Left,32,2,24.7,0.51475,0.011381
Male,Left,32,2,24.7,0.9807,0.011381
Male,Left,32,2,24.7,0.41473,0.011381
Male,Left,32,2,24.7,1.3321,0.011381
Male,Left,32,2,24.7,0.78826,0.011381
Male,Left,32,2,24.7,0.87435,0.011381
Male,Left,32,1,24.7,0.43553,0.011381
Male,Left,32,1,24.7,0.35545,0.011381
Male,Left,32,1,24.7,0.63428,0.011381
Male,Left,32,1,24.7,0.37272,0.011381
Male,Left,32,1,24.7,0.56579,0.011381
Male,Left,32,1,24.7,0.5199,0.011381
Male,Left,32,1,24.7,0.44408,0.011381
Male,Left,32,1,24.7,0.55949,0.011381
Male,Left,32,1,24.7,0.38842,0.011381
Male,Left,32,1,24.7,0.60807,0.011381
Male,Left,32,3,24.7,1.3517,0.011381
Male,Left,32,3,24.7,0.86046,0.011381
Male,Left,32,3,24.7,1.2654,0.011381
Male,Left,32,3,24.7,0.9737,0.011381
Male,Left,32,3,24.7,1.1271,0.011381
Male,Left,32,3,24.7,1.0326,0.011381
Male,Left,32,3,24.7,1.3815,0.011381
Male,Left,32,3,24.7,1.042,0.011381
Male,Left,32,3,24.7,1.2267,0.011381
Male,Left,32,3,24.7,0.90465,0.011381
Male,Left,44,2,22.6,0.28654,0.011381
Male,Left,44,2,22.6,0.62782,0.011381
Male,Left,44,2,22.6,0.48703,0.011381
Male,Left,44,2,22.6,0.20908,0.011381
Male,Left,44,2,22.6,0.30076,0.011381
Male,Left,44,2,22.6,0.25195,0.011381
Male,Left,44,2,22.6,0.38611,0.011381
Male,Left,44,2,22.6,0.47165,0.011381
Male,Left,44,2,22.6,0.46016,0.011381
Male,Left,44,3,22.6,0.63943,0.011381
Male,Left,44,3,22.6,0.22753,0.011381
Male,Left,44,3,22.6,0.4768,0.011381
Male,Left,44,3,22.6,0.13802,0.011381
Male,Left,44,3,22.6,0.35342,0.011381
Male,Left,44,3,22.6,0.4368,0.011381
Male,Left,44,3,22.6,0.52867,0.011381
Male,Left,44,3,22.6,0.56492,0.011381
Male,Left,44,1,22.6,0.17831,0.011381
Male,Left,44,1,22.6,0.27154,0.011381
Male,Left,44,1,22.6,0.5112,0.011381
Male,Left,44,1,22.6,0.26794,0.011381
Male,Left,44,1,22.6,0.21789,0.011381
Male,Left,44,1,22.6,0.30405,0.011381
Male,Left,44,1,22.6,0.24391,0.011381
Male,Left,44,2,22.5,0.20863,0.011381
Male,Left,44,2,22.5,0.32348,0.011381
Male,Left,44,2,22.5,0.57387,0.011381
Male,Left,44,2,22.5,0.35425,0.011381
Male,Left,44,2,22.5,0.43782,0.011381
Male,Left,44,2,22.5,0.26874,0.011381
Male,Left,44,2,22.5,0.21093,0.011381
Male,Left,44,2,22.5,0.19454,0.011381
Male,Left,44,2,22.5,0.28926,0.011381
Male,Left,44,2,22.5,0.43217,0.011381
Male,Left,44,3,22.5,0.19675,0.011381
Male,Left,44,3,22.5,0.28698,0.011381
Male,Left,44,3,22.5,0.62062,0.011381
Male,Left,44,3,22.5,0.40749,0.011381
Male,Left,44,3,22.5,0.55268,0.011381
Male,Left,44,3,22.5,0.19551,0.011381
Male,Left,44,3,22.5,0.5505,0.011381
Male,Left,44,3,22.5,0.75806,0.011381
Male,Left,44,3,22.5,0.3632,0.011381
Male,Left,44,3,22.5,0.2801,0.011381
Male,Left,44,3,22.5,0.3362,0.011381
Male,Left,44,1,22.5,0.55324,0.011381
Male,Left,44,1,22.5,0.21555,0.011381
Male,Left,44,1,22.5,0.6669,0.011381
Male,Left,44,1,22.5,0.28419,0.011381
Male,Left,44,1,22.5,0.23597,0.011381
Male,Left,44,1,22.5,0.34247,0.011381
Male,Left,44,1,22.5,0.27155,0.011381
Male,Left,44,1,22.5,0.78851,0.011381
Male,Left,44,1,22.5,0.22139,0.011381
Male,Left,22,2,26.3,0.31307,0.011381
Male,Left,22,2,26.3,0.16074,0.011381
Male,Left,22,2,26.3,0.14644,0.011381
Male,Left,22,2,26.3,0.31737,0.011381
Male,Left,22,2,26.3,0.20295,0.011381
Male,Left,22,2,26.3,0.36007,0.011381
Male,Left,22,2,26.3,0.50675,0.011381
Male,Left,22,2,26.3,0.38172,0.011381
Male,Left,22,2,26.3,0.26107,0.011381
Male,Left,22,2,26.3,0.69056,0.011381
Male,Left,22,3,26.3,0.27501,0.011381
Male,Left,22,3,26.3,0.39062,0.011381
Male,Left,22,3,26.3,0.30458,0.011381
Male,Left,22,3,26.3,0.75406,0.011381
Male,Left,22,3,26.3,0.31252,0.011381
Male,Left,22,3,26.3,0.32377,0.011381
Male,Left,22,3,26.3,0.31102,0.011381
Male,Left,22,3,26.3,0.26791,0.011381
Male,Left,22,3,26.3,0.3699,0.011381
Male,Left,22,3,26.3,0.4109,0.011381
Male,Left,22,1,26.2,0.21221,0.011381
Male,Left,22,1,26.2,0.37466,0.011381
Male,Left,22,1,26.2,0.24954,0.011381
Male,Left,22,1,26.2,0.57743,0.011381
Male,Left,22,1,26.2,0.25338,0.011381
Male,Left,22,1,26.2,0.24148,0.011381
Male,Left,22,1,26.2,0.23706,0.011381
Male,Left,22,1,26.2,0.53915,0.011381
Male,Left,22,1,26.2,0.24506,0.011381
Male,Left,22,1,26.2,0.25469,0.011381
Male,Left,44,2,23.1,0.75299,0.011381
Male,Left,44,2,23.1,0.38387,0.011381
Male,Left,44,2,23.1,0.96746,0.011381
Male,Left,44,2,23.1,1.3163,0.011381
Male,Left,44,2,23.1,0.57368,0.011381
Male,Left,44,2,23.1,0.4818,0.011381
Male,Left,44,2,23.1,0.88687,0.011381
Male,Left,44,2,23.1,0.65359,0.011381
Male,Left,44,2,23.1,1.2059,0.011381
Male,Left,19,2,23.4,0.55798,0.011381
Male,Left,19,2,23.4,0.54736,0.011381
Male,Left,19,2,23.4,0.48039,0.011381
Male,Left,19,2,23.4,0.49699,0.011381
Male,Left,19,2,23.4,0.57985,0.011381
Male,Left,19,2,23.4,0.21708,0.011381
Male,Left,19,2,23.4,0.62879,0.011381
Male,Left,19,2,23.4,0.46007,0.011381
Male,Left,19,2,23.4,0.60559,0.011381
Male,Left,19,2,23.4,0.47368,0.011381
Male,Left,19,3,23.5,0.6167,0.011381
Male,Left,19,3,23.5,0.73514,0.011381
Male,Left,19,3,23.5,0.69167,0.011381
Male,Left,19,3,23.5,0.49853,0.011381
Male,Left,19,3,23.5,0.39714,0.011381
Male,Left,19,3,23.5,0.71837,0.011381
Male,Left,19,3,23.5,0.42373,0.011381
Male,Left,19,3,23.5,0.53413,0.011381
Male,Left,19,3,23.5,0.49774,0.011381
Male,Left,19,1,23.5,0.29551,0.011381
Male,Left,19,1,23.5,0.19538,0.011381
Male,Left,19,1,23.5,0.29776,0.011381
Male,Left,19,1,23.5,0.36706,0.011381
Male,Left,19,1,23.5,0.37125,0.011381
Male,Left,19,1,23.5,0.29958,0.011381
Male,Left,19,1,23.5,0.36849,0.011381
Male,Left,19,1,23.5,0.4475,0.011381
Male,Left,19,1,23.5,0.4306,0.011381
Male,Left,19,1,23.5,0.35963,0.011381
Male,Left,48,2,26.8,0.37654,0.011381
Male,Left,48,2,26.8,0.43013,0.011381
Male,Left,48,2,26.8,0.76844,0.011381
Male,Left,48,2,26.8,0.51267,0.011381
Male,Left,48,2,26.8,0.84545,0.011381
Male,Left,48,2,26.8,0.69096,0.011381
Male,Left,48,2,26.8,0.99164,0.011381
Male,Left,48,2,26.8,0.9347,0.011381
Male,Left,48,2,26.8,0.64842,0.011381
Male,Left,48,3,26.8,0.54822,0.011381
Male,Left,48,3,26.8,0.67118,0.011381
Male,Left,48,3,26.8,0.66342,0.011381
Male,Left,48,3,26.8,0.68073,0.011381
Male,Left,48,3,26.8,0.59128,0.011381
Male,Left,48,3,26.8,0.55358,0.011381
Male,Left,48,3,26.8,0.42276,0.011381
Male,Left,48,3,26.8,0.92665,0.011381
Male,Left,48,3,26.8,0.67454,0.011381
Male,Left,48,3,26.8,1.3861,0.011381
Male,Left,48,1,26.8,0.39558,0.011381
Male,Left,48,1,26.8,0.51356,0.011381
Male,Left,48,1,26.8,0.42853,0.011381
Male,Left,48,1,26.8,0.74549,0.011381
Male,Left,48,1,26.8,0.44299,0.011381
Male,Left,48,1,26.8,0.33675,0.011381
Male,Left,48,1,26.8,0.40833,0.011381
Male,Left,48,2,26.7,1.6658,0.011381
Male,Left,48,2,26.7,1.0278,0.011381
Male,Left,48,2,26.7,0.10392,0.011381
Male,Left,48,2,26.7,0.47055,0.011381
Male,Left,48,2,26.7,0.77608,0.011381
Male,Left,48,2,26.7,1.3328,0.011381
Male,Left,48,2,26.7,1.9411,0.011381
Male,Left,48,2,26.7,0.20724,0.011381
Male,Left,48,2,26.7,0.35643,0.011381
Male,Left,48,3,26.7,0.89767,0.011381
Male,Left,48,3,26.7,0.57501,0.011381
Male,Left,48,3,26.7,1.3319,0.011381
Male,Left,48,3,26.7,0.31667,0.011381
Male,Left,48,3,26.7,1.3421,0.011381
Male,Left,48,3,26.7,0.29437,0.011381
Male,Left,48,3,26.7,2.0195,0.011381
Male,Left,48,3,26.7,3.0179,0.011381
Male,Left,48,3,26.7,0.98341,0.011381
Male,Left,48,3,26.7,0.5636,0.011381
Male,Left,48,1,26.7,0.23477,0.011381
Male,Left,48,1,26.7,0.24627,0.011381
Male,Left,48,1,26.7,0.2839,0.011381
Male,Left,48,1,26.7,0.20244,0.011381
Male,Left,48,1,26.7,0.28772,0.011381
Male,Left,48,1,26.7,0.14037,0.011381
Male,Left,48,1,26.7,0.374,0.011381
Male,Left,48,1,26.7,0.39218,0.011381
Male,Left,66,2,32.4,0.43392,0.011381
Male,Left,66,2,32.4,0.41597,0.011381
Male,Left,66,2,32.4,0.85622,0.011381
Male,Left,66,2,32.4,0.33446,0.011381
Male,Left,66,2,32.4,0.79541,0.011381
Male,Left,66,2,32.4,0.43055,0.011381
Male,Left,66,2,32.4,0.58369,0.011381
Male,Left,66,2,32.4,0.33459,0.011381
Male,Left,66,2,32.4,0.6983,0.011381
Male,Left,66,3,32.5,0.72577,0.011381
Male,Left,66,3,32.5,0.26944,0.011381
Male,Left,66,3,32.5,0.22986,0.011381
Male,Left,66,3,32.5,0.37956,0.011381
Male,Left,66,3,32.5,0.71359,0.011381
Male,Left,66,3,32.5,0.33119,0.011381
Male,Left,66,3,32.5,0.51559,0.011381
Male,Left,66,3,32.5,0.22494,0.011381
Male,Left,66,3,32.5,0.70031,0.011381
Male,Left,66,3,32.5,0.42816,0.011381
Male,Left,66,1,32.4,0.97495,0.011381
Male,Left,66,1,32.4,0.52587,0.011381
Male,Left,66,1,32.4,1.2137,0.011381
Male,Left,66,1,32.4,0.92842,0.011381
Male,Left,66,1,32.4,1.9389,0.011381
Male,Left,66,1,32.4,1.2188,0.011381
Male,Left,66,1,32.4,1.5171,0.011381
Male,Left,66,1,32.4,0.73281,0.011381
Male,Left,66,1,32.4,1.127,0.011381
Male,Left,66,1,32.4,1.1399,0.011381
Male,Left,25,1,25,0.69686,0.011381
Male,Left,25,1,25,0.43332,0.011381
Male,Left,25,1,25,0.69169,0.011381
Male,Left,25,1,25,0.71739,0.011381
Male,Left,25,1,25,0.46371,0.011381
Male,Left,25,1,25,0.86214,0.011381
Male,Left,25,1,25,0.40598,0.011381
Male,Left,25,1,25,0.57306,0.011381
Male,Left,25,1,25,0.95207,0.011381
Male,Left,25,1,25,1.0211,0.011381
Male,Left,25,3,25,0.36717,0.011381
Male,Left,25,3,25,0.46302,0.011381
Male,Left,25,3,25,0.38684,0.011381
Male,Left,25,3,25,0.49203,0.011381
Male,Left,25,3,25,0.39607,0.011381
Male,Left,25,3,25,0.7398,0.011381
Male,Left,25,3,25,1.0704,0.011381
Male,Left,25,3,25,1.1153,0.011381
Male,Left,25,3,25,0.69342,0.011381
Male,Left,25,3,25,0.27998,0.011381
Male,Left,25,3,25,0.25738,0.011381
Male,Left,25,2,25,0.54242,0.011381
Male,Left,25,2,25,0.78746,0.011381
Male,Left,25,2,25,0.3961,0.011381
Male,Left,25,2,25,0.60491,0.011381
Male,Left,25,2,25,0.40289,0.011381
Male,Left,25,2,25,0.50792,0.011381
Male,Left,25,2,25,0.59254,0.011381
Male,Left,25,2,25,0.34182,0.011381
Male,Left,25,2,25,0.81226,0.011381
Male,Left,25,2,25,0.59966,0.011381
Male,Left,25,2,25,0.83053,0.011381
Male,Left,25,2,25,0.6148,0.011381
Male,Left,25,2,25,0.44584,0.011381
Male,Left,24,3,23.5,0.47917,0.011381
Male,Left,24,3,23.5,0.41502,0.011381
Male,Left,24,3,23.5,0.45829,0.011381
Male,Left,24,3,23.5,0.33124,0.011381
Male,Left,24,3,23.5,0.22627,0.011381
Male,Left,24,3,23.5,0.41682,0.011381
Male,Left,24,3,23.5,0.4342,0.011381
Male,Left,24,3,23.5,0.19435,0.011381
Male,Left,24,3,23.5,0.69088,0.011381
Male,Left,24,3,23.5,0.18064,0.011381
Male,Left,24,1,23.5,0.30632,0.011381
Male,Left,24,1,23.5,0.34741,0.011381
Male,Left,24,1,23.5,0.32636,0.011381
Male,Left,24,1,23.5,0.35056,0.011381
Male,Left,24,1,23.5,0.4063,0.011381
Male,Left,24,1,23.5,0.29459,0.011381
Male,Left,24,1,23.5,0.4151,0.011381
Male,Left,24,1,23.5,0.24887,0.011381
Male,Left,24,1,23.5,0.32295,0.011381
Male,Left,24,1,23.5,0.45218,0.011381
Male,Left,24,1,23.5,0.20701,0.011381
Male,Left,24,1,23.5,0.25442,0.011381
Male,Left,24,2,23.5,0.49842,0.011381
Male,Left,24,2,23.5,0.45435,0.011381
Male,Left,24,2,23.5,0.50645,0.011381
Male,Left,24,2,23.5,0.368,0.011381
Male,Left,24,2,23.5,0.37143,0.011381
Male,Left,24,2,23.5,0.32836,0.011381
Male,Left,24,2,23.5,0.3909,0.011381
Male,Left,24,2,23.5,0.68733,0.011381
Male,Left,24,2,23.5,0.2294,0.011381
Male,Left,17,2,23.3,0.62345,0.011381
Male,Left,17,2,23.3,0.88841,0.011381
Male,Left,17,2,23.3,1.1033,0.011381
Male,Left,17,2,23.3,1.1193,0.011381
Male,Left,17,2,23.3,0.88563,0.011381
Male,Left,17,2,23.3,1.2486,0.011381
Male,Left,17,2,23.3,1.0893,0.011381
Male,Left,17,2,23.3,0.98631,0.011381
Male,Left,17,2,23.3,0.71919,0.011381
Male,Left,17,2,23.3,1.3316,0.011381
Male,Left,17,1,23.4,0.77934,0.011381
Male,Left,17,1,23.4,0.67561,0.011381
Male,Left,17,1,23.4,1.0057,0.011381
Male,Left,17,1,23.4,0.74925,0.011381
Male,Left,17,1,23.4,0.87022,0.011381
Male,Left,17,1,23.4,0.83187,0.011381
Male,Left,17,1,23.4,1.0863,0.011381
Male,Left,17,1,23.4,0.553,0.011381
Male,Left,17,1,23.4,0.96129,0.011381
Male,Left,17,1,23.4,0.7978,0.011381
Male,Left,17,3,23.3,0.94715,0.011381
Male,Left,17,3,23.3,0.96716,0.011381
Male,Left,17,3,23.3,1.3407,0.011381
Male,Left,17,3,23.3,0.99746,0.011381
Male,Left,17,3,23.3,0.90632,0.011381
Male,Left,17,3,23.3,0.90605,0.011381
Male,Left,17,3,23.3,1.1909,0.011381
Male,Left,17,3,23.3,1.1991,0.011381
Male,Left,17,3,23.3,0.87675,0.011381
Male,Left,17,3,23.3,1.1329,0.011381
