Male,Left,2,22.1,0.0376345388909187,13.385461369788496,16.221611738204956
Male,Left,2,22.1,0.0376506904309639,5.7223360385111715,16.221611738204956
Male,Left,2,22.1,0.0376620214978335,10.50013497224652,16.221611738204956
Male,Left,2,22.1,0.0376433666098809,5.236239865104936,16.221611738204956
Male,Left,2,22.1,0.0376382125425933,4.149973740831794,16.221611738204956
Male,Left,2,22.1,0.0376511077290015,7.615864504994833,16.221611738204956
Male,Left,2,22.1,0.0376470906346348,5.362597960749071,16.221611738204956
Male,Left,2,22.1,0.0376417479020596,10.946228160623619,16.221611738204956
Male,Left,1,22.1,0.0376386734925931,1.5409723370458412,16.221611738204956
Male,Left,1,22.1,0.0376374746328237,1.3126420773882492,16.221611738204956
Male,Left,1,22.1,0.0376413986845529,1.9782219004841437,16.221611738204956
Male,Left,1,22.1,0.0376333335126699,1.8404688463662335,16.221611738204956
Male,Left,1,22.1,0.0376410593481014,1.5824508648224294,16.221611738204956
Male,Left,1,22.1,0.0376382564966335,1.8045903666909355,16.221611738204956
Male,Left,1,22.1,0.0376320751707444,1.9195986854015716,16.221611738204956
Male,Left,1,22.1,0.037642357703605,1.826806625317446,16.221611738204956
Male,Left,3,22.1,0.0375989781089064,12.063779821476203,16.221611738204956
Male,Left,3,22.1,0.0376058368719846,10.239947812443583,16.221611738204956
Male,Left,3,22.1,0.037596159268665,9.381448881892128,16.221611738204956
Male,Left,3,22.1,0.0376107921752538,10.481473248744315,16.221611738204956
Male,Left,3,22.1,0.0376069564586207,8.652895973256229,16.221611738204956
Male,Left,3,22.1,0.037597043679084,10.514100062789245,16.221611738204956
Male,Left,2,25.7,0.0320406776860779,2.1366369468863997,16.221611738204956
Male,Left,2,25.7,0.0320419845948671,1.6540043618458105,16.221611738204956
Male,Left,2,25.7,0.0320425067624435,3.2042535006217694,16.221611738204956
Male,Left,2,25.7,0.0320448003296011,2.292592479366906,16.221611738204956
Male,Left,2,25.7,0.0320463529897946,2.9995996063394106,16.221611738204956
Male,Left,2,25.7,0.0320451700223736,3.6263681575261404,16.221611738204956
Male,Left,2,25.7,0.0320488189047154,1.9646873277532735,16.221611738204956
Male,Left,2,25.7,0.032047569097113,2.6927402575170074,16.221611738204956
Male,Left,2,25.7,0.0320397415327226,3.818228832738571,16.221611738204956
Male,Left,2,25.7,0.0320479261410582,3.2570902056836846,16.221611738204956
Male,Left,2,25.7,0.032043811383976,2.577668097629654,16.221611738204956
Male,Left,2,25.7,0.0320409905136097,2.5956959456496467,16.221611738204956
Male,Left,3,25.7,0.0320664180942494,11.069797626578817,16.221611738204956
Male,Left,3,25.7,0.0320685103940216,8.919174467541055,16.221611738204956
Male,Left,3,25.7,0.032079851714695,8.794518283979158,16.221611738204956
Male,Left,3,25.7,0.03206608497267,10.081524956108503,16.221611738204956
Male,Left,3,25.7,0.0320679444180881,8.149696741778293,16.221611738204956
Male,Left,3,25.7,0.0320642509963473,7.527247754303626,16.221611738204956
Male,Left,3,25.7,0.0320810325525855,10.057210409406997,16.221611738204956
Male,Left,3,25.7,0.0320693471064818,9.11079424732152,16.221611738204956
Male,Left,3,25.7,0.0320750541107001,8.844306589093044,16.221611738204956
Male,Left,3,25.7,0.0320658999571584,8.294245877216442,16.221611738204956
Male,Left,3,25.7,0.032063786545152,11.336528308900096,16.221611738204956
Male,Left,3,25.7,0.0320713804370393,10.784406423498156,16.221611738204956
Male,Left,1,25.7,0.0320427909449563,5.496330713828417,16.221611738204956
Male,Left,1,25.7,0.0320404174555598,5.3167314607007015,16.221611738204956
Male,Left,1,25.7,0.03203227108576,6.337184174243254,16.221611738204956
Male,Left,1,25.7,0.0320347103280133,6.364794339642988,16.221611738204956
Male,Left,1,25.7,0.0320362681757416,5.805082270056155,16.221611738204956
Male,Left,1,24.5,0.0300228647495996,7.096362918493237,16.221611738204956
Male,Left,1,24.5,0.0300272643073259,6.518444000076053,16.221611738204956
Male,Left,1,24.5,0.0300237454812767,6.427700477128097,16.221611738204956
Male,Left,1,24.5,0.0300322124795414,6.96541506619558,16.221611738204956
Male,Left,1,24.5,0.0300268743603696,6.907273445408347,16.221611738204956
Male,Left,1,24.5,0.0300241172907671,6.812251696218459,16.221611738204956
Male,Left,1,24.5,0.0300246137538493,7.013487606889463,16.221611738204956
Male,Left,1,24.5,0.0300281673621939,6.647375190937302,16.221611738204956
Male,Left,1,24.5,0.0300202586670136,7.050847774115613,16.221611738204956
Male,Left,3,24.4,0.0302683489211754,12.016536826813576,16.221611738204956
Male,Left,3,24.4,0.0302724739663419,12.812849858209079,16.221611738204956
Male,Left,3,24.4,0.0302635145650082,6.454395046929039,16.221611738204956
Male,Left,3,24.4,0.0302712196176388,8.665854864408377,16.221611738204956
Male,Left,3,24.4,0.0302532153935399,9.24308091378174,16.221611738204956
Male,Left,3,24.4,0.030256478209281,6.0519037651759175,16.221611738204956
Male,Left,3,24.4,0.0302582857963862,8.44579408629013,16.221611738204956
Male,Left,3,24.4,0.0302542507393982,9.62984025211715,16.221611738204956
Male,Left,3,24.4,0.030278179306823,11.204878974754159,16.221611738204956
Male,Left,3,24.4,0.0302695035051533,9.889629179364794,16.221611738204956
Male,Left,3,24.4,0.0302812665925008,11.544377842297795,16.221611738204956
Male,Left,3,24.4,0.0302705373382825,9.912982010865225,16.221611738204956
Male,Left,2,24.6,0.0300099643863032,1.9633555448087316,16.221611738204956
Male,Left,2,24.6,0.0300128381230294,2.1367002661717334,16.221611738204956
Male,Left,2,24.6,0.0300026316276011,1.5363087304596412,16.221611738204956
Male,Left,2,24.6,0.0300115128500234,1.3845306232774108,16.221611738204956
Male,Left,2,24.6,0.0300071942642988,1.9096817463184963,16.221611738204956
Male,Left,2,24.6,0.0300178105778153,1.841184632108217,16.221611738204956
Male,Left,2,24.6,0.0300042485820846,2.2946976158642465,16.221611738204956
Male,Left,2,24.6,0.0300082626581047,1.823350476909475,16.221611738204956
Male,Left,2,24.6,0.0300011773936404,1.5461871396396332,16.221611738204956
Male,Left,2,24.6,0.0300074166319953,1.630025600972349,16.221611738204956
Male,Left,2,24.6,0.0300039370716672,1.3299780617981003,16.221611738204956
Male,Left,2,22.4,0.0343162930003962,2.84929421570857,16.221611738204956
Male,Left,2,22.4,0.0343054486094303,2.1131007971723745,16.221611738204956
Male,Left,2,22.4,0.0343209987053801,2.427643776833533,16.221611738204956
Male,Left,2,22.4,0.0343249508440039,2.8812345831598964,16.221611738204956
Male,Left,2,22.4,0.0343069470856799,2.4257000442588112,16.221611738204956
Male,Left,2,22.4,0.0343142676824966,2.569018476197615,16.221611738204956
Male,Left,2,22.4,0.0343094030542325,2.5366228200523695,16.221611738204956
Male,Left,2,22.4,0.0343178479855722,2.9096188205147877,16.221611738204956
Male,Left,2,22.4,0.0343080226429834,1.7353931706170962,16.221611738204956
Male,Left,2,22.4,0.0343142446202328,2.445581180293333,16.221611738204956
Male,Left,2,22.4,0.0343224509241801,2.0830668683658278,16.221611738204956
Male,Left,1,22.4,0.0342957719185731,1.7778737595667762,16.221611738204956
Male,Left,1,22.4,0.0343000642624092,1.5086764907810952,16.221611738204956
Male,Left,1,22.4,0.0342944264406725,1.8662840143379764,16.221611738204956
Male,Left,1,22.4,0.0343072446462866,2.5457317769548777,16.221611738204956
Male,Left,1,22.4,0.0343100800468124,1.585118189625837,16.221611738204956
Male,Left,1,22.4,0.0343061249319684,2.2616209070493696,16.221611738204956
Male,Left,1,22.4,0.034301645045266,1.85541575876992,16.221611738204956
Male,Left,1,22.4,0.034305032277072,2.519644151368756,16.221611738204956
Male,Left,1,22.4,0.0343056444466062,2.5309121439666904,16.221611738204956
Male,Left,1,22.4,0.0343004059240354,1.68878623484044,16.221611738204956
Male,Left,3,22.4,0.0343016629805599,3.781774679136115,16.221611738204956
Male,Left,3,22.4,0.0343133833685781,2.2611073751236903,16.221611738204956
Male,Left,3,22.4,0.0343157651517962,2.213177333122634,16.221611738204956
Male,Left,3,22.4,0.0342945596850976,3.3169155227621494,16.221611738204956
Male,Left,3,22.4,0.0343248432581187,4.896265447498786,16.221611738204956
Male,Left,3,22.4,0.0343181407351885,3.573049301484111,16.221611738204956
Male,Left,3,22.4,0.0343198312262721,4.0500464676269825,16.221611738204956
Male,Left,3,22.4,0.0343198884998109,3.320512039905138,16.221611738204956
Male,Left,3,22.4,0.0343033116370786,3.4491681408800576,16.221611738204956
Male,Left,3,22.4,0.0343089560964627,4.21886916109034,16.221611738204956
Male,Left,3,22.4,0.0342965656567695,2.619842863001772,16.221611738204956
Male,Left,1,25.7,0.0283148746376144,2.6244925754481194,16.221611738204956
Male,Left,1,25.7,0.0283071571233711,2.9999367286704564,16.221611738204956
Male,Left,1,25.7,0.0283137039503471,2.082650235809186,16.221611738204956
Male,Left,1,25.7,0.0283125626466956,2.0426958626027525,16.221611738204956
Male,Left,1,25.7,0.0283079330223372,1.770615442498986,16.221611738204956
Male,Left,1,25.7,0.028310657908522,3.173016486051775,16.221611738204956
Male,Left,1,25.7,0.0283104698365717,2.2924029490532214,16.221611738204956
Male,Left,1,25.7,0.0283163795235064,2.0711058511590377,16.221611738204956
Male,Left,1,25.7,0.0283128145847058,2.236036220236382,16.221611738204956
Male,Left,1,25.7,0.0283107124529819,1.9141568597471441,16.221611738204956
Male,Left,1,25.7,0.0283177202373955,2.1315436493683575,16.221611738204956
Male,Left,1,25.7,0.028318674940245,2.2039563391521044,16.221611738204956
Male,Left,1,25.7,0.0283174593687561,2.7881295795931846,16.221611738204956
Male,Left,3,25.8,0.0283007849080143,8.002240433180296,16.221611738204956
Male,Left,3,25.8,0.0282973274671545,7.878894316176695,16.221611738204956
Male,Left,3,25.8,0.0283073645622163,8.74674762174393,16.221611738204956
Male,Left,3,25.8,0.028307507103132,8.847624616637793,16.221611738204956
Male,Left,3,25.8,0.028295813602634,8.253204019065416,16.221611738204956
Male,Left,3,25.8,0.0282979001442772,8.3690303050567,16.221611738204956
Male,Left,3,25.8,0.0283105261749663,6.67896250363658,16.221611738204956
Male,Left,3,25.8,0.0282935709845302,7.518151228662988,16.221611738204956
Male,Left,2,25.8,0.0282795818300365,2.7329828332921138,16.221611738204956
Male,Left,2,25.8,0.0282766366842578,2.025374363842234,16.221611738204956
Male,Left,2,25.8,0.0282772485578782,3.14773665395966,16.221611738204956
Male,Left,2,25.8,0.0282744814766028,2.1684571646635336,16.221611738204956
Male,Left,2,25.8,0.0282786900450578,6.363063550103038,16.221611738204956
Male,Left,2,25.8,0.0282850911254542,3.4061319417294356,16.221611738204956
Male,Left,2,25.8,0.0282868665848655,2.885668440195189,16.221611738204956
Male,Left,2,25.8,0.0282871224344605,4.984100583861998,16.221611738204956
Male,Left,2,25.8,0.0282844977755141,3.937076463667502,16.221611738204956
Male,Left,2,25.8,0.0282814287081839,4.72643775231704,16.221611738204956
Male,Left,2,25.8,0.0282794007386016,4.124244500851993,16.221611738204956
Male,Left,2,20.5,0.036669800738172,1.888865298129128,16.221611738204956
Male,Left,2,20.5,0.0366871147027087,2.746178875156938,16.221611738204956
Male,Left,2,20.5,0.0366760864330997,1.905210712534158,16.221611738204956
Male,Left,2,20.5,0.0366830231208908,2.587187436521209,16.221611738204956
Male,Left,2,20.5,0.0366869075145166,1.9926873569832135,16.221611738204956
Male,Left,2,20.5,0.0366736791401602,2.407449101545191,16.221611738204956
Male,Left,2,20.5,0.0366730392708342,2.1976129082284253,16.221611738204956
Male,Left,2,20.5,0.0366779180320505,2.1241452200519055,16.221611738204956
Male,Left,2,20.5,0.0366772031820374,1.9024272995882296,16.221611738204956
Male,Left,2,20.5,0.0366796814681366,2.0606641888727744,16.221611738204956
Male,Left,3,20.6,0.0366379807921856,3.5387380586782777,16.221611738204956
Male,Left,3,20.6,0.0366375647442903,5.1793128008381615,16.221611738204956
Male,Left,3,20.6,0.0366561826990694,4.347152975995449,16.221611738204956
Male,Left,3,20.6,0.0366561912732867,6.04194165190717,16.221611738204956
Male,Left,3,20.6,0.0366437267146087,8.849203804950955,16.221611738204956
Male,Left,3,20.6,0.0366319420885808,7.018572692569774,16.221611738204956
Male,Left,3,20.6,0.0366338303823165,3.4535558365715007,16.221611738204956
Male,Left,3,20.6,0.0366482358050126,6.093263723527464,16.221611738204956
Male,Left,3,20.6,0.0366340580463405,6.201302450612543,16.221611738204956
Male,Left,3,20.6,0.0366439107386531,5.27352843694548,16.221611738204956
Male,Left,3,20.6,0.0366434324818479,6.135667138107152,16.221611738204956
Male,Left,1,20.6,0.0365935158812905,1.938295137971975,16.221611738204956
Male,Left,1,20.6,0.0365883652879563,2.4242508745756592,16.221611738204956
Male,Left,1,20.6,0.0366116957626584,2.83045845790968,16.221611738204956
Male,Left,1,20.6,0.0365947181959097,1.3559022110985772,16.221611738204956
Male,Left,1,20.6,0.0366015902120484,1.9888378717239288,16.221611738204956
Male,Left,1,20.6,0.0365992404228893,1.8614869027364618,16.221611738204956
Male,Left,1,20.6,0.0365878566547393,2.667367507175884,16.221611738204956
Male,Left,1,20.6,0.0365891521212202,2.016763387830698,16.221611738204956
Male,Left,1,20.6,0.0366013283451744,2.633365020636674,16.221611738204956
Male,Left,1,20.6,0.036603864328262,1.7876113016307558,16.221611738204956
Male,Left,1,20.6,0.0365894379052731,1.5844967371039775,16.221611738204956
Male,Left,1,20.6,0.0366032836946153,2.1143112544327995,16.221611738204956
Male,Left,1,20.6,0.0365944511686693,1.6316358377768185,16.221611738204956
Male,Left,1,20.6,0.0365876312487745,2.20158582823988,16.221611738204956
Male,Left,2,30.6,0.0268705850418659,3.772449179853728,16.221611738204956
Male,Left,2,30.6,0.0268672270035587,3.232220037303315,16.221611738204956
Male,Left,2,30.6,0.0268610970774874,3.7356815173410003,16.221611738204956
Male,Left,2,30.6,0.0268641194171108,3.6586441955925153,16.221611738204956
Male,Left,2,30.6,0.0268637491867011,3.8018602339370466,16.221611738204956
Male,Left,2,30.6,0.0268598216235977,3.624165468545585,16.221611738204956
Male,Left,2,30.6,0.026868590757968,4.3848119764352695,16.221611738204956
Male,Left,2,30.6,0.0268590698336241,3.9682731952446297,16.221611738204956
Male,Left,2,30.6,0.0268592337470873,3.817803333653403,16.221611738204956
Male,Left,2,30.6,0.0268653355479465,3.9448572550090426,16.221611738204956
Male,Left,1,30.6,0.0268611808557316,3.6068932640218514,16.221611738204956
Male,Left,1,30.6,0.0268660776107129,4.740971045173477,16.221611738204956
Male,Left,1,30.6,0.0268698311195891,3.8139168877996314,16.221611738204956
Male,Left,1,30.6,0.0268579217969224,5.2208568467416345,16.221611738204956
Male,Left,1,30.6,0.0268627724052319,6.569652134394123,16.221611738204956
Male,Left,1,30.6,0.0268624425752873,3.535363612906607,16.221611738204956
Male,Left,1,30.6,0.0268615719390568,4.59271814747059,16.221611738204956
Male,Left,1,30.6,0.0268611301362635,5.620991471502992,16.221611738204956
Male,Left,1,30.6,0.026866671991987,4.977498246518227,16.221611738204956
Male,Left,1,30.6,0.0268669594151867,4.125214269806746,16.221611738204956
Male,Left,1,30.6,0.0268684025672291,4.456097885086346,16.221611738204956
Male,Left,1,30.6,0.0268646304570022,3.5730537599222876,16.221611738204956
Male,Left,1,30.6,0.0268592620144952,5.001075684354335,16.221611738204956
Male,Left,3,30.6,0.0268747761484399,9.238548044511722,16.221611738204956
Male,Left,3,30.6,0.0268768911271408,7.792939799537686,16.221611738204956
Male,Left,3,30.6,0.0268643009216114,7.815594943161988,16.221611738204956
Male,Left,3,30.6,0.0268647955286773,6.559073017113608,16.221611738204956
Male,Left,3,30.6,0.0268647930768253,6.154550206088961,16.221611738204956
Male,Left,3,30.6,0.0268656957318737,5.568777520145907,16.221611738204956
Male,Left,3,30.6,0.0268746367505517,10.73930906825731,16.221611738204956
Male,Left,3,30.6,0.0268790437848199,11.057520964944421,16.221611738204956
Male,Left,3,30.6,0.0268773725546908,10.841648406661433,16.221611738204956
Male,Left,3,30.6,0.0268785702289803,11.096937347131911,16.221611738204956
Male,Left,3,30.6,0.0268659814763755,9.698010419904575,16.221611738204956
Male,Left,3,30.6,0.0268733776435714,8.571475353122786,16.221611738204956
Male,Left,2,25.6,0.0300719311631117,5.7748901147620755,16.221611738204956
Male,Left,2,25.6,0.0300677662241726,3.4319760167313698,16.221611738204956
Male,Left,2,25.6,0.0300749135266556,6.010760144828618,16.221611738204956
Male,Left,2,25.6,0.0300755460189307,4.108442790254228,16.221611738204956
Male,Left,2,25.6,0.0300674298382633,4.297583862854794,16.221611738204956
Male,Left,2,25.6,0.0300684945101814,3.056008102202139,16.221611738204956
Male,Left,2,25.6,0.030072330082454,4.908927060322934,16.221611738204956
Male,Left,2,25.6,0.0300765411654738,4.645950443987549,16.221611738204956
Male,Left,2,25.6,0.0300780054723811,4.855860645682844,16.221611738204956
Male,Left,3,25.6,0.0301076864677046,11.00659965521625,16.221611738204956
Male,Left,3,25.6,0.0301061388594144,15.027875150285821,16.221611738204956
Male,Left,3,25.6,0.0300950189232518,11.383954161628097,16.221611738204956
Male,Left,3,25.6,0.0300921885262582,11.23254841799353,16.221611738204956
Male,Left,3,25.6,0.0300967829163342,10.32992915559508,16.221611738204956
Male,Left,3,25.6,0.0300963130474716,13.84566945778948,16.221611738204956
Male,Left,3,25.6,0.0301078741499423,12.371583429660538,16.221611738204956
Male,Left,3,25.6,0.0301009802769323,10.372419725473987,16.221611738204956
Male,Left,3,25.6,0.0301133383570152,13.919813215751317,16.221611738204956
Male,Left,3,25.6,0.0301017042120784,12.81907737955813,16.221611738204956
Male,Left,3,25.6,0.0301002354820072,11.574038075704138,16.221611738204956
Male,Left,3,25.6,0.0301067219894295,12.855933315460321,16.221611738204956
Male,Left,1,25.5,0.0301221977567617,2.970509769891685,16.221611738204956
Male,Left,1,25.5,0.0301145477158217,2.0025765615234765,16.221611738204956
Male,Left,1,25.5,0.0301145364931612,4.913619899119447,16.221611738204956
Male,Left,1,25.5,0.0301179775703187,3.9014705939533414,16.221611738204956
Male,Left,1,25.5,0.030112606939961,3.362762017437839,16.221611738204956
Male,Left,1,25.5,0.0301150095809184,3.1766064502350617,16.221611738204956
Male,Left,1,25.5,0.0301198770102287,2.4658732982452722,16.221611738204956
Male,Left,1,25.5,0.0301179001935383,2.0646808869741045,16.221611738204956
Male,Left,1,25.5,0.0301161349871982,4.469830053428175,16.221611738204956
Male,Left,1,25.5,0.0301156898326046,2.8233063867336643,16.221611738204956
Male,Left,1,25.5,0.0301115842244069,2.3258850637314175,16.221611738204956
Male,Left,2,25.1,0.0313627594817742,1.6239769107743598,16.221611738204956
Male,Left,2,25.1,0.031360764705256,1.4660263904947288,16.221611738204956
Male,Left,2,25.1,0.031352874948552,2.0752037057334154,16.221611738204956
Male,Left,2,25.1,0.0313592314232039,1.923883251828451,16.221611738204956
Male,Left,2,25.1,0.0313599329545353,1.8763121898421349,16.221611738204956
Male,Left,2,25.1,0.0313536294581869,1.5872402144576616,16.221611738204956
Male,Left,2,25.1,0.0313558929521261,1.6292768228995218,16.221611738204956
Male,Left,2,25.1,0.0313556004081028,1.5573651533444637,16.221611738204956
Male,Left,3,25.1,0.0313290775386129,4.8507708796038065,16.221611738204956
Male,Left,3,25.1,0.0313397244039795,5.433872110155883,16.221611738204956
Male,Left,3,25.1,0.0313298088003192,6.039870349337805,16.221611738204956
Male,Left,3,25.1,0.0313391484316631,5.965502242826771,16.221611738204956
Male,Left,3,25.1,0.0313328382759565,3.7151587632318117,16.221611738204956
Male,Left,3,25.1,0.0313466934855088,5.368716834413236,16.221611738204956
Male,Left,3,25.1,0.0313361803556606,4.435341009036925,16.221611738204956
Male,Left,3,25.1,0.0313334479833581,4.67773915439126,16.221611738204956
Male,Left,3,25.1,0.0313482314687356,4.353599825677604,16.221611738204956
Male,Left,1,24.9,0.0315319353906321,1.6571433518463605,16.221611738204956
Male,Left,1,24.9,0.0315299591361783,2.208731068562376,16.221611738204956
Male,Left,1,24.9,0.0315322881792144,2.9604670017051595,16.221611738204956
Male,Left,1,24.9,0.0315296232372822,1.5913690184030702,16.221611738204956
Male,Left,1,24.9,0.0315390271992093,2.942132162254249,16.221611738204956
Male,Left,1,24.9,0.0315398948919303,1.8966263019755925,16.221611738204956
Male,Left,1,24.9,0.0315263092535537,2.455757499933972,16.221611738204956
Male,Left,1,24.9,0.0315354863476058,2.5966285092064814,16.221611738204956
Male,Left,2,27.6,0.0308780516312003,2.3865444158533284,16.221611738204956
Male,Left,2,27.6,0.0308765889241371,2.4088817235508104,16.221611738204956
Male,Left,2,27.6,0.0308711283138372,2.766303305201064,16.221611738204956
Male,Left,2,27.6,0.0308672636704309,2.239396805509909,16.221611738204956
Male,Left,2,27.6,0.0308710956226174,1.978495466512629,16.221611738204956
Male,Left,2,27.6,0.0308673639078549,1.9116140900161127,16.221611738204956
Male,Left,2,27.6,0.030866372001324,2.1832183022132656,16.221611738204956
Male,Left,2,27.6,0.0308741903135478,2.4699312260032156,16.221611738204956
Male,Left,2,27.6,0.030874330583225,2.096032413781624,16.221611738204956
Male,Left,2,27.6,0.0308628766301661,2.131761933993914,16.221611738204956
Male,Left,2,27.6,0.030866396643883,2.2248495676701863,16.221611738204956
Male,Left,2,27.6,0.0308670084011009,2.128620024322923,16.221611738204956
Male,Left,1,27.6,0.0308688637780139,2.87170125431644,16.221611738204956
Male,Left,1,27.6,0.0308738127782606,2.869893643206274,16.221611738204956
Male,Left,1,27.6,0.030872507826843,3.908945823389801,16.221611738204956
Male,Left,1,27.6,0.0308742364607059,3.8155712674313564,16.221611738204956
Male,Left,1,27.6,0.0308744463816859,2.7841705583532668,16.221611738204956
Male,Left,1,27.6,0.0308698292226607,2.791119869026652,16.221611738204956
Male,Left,1,27.6,0.0308728640579787,2.952410524787439,16.221611738204956
Male,Left,1,27.6,0.0308751740144922,3.2408051070867856,16.221611738204956
Male,Left,1,27.6,0.0308697144889167,3.80688216618189,16.221611738204956
Male,Left,1,27.6,0.0308703080935539,3.1235814003764695,16.221611738204956
Male,Left,1,27.6,0.0308701100928783,3.88205283351135,16.221611738204956
Male,Left,1,27.6,0.0308645682168359,3.0268933679930368,16.221611738204956
Male,Left,1,27.6,0.0308749427258355,3.6353927097041203,16.221611738204956
Male,Left,3,27.6,0.0308647050769606,5.195330182459669,16.221611738204956
Male,Left,3,27.6,0.0308846584144356,7.380303347676045,16.221611738204956
Male,Left,3,27.6,0.0308848861172114,6.656893141074276,16.221611738204956
Male,Left,3,27.6,0.030878412911966,6.309187246434584,16.221611738204956
Male,Left,3,27.6,0.0308833312936101,7.982126863566387,16.221611738204956
Male,Left,3,27.6,0.0308659579731642,5.124535347187552,16.221611738204956
Male,Left,3,27.6,0.030885431039757,7.342067231826435,16.221611738204956
Male,Left,3,27.6,0.0308645007114855,5.477792135089959,16.221611738204956
Male,Left,3,27.6,0.0308704870393674,7.661091560404281,16.221611738204956
Male,Left,3,27.6,0.030887909129393,5.58086710064333,16.221611738204956
Male,Left,3,27.6,0.0308714652619085,7.393746309507992,16.221611738204956
Male,Left,3,27.6,0.0308848195072208,4.960374918639659,16.221611738204956
Male,Left,3,27.6,0.0308728308250238,8.36066083964895,16.221611738204956
Male,Left,2,24.4,0.0336780333725355,3.1262752996680634,16.221611738204956
Male,Left,2,24.4,0.0336788051319955,3.1886628128920864,16.221611738204956
Male,Left,2,24.4,0.0336870443695681,2.501462429195476,16.221611738204956
Male,Left,2,24.4,0.0336927355176744,1.9945642343138543,16.221611738204956
Male,Left,2,24.4,0.0336862860091702,2.738215447054137,16.221611738204956
Male,Left,2,24.4,0.0336956224345333,2.2238545127053855,16.221611738204956
Male,Left,2,24.4,0.0336887554850127,2.8133314208653433,16.221611738204956
Male,Left,2,24.4,0.0336803348603585,2.33509338195964,16.221611738204956
Male,Left,2,24.4,0.03368841558663,2.2118673026030042,16.221611738204956
Male,Left,3,24.4,0.0337659786059771,3.925952601433644,16.221611738204956
Male,Left,3,24.4,0.0337715988473524,8.044185861546437,16.221611738204956
Male,Left,3,24.4,0.0337633622178145,5.482818376615174,16.221611738204956
Male,Left,3,24.4,0.0337539256697356,8.121826436218832,16.221611738204956
Male,Left,3,24.4,0.0337795778932271,6.6498056861683335,16.221611738204956
Male,Left,3,24.4,0.0337610652743896,7.118134485467997,16.221611738204956
Male,Left,3,24.4,0.0337650600131895,4.719980754244894,16.221611738204956
Male,Left,3,24.4,0.0337572301324043,6.78392873151576,16.221611738204956
Male,Left,3,24.4,0.0337692035322721,4.082944622093969,16.221611738204956
Male,Left,1,24.4,0.0337649306315174,2.2987064477173758,16.221611738204956
Male,Left,1,24.4,0.0337566785458066,1.7214152732260681,16.221611738204956
Male,Left,1,24.4,0.0337789131733026,1.980341974544162,16.221611738204956
Male,Left,1,24.4,0.0337609294154076,1.5601330045147177,16.221611738204956
Male,Left,1,24.4,0.0337628064220364,2.1939903973348276,16.221611738204956
Male,Left,1,24.4,0.0337596535231508,2.7391784114310247,16.221611738204956
Male,Left,1,24.4,0.0337759759447937,3.03990462284725,16.221611738204956
Male,Left,1,24.4,0.0337678496795255,2.872492733948896,16.221611738204956
Male,Left,2,26.5,0.0332619934109507,3.618735371618241,16.221611738204956
Male,Left,2,26.5,0.0332613199038291,3.02114573062446,16.221611738204956
Male,Left,2,26.5,0.0332712812517135,1.7768405213116416,16.221611738204956
Male,Left,2,26.5,0.0332584831792969,2.32032892301695,16.221611738204956
Male,Left,2,26.5,0.0332618035037781,2.243729434451478,16.221611738204956
Male,Left,2,26.5,0.0332606526982443,2.4519585943731705,16.221611738204956
Male,Left,2,26.5,0.0332722504619096,1.8533835349505214,16.221611738204956
Male,Left,2,26.5,0.0332809340952213,2.878782242509745,16.221611738204956
Male,Left,3,26.5,0.0332835375313265,9.6980873779479,16.221611738204956
Male,Left,3,26.5,0.0332595321357961,10.808120451402331,16.221611738204956
Male,Left,3,26.5,0.0332789129303506,8.554156252033822,16.221611738204956
Male,Left,3,26.5,0.0332873728868363,9.662419347260013,16.221611738204956
Male,Left,3,26.5,0.0332616523325624,7.911798695248399,16.221611738204956
Male,Left,3,26.5,0.0332761973246589,6.57501729583269,16.221611738204956
Male,Left,3,26.5,0.0332755941484802,7.134235791765317,16.221611738204956
Male,Left,3,26.5,0.0332586513581888,7.683614765844618,16.221611738204956
Male,Left,3,26.5,0.0332794558737069,6.71345813543297,16.221611738204956
Male,Left,1,26.5,0.0332713205156064,4.916094914245204,16.221611738204956
Male,Left,1,26.5,0.0332693802677739,4.609991421287073,16.221611738204956
Male,Left,1,26.5,0.0332668229203487,4.71356308638275,16.221611738204956
Male,Left,1,26.5,0.0332624891920793,3.484658055605046,16.221611738204956
Male,Left,1,26.5,0.033263404172674,4.23151151539849,16.221611738204956
Male,Left,1,26.5,0.033261981012154,4.264329854412207,16.221611738204956
Male,Left,1,26.5,0.0332737914699767,6.163771816975703,16.221611738204956
Male,Left,1,26.5,0.033259460973166,3.7764414879563852,16.221611738204956
Male,Left,1,26.5,0.0332612057414464,4.7652443927097385,16.221611738204956
Male,Left,1,26.5,0.0332683592523841,3.366176016120679,16.221611738204956
Male,Left,2,26.2,0.0336374538262171,3.825557570803426,16.221611738204956
Male,Left,2,26.2,0.0336394439505512,3.526677936837426,16.221611738204956
Male,Left,2,26.2,0.0336246117136373,3.677224889586635,16.221611738204956
Male,Left,2,26.2,0.0336377270691472,4.108137682309296,16.221611738204956
Male,Left,2,26.2,0.0336183167508536,3.7387371489132484,16.221611738204956
Male,Left,2,26.2,0.033636307992896,3.683430845952078,16.221611738204956
Male,Left,2,26.2,0.0336335319309762,3.54087259374094,16.221611738204956
Male,Left,2,26.2,0.0336337737803191,3.2150859997688053,16.221611738204956
Male,Left,2,26.2,0.0336236036177595,2.902705542032038,16.221611738204956
Male,Left,2,26.2,0.0336209459959298,2.588737967346485,16.221611738204956
Male,Left,3,26.2,0.0336187984585474,7.543182640139051,16.221611738204956
Male,Left,3,26.2,0.0336249773765878,7.6088700959417706,16.221611738204956
Male,Left,3,26.2,0.0336379326452588,6.841081255974962,16.221611738204956
Male,Left,3,26.2,0.0336454239948488,7.120559325167519,16.221611738204956
Male,Left,3,26.2,0.0336390346363525,6.279896437184787,16.221611738204956
Male,Left,3,26.2,0.0336249116631009,5.513320303342256,16.221611738204956
Male,Left,3,26.2,0.0336373226234799,6.246107074838648,16.221611738204956
Male,Left,3,26.2,0.0336430126161286,6.484671651748744,16.221611738204956
Male,Left,3,26.2,0.0336248954903596,6.051427477076396,16.221611738204956
Male,Left,3,26.2,0.0336304630534092,6.926409897322265,16.221611738204956
Male,Left,1,26.2,0.0336197717657147,4.696368414560937,16.221611738204956
Male,Left,1,26.2,0.03362322794472,5.334548611497849,16.221611738204956
Male,Left,1,26.2,0.0336363546003274,4.294367908128409,16.221611738204956
Male,Left,1,26.2,0.0336188403279452,5.522339659975414,16.221611738204956
Male,Left,1,26.2,0.0336185874261657,5.170344988503857,16.221611738204956
Male,Left,1,26.2,0.0336400488086308,3.6845343118874263,16.221611738204956
Male,Left,1,26.2,0.0336327729066224,5.54601315180212,16.221611738204956
Male,Left,1,26.2,0.033620586178789,4.914247262088782,16.221611738204956
Male,Left,2,22.6,0.032546114592163,2.9756388839159404,16.221611738204956
Male,Left,2,22.6,0.0325345466898788,2.396944269985199,16.221611738204956
Male,Left,2,22.6,0.0325532549899432,2.028779612878699,16.221611738204956
Male,Left,2,22.6,0.0325557317506504,2.411669564925007,16.221611738204956
Male,Left,2,22.6,0.0325447139009893,2.599192624381709,16.221611738204956
Male,Left,2,22.6,0.0325413724914601,2.5613504616208216,16.221611738204956
Male,Left,2,22.6,0.032547501173453,2.1830669532833373,16.221611738204956
Male,Left,2,22.6,0.0325361270862033,2.7790094615046255,16.221611738204956
Male,Left,2,22.6,0.0325378200167616,2.334596686947638,16.221611738204956
Male,Left,3,22.6,0.032548685089001,2.7284421683794102,16.221611738204956
Male,Left,3,22.6,0.0325481097146803,3.3069073429543003,16.221611738204956
Male,Left,3,22.6,0.032537080529836,3.9167781178577514,16.221611738204956
Male,Left,3,22.6,0.0325590048592132,5.064175678111718,16.221611738204956
Male,Left,3,22.6,0.0325441801517221,2.233663498019771,16.221611738204956
Male,Left,3,22.6,0.0325650577672273,5.805093824926805,16.221611738204956
Male,Left,3,22.6,0.0325573324424108,2.7042952608836677,16.221611738204956
Male,Left,3,22.6,0.0325350648132236,2.2460617924042503,16.221611738204956
Male,Left,1,22.6,0.0325523837651945,3.971902727096441,16.221611738204956
Male,Left,1,22.6,0.0325449085698458,4.292673374381262,16.221611738204956
Male,Left,1,22.6,0.0325351123781703,3.1926458087534293,16.221611738204956
Male,Left,1,22.6,0.0325406874267212,4.517147675116863,16.221611738204956
Male,Left,1,22.6,0.0325506515409644,4.281048842636942,16.221611738204956
Male,Left,1,22.6,0.0325343479318281,3.3307315484059425,16.221611738204956
Male,Left,1,22.6,0.0325459663548419,4.145095928571309,16.221611738204956
Male,Left,2,22.5,0.0328137851989237,2.2759637240171786,16.221611738204956
Male,Left,2,22.5,0.0328086458468282,2.6707813904635667,16.221611738204956
Male,Left,2,22.5,0.0328086394045744,2.7409984180575564,16.221611738204956
Male,Left,2,22.5,0.032811543222966,2.1490451053164676,16.221611738204956
Male,Left,2,22.5,0.0328141147540156,2.2626337580043243,16.221611738204956
Male,Left,2,22.5,0.0328021627931638,2.221135273173802,16.221611738204956
Male,Left,2,22.5,0.0328014531655978,2.132286223225971,16.221611738204956
Male,Left,2,22.5,0.032805220126774,1.6309280325250706,16.221611738204956
Male,Left,2,22.5,0.0328171999324746,2.654094893295376,16.221611738204956
Male,Left,2,22.5,0.032801670341264,2.3368689139188246,16.221611738204956
Male,Left,3,22.5,0.0328239883713878,2.0600264949764724,16.221611738204956
Male,Left,3,22.5,0.0328290153401264,3.0518227959102093,16.221611738204956
Male,Left,3,22.5,0.0328161201320574,3.7026549346244915,16.221611738204956
Male,Left,3,22.5,0.0328151969933448,2.4988619026699554,16.221611738204956
Male,Left,3,22.5,0.0328287710482954,4.561047394086356,16.221611738204956
Male,Left,3,22.5,0.0328186252015834,2.052203817628058,16.221611738204956
Male,Left,3,22.5,0.0328146074846525,3.571992847187687,16.221611738204956
Male,Left,3,22.5,0.0328101981840975,2.4006788272465642,16.221611738204956
Male,Left,3,22.5,0.0328271180884334,3.2925491089899235,16.221611738204956
Male,Left,3,22.5,0.0328167571793507,4.432121164510396,16.221611738204956
Male,Left,3,22.5,0.0328142824810717,5.350419368857446,16.221611738204956
Male,Left,1,22.5,0.0328198627826571,2.7893259487975137,16.221611738204956
Male,Left,1,22.5,0.0328251537372277,3.4533519837749447,16.221611738204956
Male,Left,1,22.5,0.032805331919963,4.203904357790406,16.221611738204956
Male,Left,1,22.5,0.0328181695922377,2.677763427664255,16.221611738204956
Male,Left,1,22.5,0.0328039220782892,3.374029850043109,16.221611738204956
Male,Left,1,22.5,0.0328255786490927,4.1117682157812085,16.221611738204956
Male,Left,1,22.5,0.0328048656971423,4.401959639800278,16.221611738204956
Male,Left,1,22.5,0.03282464428552,3.877326635284884,16.221611738204956
Male,Left,1,22.5,0.032802138901578,4.5794647881031265,16.221611738204956
Male,Left,2,23.4,0.03367565283695,4.40529921263966,16.221611738204956
Male,Left,2,23.4,0.0336636366944521,3.3497018980795614,16.221611738204956
Male,Left,2,23.4,0.03367044608425,5.348400935803966,16.221611738204956
Male,Left,2,23.4,0.0336628085175214,7.1177729924153805,16.221611738204956
Male,Left,2,23.4,0.0336876397896789,6.171811016869255,16.221611738204956
Male,Left,2,23.4,0.0336724366922208,5.5167906225018575,16.221611738204956
Male,Left,2,23.4,0.0336803321981754,4.6449925968354915,16.221611738204956
Male,Left,2,23.4,0.0336658367684056,5.254925554481118,16.221611738204956
Male,Left,2,23.4,0.0336704478348078,3.652338484633237,16.221611738204956
Male,Left,2,23.4,0.0336640746076442,4.865290456151179,16.221611738204956
Male,Left,3,23.3,0.033715925597537,10.711367136608436,16.221611738204956
Male,Left,3,23.3,0.0337219316842076,8.636130889843164,16.221611738204956
Male,Left,3,23.3,0.0337228432656157,9.153575546120935,16.221611738204956
Male,Left,3,23.3,0.0337354325098766,9.138573873228891,16.221611738204956
Male,Left,3,23.3,0.0337356914598871,11.486941396982221,16.221611738204956
Male,Left,3,23.3,0.0337072815973352,7.568411162040124,16.221611738204956
Male,Left,3,23.3,0.0337090626539175,11.250708689974005,16.221611738204956
Male,Left,3,23.3,0.0337211170888521,8.589385653009417,16.221611738204956
Male,Left,3,23.3,0.0337306568004023,8.92216603671536,16.221611738204956
Male,Left,3,23.3,0.0337255826454003,12.962420347631246,16.221611738204956
Male,Left,1,23.4,0.0336617305034172,2.9730473799771007,16.221611738204956
Male,Left,1,23.4,0.0336643311158224,2.9130372233054547,16.221611738204956
Male,Left,1,23.4,0.0336616705555716,2.9340244992998366,16.221611738204956
Male,Left,1,23.4,0.0336527584482218,4.203190073329823,16.221611738204956
Male,Left,1,23.4,0.0336681169154919,2.4011114442380532,16.221611738204956
Male,Left,1,23.4,0.0336629829376514,1.9270330966572058,16.221611738204956
Male,Left,1,23.4,0.0336721304599747,3.217758538147638,16.221611738204956
Male,Left,1,23.4,0.0336526882537663,2.2341866218533464,16.221611738204956
Male,Left,1,23.4,0.0336697303405879,2.743353505276909,16.221611738204956
Male,Left,2,23.1,0.0360628786952508,4.348754049287952,16.221611738204956
Male,Left,2,23.1,0.0360595747199328,3.8682243494235284,16.221611738204956
Male,Left,2,23.1,0.0360614207910853,5.027973248196346,16.221611738204956
Male,Left,2,23.1,0.0360667648713734,4.630119522032244,16.221611738204956
Male,Left,2,23.1,0.0360781732725807,3.732598284536923,16.221611738204956
Male,Left,2,23.1,0.0360644734926306,3.6587520732294103,16.221611738204956
Male,Left,2,23.1,0.0360717931335081,3.629719351907776,16.221611738204956
Male,Left,2,23.1,0.0360639594711438,4.356955201946199,16.221611738204956
Male,Left,2,23.1,0.0360821315658849,4.72096731914328,16.221611738204956
Male,Left,2,33.9,0.0237661460613444,5.238186530222796,16.221611738204956
Male,Left,2,33.9,0.0237626127792155,3.061528559868718,16.221611738204956
Male,Left,2,33.9,0.0237700477155005,2.18715286807146,16.221611738204956
Male,Left,2,33.9,0.0237589878554055,2.1602346290106564,16.221611738204956
Male,Left,2,33.9,0.023768024760136,3.1194786879256964,16.221611738204956
Male,Left,2,33.9,0.023766217991633,3.0677997667500447,16.221611738204956
Male,Left,2,33.9,0.0237637043364325,2.590058270741074,16.221611738204956
Male,Left,2,33.9,0.0237646404723239,3.648251154056261,16.221611738204956
Male,Left,2,33.9,0.0237713757403505,2.5299381078334378,16.221611738204956
Male,Left,2,33.9,0.023768869946282,3.1475907274454697,16.221611738204956
Male,Left,2,33.9,0.0237688309742381,4.0396383601017725,16.221611738204956
Male,Left,2,33.9,0.0237577830923598,3.1488675504334647,16.221611738204956
Male,Left,2,33.9,0.0237610489700679,2.9124923448010445,16.221611738204956
Male,Left,1,33.9,0.0237713074740369,3.8570353542671074,16.221611738204956
Male,Left,1,33.9,0.0237618443171759,4.659376185442918,16.221611738204956
Male,Left,1,33.9,0.0237580558468023,3.366314715108332,16.221611738204956
Male,Left,1,33.9,0.023765959931537,4.135083652536461,16.221611738204956
Male,Left,1,33.9,0.0237580706461282,2.7850808987174327,16.221611738204956
Male,Left,1,33.9,0.0237651273935939,3.728785523487754,16.221611738204956
Male,Left,1,33.9,0.0237579946027001,3.4659380860756634,16.221611738204956
Male,Left,1,33.9,0.0237616483879333,2.788181388699536,16.221611738204956
Male,Left,1,33.9,0.0237686262494759,3.959437259729113,16.221611738204956
Male,Left,1,33.9,0.0237659961055177,3.7063513477964705,16.221611738204956
Male,Left,1,33.9,0.0237581774825585,3.918299211879404,16.221611738204956
Male,Left,1,33.9,0.0237689618321467,3.524477001531521,16.221611738204956
Male,Left,3,33.9,0.0237661250790646,5.87125931609012,16.221611738204956
Male,Left,3,33.9,0.0237708631389622,7.169631597506711,16.221611738204956
Male,Left,3,33.9,0.0237588220051003,5.585788197981666,16.221611738204956
Male,Left,3,33.9,0.0237654820508966,3.5779012664858385,16.221611738204956
Male,Left,3,33.9,0.023762367586083,5.560736866211843,16.221611738204956
Male,Left,3,33.9,0.02376323047509,4.013268690920662,16.221611738204956
Male,Left,3,33.9,0.0237596981369411,4.481886921116891,16.221611738204956
Male,Left,3,33.9,0.0237697124578542,4.66895955722495,16.221611738204956
Male,Left,3,33.9,0.0237693329507532,6.865160875294083,16.221611738204956
Male,Left,3,33.9,0.0237652951116954,7.396069131803049,16.221611738204956
Male,Left,3,33.9,0.0237691826046975,6.402672513601643,16.221611738204956
Male,Left,3,33.9,0.0237651106526294,6.008660310651821,16.221611738204956
Male,Left,2,23.9,0.031787121200625,2.188292446240705,16.221611738204956
Male,Left,2,23.9,0.0317874109467316,2.257077871199169,16.221611738204956
Male,Left,2,23.9,0.031788485696446,2.8099169335763743,16.221611738204956
Male,Left,2,23.9,0.0317932542702304,2.6428670084542256,16.221611738204956
Male,Left,2,23.9,0.031793587584438,3.8674169119352784,16.221611738204956
Male,Left,2,23.9,0.0317924912924981,2.312477256237936,16.221611738204956
Male,Left,2,23.9,0.0317810433405129,3.62054816172434,16.221611738204956
Male,Left,2,23.9,0.0317844815877597,2.4684684381545576,16.221611738204956
Male,Left,2,23.9,0.0317834446883544,2.281541832313917,16.221611738204956
Male,Left,1,23.9,0.0317856599086827,2.4992072999782553,16.221611738204956
Male,Left,1,23.9,0.031773343368149,2.161716831644688,16.221611738204956
Male,Left,1,23.9,0.0317728192274954,2.213601725707015,16.221611738204956
Male,Left,1,23.9,0.0317737410420078,2.237374796688915,16.221611738204956
Male,Left,1,23.9,0.0317788641825212,1.842596598804257,16.221611738204956
Male,Left,1,23.9,0.0317739385386413,3.4975065789461968,16.221611738204956
Male,Left,1,23.9,0.0317735595168753,2.7541174257974643,16.221611738204956
Male,Left,1,23.9,0.0317757923451908,2.3745905892638937,16.221611738204956
Male,Left,1,23.9,0.0317769149073617,2.7006159350464327,16.221611738204956
Male,Left,1,23.9,0.03177757113636,3.407989795712493,16.221611738204956
Male,Left,1,23.9,0.0317754093682812,2.9742892299405677,16.221611738204956
Male,Left,1,23.9,0.0317785545579563,2.7876073588148316,16.221611738204956
Male,Left,3,23.9,0.0317752380157407,5.862370027896011,16.221611738204956
Male,Left,3,23.9,0.0317840717274805,6.537525917412781,16.221611738204956
Male,Left,3,23.9,0.0317726183475976,6.639925490645655,16.221611738204956
Male,Left,3,23.9,0.0317886471497106,8.655191737873974,16.221611738204956
Male,Left,3,23.9,0.0317865618277836,5.378495196801012,16.221611738204956
Male,Left,3,23.9,0.0317757616466816,6.358650190659388,16.221611738204956
Male,Left,3,23.9,0.031770560047653,5.327582478310823,16.221611738204956
Male,Left,3,23.9,0.0317853998766051,6.763798489145775,16.221611738204956
Male,Left,3,23.9,0.0317848386076574,6.499117994238061,16.221611738204956
Male,Left,3,23.9,0.0317744301909522,4.921557916243825,16.221611738204956
Male,Left,3,23.9,0.0317832873848074,8.068154793274616,16.221611738204956
Male,Left,1,23.1,0.0368957110343226,2.942410933335553,16.221611738204956
Male,Left,1,23.1,0.0368994909973374,3.068967948236681,16.221611738204956
Male,Left,1,23.1,0.0369116281712181,2.5525587841921196,16.221611738204956
Male,Left,1,23.1,0.0368995408872816,1.658426629217312,16.221611738204956
Male,Left,1,23.1,0.0368956794018271,2.27762972474386,16.221611738204956
Male,Left,1,23.1,0.0369087453379508,2.444987683447107,16.221611738204956
Male,Left,1,23.1,0.03689634700644,2.163106075906874,16.221611738204956
Male,Left,1,23.1,0.0369045099003109,2.150885417297329,16.221611738204956
Male,Left,3,23.1,0.0368992041082176,4.796750326894303,16.221611738204956
Male,Left,3,23.1,0.036915735130847,4.562956956637789,16.221611738204956
Male,Left,3,23.1,0.0369155770502955,1.747246195961756,16.221611738204956
Male,Left,3,23.1,0.036912312652468,2.9423325053110734,16.221611738204956
Male,Left,3,23.1,0.0368975494026236,3.4072677059995042,16.221611738204956
Male,Left,3,23.1,0.0368996501514079,3.4395549768843185,16.221611738204956
Male,Left,3,23.1,0.0369111425075484,2.44220030848372,16.221611738204956
Male,Left,3,23.1,0.0369154635596187,2.6332899270020205,16.221611738204956
Male,Left,3,23.1,0.0369064897758615,3.6060840469570774,16.221611738204956
Male,Left,3,23.1,0.036897424617877,2.054995046521954,16.221611738204956
Male,Left,2,23.1,0.0368274715724495,1.977203835992311,16.221611738204956
Male,Left,2,23.1,0.0368307643925895,2.6771083729911296,16.221611738204956
Male,Left,2,23.1,0.0368321288053465,1.653903803566077,16.221611738204956
Male,Left,2,23.1,0.0368337151445344,1.8601065172237339,16.221611738204956
Male,Left,2,23.1,0.036827480513084,1.6820686188765566,16.221611738204956
Male,Left,2,23.1,0.0368218916295511,1.7787492506670495,16.221611738204956
Male,Left,2,23.1,0.0368189082678389,1.8268573687130631,16.221611738204956
Male,Left,2,23.1,0.0368264975702135,2.5675466773839246,16.221611738204956
Male,Left,2,23.1,0.036832117418131,1.6628535458718205,16.221611738204956
Male,Left,2,23.1,0.0368310840138576,1.8434714902076192,16.221611738204956
Male,Left,2,23.1,0.036832165887066,1.5666816698766588,16.221611738204956
Male,Left,2,23.1,0.0368211643582451,2.352692842350604,16.221611738204956
