Female,Left,2,27.4,-0.0023317320707674,0.42713393054205373,770.7576243877411
Female,Left,2,27.4,0.0001914661787402,0.26167550257764755,770.7576243877411
Female,Left,2,27.4,-0.00405032546737,0.35470708035996085,770.7576243877411
Female,Left,2,27.4,0.0009267480720292,0.28681316956924047,770.7576243877411
Female,Left,2,27.4,-0.0034654019381035,0.7663687045651072,770.7576243877411
Female,Left,2,27.4,-0.0002281840128052,0.6410935612564495,770.7576243877411
Female,Left,2,27.4,-0.0035263060888525,0.43197322494564677,770.7576243877411
Female,Left,2,27.4,0.0018981584870153,0.600485788725861,770.7576243877411
Female,Left,2,27.4,-0.0036420583792286,0.21945556647000694,770.7576243877411
Female,Left,3,27.4,-0.0039557060825346,0.5256780570618471,770.7576243877411
Female,Left,3,27.4,-0.00069885732547,0.6889627887454126,770.7576243877411
Female,Left,3,27.4,-0.0058465362087936,0.5951006439831941,770.7576243877411
Female,Left,3,27.4,-0.0015615941469871,0.30927974055459856,770.7576243877411
Female,Left,3,27.4,-0.0046295428906711,0.758884581919488,770.7576243877411
Female,Left,3,27.4,-0.0038387473713623,1.216169747740863,770.7576243877411
Female,Left,3,27.4,-0.0017168415839279,0.604345350076258,770.7576243877411
Female,Left,3,27.4,-9.61393157881549e-06,0.4497480451070812,770.7576243877411
Female,Left,1,27.4,-0.003529252811094,0.4694342039511797,770.7576243877411
Female,Left,1,27.4,-0.0014415831064833,0.41819073834355164,770.7576243877411
Female,Left,1,27.4,-0.0052328967583616,0.30304510595660783,770.7576243877411
Female,Left,1,27.4,-0.003393804930723,0.3004920097056613,770.7576243877411
Female,Left,1,27.4,-0.0064241780179076,0.5007339540206357,770.7576243877411
Female,Left,1,27.4,-0.0029523019431272,0.4938329653267302,770.7576243877411
Female,Left,1,27.4,-0.0037117821544197,0.23465457247388347,770.7576243877411
Female,Left,1,27.4,-0.0028278837072957,0.18373866399631553,770.7576243877411
Female,Left,1,27.4,-0.004359980392188,0.27552084474718663,770.7576243877411
Female,Left,2,27.3,0.0015917016150919,0.48047503782062995,770.7576243877411
Female,Left,2,27.3,-0.0024009089729427,0.4696024398107406,770.7576243877411
Female,Left,2,27.3,0.0018348620837516,0.35274546309103516,770.7576243877411
Female,Left,2,27.3,-0.0034656562725068,0.30909140313613687,770.7576243877411
Female,Left,2,27.3,-0.0013731072009764,0.17159629885319694,770.7576243877411
Female,Left,2,27.3,-0.0007973163166869,0.18963278168069608,770.7576243877411
Female,Left,2,27.3,-0.001374601529783,0.28470751723395293,770.7576243877411
Female,Left,2,27.3,-0.0002761696780279,0.32756111967572427,770.7576243877411
Female,Left,2,27.3,-0.0004743195922887,0.46108127619837874,770.7576243877411
Female,Left,2,27.3,-0.0012805134493624,0.5391100490582351,770.7576243877411
Female,Left,3,27.3,-0.0027944495670642,0.27526494596452233,770.7576243877411
Female,Left,3,27.3,-0.0005773565352711,0.374944444533145,770.7576243877411
Female,Left,3,27.3,-0.0012965393071582,0.25022022709890057,770.7576243877411
Female,Left,3,27.3,0.0019910452760295,0.33541348978287777,770.7576243877411
Female,Left,3,27.3,-0.0013727782848025,0.19075879760972772,770.7576243877411
Female,Left,3,27.3,-0.0017114088463127,0.38365765015855136,770.7576243877411
Female,Left,3,27.3,-0.0005396874318862,0.28041455673565174,770.7576243877411
Female,Left,3,27.3,-0.0008161236726621,0.31510756239476206,770.7576243877411
Female,Left,3,27.3,-0.0004523630289617,0.26043746568285014,770.7576243877411
Female,Left,1,27.3,-0.0014046939808513,0.22681230494689456,770.7576243877411
Female,Left,1,27.3,0.0003190036657275,0.23890021252490698,770.7576243877411
Female,Left,1,27.3,-0.0018458135779044,0.20487967509704613,770.7576243877411
Female,Left,1,27.3,-0.0007468173028803,0.19629609082853308,770.7576243877411
Female,Left,1,27.3,-0.0005211909046113,0.2351272560095552,770.7576243877411
Female,Left,1,27.3,-0.0006782823296757,0.8830112637913904,770.7576243877411
Female,Left,1,27.3,-0.0023348217472919,0.23493019652160343,770.7576243877411
Female,Left,1,27.3,-0.0010082331046227,0.19258629273570896,770.7576243877411
Female,Left,2,40.5,-0.0042425791054567,0.3756015949229799,770.7576243877411
Female,Left,2,40.5,-0.0040614249545135,0.5615202136712557,770.7576243877411
Female,Left,2,40.5,-0.0024657285492902,0.5228833634015739,770.7576243877411
Female,Left,2,40.5,-0.002352853480102,0.23061218072012188,770.7576243877411
Female,Left,2,40.5,-0.0027954784446323,0.3456928568043042,770.7576243877411
Female,Left,2,40.5,-0.0030143535926242,0.2597404900092578,770.7576243877411
Female,Left,2,40.5,-0.0045848850653279,0.3174883189943515,770.7576243877411
Female,Left,2,40.5,-0.0034378251539542,0.38273600953886805,770.7576243877411
Female,Left,3,40.5,-0.0025433651604261,0.47970144077502425,770.7576243877411
Female,Left,3,40.5,-0.0034111831616072,0.4481186788966463,770.7576243877411
Female,Left,3,40.5,-0.0027263911467199,0.34838658961021735,770.7576243877411
Female,Left,3,40.5,-0.0033946186665208,0.4539696170351739,770.7576243877411
Female,Left,3,40.5,-0.0027089082916072,0.6753994305393178,770.7576243877411
Female,Left,3,40.5,-0.0028367193142204,0.343418163249465,770.7576243877411
Female,Left,3,40.5,-0.002768701166985,0.2771661299221045,770.7576243877411
Female,Left,3,40.5,-0.0033829241946102,0.3321714145082374,770.7576243877411
Female,Left,1,40.5,0.0002070628145945,0.37407645743685797,770.7576243877411
Female,Left,1,40.5,-0.0011557910397325,0.7174461323409184,770.7576243877411
Female,Left,1,40.5,-0.0024469459907824,0.19402439732416113,770.7576243877411
Female,Left,1,40.5,-0.0009781319984764,0.3851179302989435,770.7576243877411
Female,Left,1,40.5,-0.0019079856825474,0.3076813495002053,770.7576243877411
Female,Left,1,40.5,-0.0011418475810234,0.3065981048011847,770.7576243877411
Female,Left,1,40.5,-0.0029333004127121,0.5089211172492203,770.7576243877411
Female,Left,2,40.3,-0.001844578549421,0.2439883851331183,770.7576243877411
Female,Left,2,40.3,-0.002955130151898,0.26995807737037536,770.7576243877411
Female,Left,2,40.3,-0.0034962156577985,0.5030132635658683,770.7576243877411
Female,Left,2,40.3,-0.0024795472552513,0.38573163763639373,770.7576243877411
Female,Left,2,40.3,-0.0024548926287357,0.2747918557916426,770.7576243877411
Female,Left,2,40.3,-0.0030118307144083,0.2963427328289967,770.7576243877411
Female,Left,2,40.3,-0.0038027975289566,0.2708489609864963,770.7576243877411
Female,Left,2,40.3,-0.0044764340066822,0.328445833024635,770.7576243877411
Female,Left,3,40.3,-0.0035160056340114,0.5196908861946513,770.7576243877411
Female,Left,3,40.3,-0.0022026396479432,0.7414345634083771,770.7576243877411
Female,Left,3,40.3,-0.0024562715859492,0.7053186493925419,770.7576243877411
Female,Left,3,40.3,-0.0039067086169134,0.30067089046403883,770.7576243877411
Female,Left,3,40.3,-0.0041303216378771,0.4869888462928126,770.7576243877411
Female,Left,3,40.3,-0.0042528713414277,0.312593881346425,770.7576243877411
Female,Left,3,40.3,-0.0034197890633271,0.3168937105876145,770.7576243877411
Female,Left,3,40.3,-0.0026007707665468,0.43052568940494085,770.7576243877411
Female,Left,3,40.3,-0.0036429402492686,0.2943438441350757,770.7576243877411
Female,Left,3,40.3,-0.0037942991351675,0.4017919965428038,770.7576243877411
Female,Left,1,40.3,-0.0017624109449333,0.3169746262249423,770.7576243877411
Female,Left,1,40.3,-0.0019951578222115,0.7337535513841833,770.7576243877411
Female,Left,1,40.3,-0.0026080378146042,0.3110147460488626,770.7576243877411
Female,Left,1,40.3,-0.0037436258051805,0.883421294033788,770.7576243877411
Female,Left,2,22.2,-0.0027652492122037,5.251342143457268,770.7576243877411
Female,Left,2,22.2,-0.0053507583437378,6.3763249947143725,770.7576243877411
Female,Left,2,22.2,-0.0048733419529958,5.059301646282907,770.7576243877411
Female,Left,2,22.2,-0.0019421805623452,5.676796380443914,770.7576243877411
Female,Left,2,22.2,0.0002061008314427,6.452777305477634,770.7576243877411
Female,Left,2,22.2,-0.000453151508353,5.910712748859261,770.7576243877411
Female,Left,2,22.2,-0.0029493140572392,7.074997441696259,770.7576243877411
Female,Left,2,22.2,-0.0013172921863409,6.731409303045745,770.7576243877411
Female,Left,2,22.2,-0.0005543016735617,6.110767406125089,770.7576243877411
Female,Left,2,22.2,-0.0038345455838252,5.441554598225318,770.7576243877411
Female,Left,1,22.2,0.0004016331862639,4.909912328021225,770.7576243877411
Female,Left,1,22.2,9.7971356464559e-05,5.583165231615744,770.7576243877411
Female,Left,1,22.2,-0.0007154273472865,4.565783976916473,770.7576243877411
Female,Left,1,22.2,-0.0030036993259545,4.217310758924837,770.7576243877411
Female,Left,1,22.2,-0.0020971425348113,5.627352403025796,770.7576243877411
Female,Left,1,22.2,-0.0022279090798997,5.065497046320031,770.7576243877411
Female,Left,1,22.2,-0.0018096175112345,5.018329123083504,770.7576243877411
Female,Left,1,22.2,-0.0017477059203727,4.559533941437174,770.7576243877411
Female,Left,1,22.2,-0.0027117434299031,5.2014342737300145,770.7576243877411
Female,Left,1,22.2,-0.000887154526466,4.756366324545031,770.7576243877411
Female,Left,1,22.2,-0.0038079104925925,3.9040472232708976,770.7576243877411
Female,Left,3,22.2,-0.0020089260971977,8.777901024940853,770.7576243877411
Female,Left,3,22.2,-0.0032972702803124,8.296767442584162,770.7576243877411
Female,Left,3,22.2,-0.0019492873255388,8.941579461676017,770.7576243877411
Female,Left,3,22.2,0.0003226139825176,7.358325758877216,770.7576243877411
Female,Left,3,22.2,0.000769491502721,7.93430566939423,770.7576243877411
Female,Left,3,22.2,-0.0010917718465513,8.004823811603426,770.7576243877411
Female,Left,3,22.2,-0.0009698014534243,8.565952734274108,770.7576243877411
Female,Left,3,22.2,0.0013362150965488,6.9175877290432295,770.7576243877411
Female,Left,3,22.2,-0.0074675643467287,6.59864317636615,770.7576243877411
Female,Left,3,22.2,-0.0003653815394201,7.889661022678077,770.7576243877411
Female,Left,3,22.2,-0.0058409342059618,5.231537249034019,770.7576243877411
Female,Left,3,22.2,0.0001917533565221,5.753050762105619,770.7576243877411
Female,Left,3,22.2,-0.0020287819296039,8.450424995601487,770.7576243877411
Female,Left,3,22.2,0.0003344250660984,5.872686724654884,770.7576243877411
Female,Left,3,21.8,-0.0029212661887495,14.553851809788295,770.7576243877411
Female,Left,3,21.8,-0.001968771372698,15.536346526254484,770.7576243877411
Female,Left,3,21.8,-0.0002730543905025,17.28503136589429,770.7576243877411
Female,Left,3,21.8,-0.0014830824094578,13.199736108656117,770.7576243877411
Female,Left,3,21.8,-0.0028814793879275,15.765131211977625,770.7576243877411
Female,Left,3,21.8,0.0010623135231248,16.94345022702652,770.7576243877411
Female,Left,3,21.8,-0.0034400500690225,17.15524497458035,770.7576243877411
Female,Left,3,21.8,-0.0015378289629084,16.26016067002808,770.7576243877411
Female,Left,3,21.8,-0.0019950763466282,15.968368442170382,770.7576243877411
Female,Left,3,21.8,-0.0002338555187139,14.99036080341653,770.7576243877411
Female,Left,3,21.8,-0.0018847635344509,14.552725713398734,770.7576243877411
Female,Left,3,21.8,-0.000946126580509,15.51357884307716,770.7576243877411
Female,Left,2,22.5,-0.0012266067976025,1.1177038936730654,770.7576243877411
Female,Left,2,22.5,0.0002856951034271,1.2808594910654132,770.7576243877411
Female,Left,2,22.5,-0.0003682345196193,1.350331767726422,770.7576243877411
Female,Left,2,22.5,-0.0048041779731671,1.52571561883967,770.7576243877411
Female,Left,2,22.5,-0.0024973727254895,1.4554538428037793,770.7576243877411
Female,Left,2,22.5,-0.0027835085065162,1.4123910853903914,770.7576243877411
Female,Left,2,22.5,-0.0034419313749248,1.0224787183965072,770.7576243877411
Female,Left,2,22.5,-0.0021580288096972,1.3386350602536403,770.7576243877411
Female,Left,2,22.5,-0.0028136990962649,1.4368376048787563,770.7576243877411
Female,Left,2,22.5,-0.0022941489231417,1.233503787769431,770.7576243877411
Female,Left,2,22.5,-0.0020210488356549,1.4130770686103202,770.7576243877411
Female,Left,2,22.5,0.0011168908348661,1.1493593618632694,770.7576243877411
Female,Left,2,22.5,-7.6250240686749e-05,1.4130394660376853,770.7576243877411
Female,Left,1,22.5,0.0011388848073069,1.0000484220304362,770.7576243877411
Female,Left,1,22.5,0.0049225059983145,1.040392773306565,770.7576243877411
Female,Left,1,22.5,-0.0020458972083945,0.8436964530336006,770.7576243877411
Female,Left,1,22.5,-0.0003464446494812,1.1256705863529806,770.7576243877411
Female,Left,1,22.5,0.0037308642519845,1.104909994462549,770.7576243877411
Female,Left,1,22.5,0.0001616869229476,1.0809228762316279,770.7576243877411
Female,Left,1,22.5,-0.0007051217248816,1.118114796763473,770.7576243877411
Female,Left,1,22.5,-0.0007900587005511,1.0391110058864308,770.7576243877411
Female,Left,1,22.5,0.0007145824452332,1.0708977638112696,770.7576243877411
Female,Left,1,22.5,0.0052629223792785,0.9728837078918471,770.7576243877411
Female,Left,1,22.5,-0.0002570195528315,0.9218046946343706,770.7576243877411
Female,Left,1,22.5,-0.0008512569975141,0.7789883741894142,770.7576243877411
Female,Left,1,22.5,-0.0014710813953793,1.0231306332490697,770.7576243877411
Female,Left,3,22.5,-0.0061677227230453,1.538697033962086,770.7576243877411
Female,Left,3,22.5,-0.0053516736808783,1.786310526555436,770.7576243877411
Female,Left,3,22.5,-0.0033513886341768,1.9486275805254023,770.7576243877411
Female,Left,3,22.5,-0.0022058085772884,1.9570734210772578,770.7576243877411
Female,Left,3,22.5,-0.0011072226183052,1.7916180481531627,770.7576243877411
Female,Left,3,22.5,-0.0054098243972599,1.6812739116347457,770.7576243877411
Female,Left,3,22.5,-0.0068335416052655,1.7373803988036864,770.7576243877411
Female,Left,3,22.5,-0.0048934498236348,1.7786113972320778,770.7576243877411
Female,Left,3,22.5,-0.005396471631872,1.5669183211739832,770.7576243877411
Female,Left,3,22.5,-0.0059314256522708,1.7374305981570473,770.7576243877411
Female,Left,3,22.5,-0.0025068926340642,1.540252609638045,770.7576243877411
Female,Left,2,21.5,-0.0006041461834722,0.5408491929391367,770.7576243877411
Female,Left,2,21.5,-0.0022822175416925,0.3808955613643189,770.7576243877411
Female,Left,2,21.5,0.0002542460305033,0.2502322944215577,770.7576243877411
Female,Left,2,21.5,-0.0017609863797097,0.26843555245261985,770.7576243877411
Female,Left,2,21.5,-0.0005259175126181,0.3326418053580701,770.7576243877411
Female,Left,2,21.5,0.0035185952839407,0.43977232627765106,770.7576243877411
Female,Left,2,21.5,-0.0017005721988935,0.2811710839836501,770.7576243877411
Female,Left,2,21.5,-0.0027668288994265,0.32276886843075553,770.7576243877411
Female,Left,2,21.5,-0.0013975401381896,0.23703309693212404,770.7576243877411
Female,Left,2,21.5,-1.23107672078368e-05,0.33049381522263543,770.7576243877411
Female,Left,2,21.5,0.0008538277321898,0.1888217068299415,770.7576243877411
Female,Left,2,21.5,-0.0004660455147645,0.2764584576753186,770.7576243877411
Female,Left,1,21.5,-6.30006304087532e-05,0.2758817516814117,770.7576243877411
Female,Left,1,21.5,-0.0006017616668692,0.24338352334348803,770.7576243877411
Female,Left,1,21.5,0.0031537285090366,0.23951339034190444,770.7576243877411
Female,Left,1,21.5,-1.3647412972478e-05,0.23078496372068028,770.7576243877411
Female,Left,1,21.5,0.0004999526076156,0.2881384649824091,770.7576243877411
Female,Left,1,21.5,0.0019698686839857,0.321250301449293,770.7576243877411
Female,Left,1,21.5,0.0035601843418877,0.31287564269444423,770.7576243877411
Female,Left,1,21.5,0.0004536171946617,0.2403216010115078,770.7576243877411
Female,Left,1,21.5,0.0061882039209527,0.3189271710550775,770.7576243877411
Female,Left,1,21.5,0.0013989502118983,0.22317857567487515,770.7576243877411
Female,Left,1,21.5,0.0043034726291116,0.2965246983834196,770.7576243877411
Female,Left,1,21.5,-6.79957978938877e-05,0.4883002788645065,770.7576243877411
Female,Left,1,21.5,0.0011329439292765,0.248746083294249,770.7576243877411
Female,Left,1,21.5,0.000107124388514,0.5574736228060151,770.7576243877411
Female,Left,3,21.5,0.0030813714824265,0.6214360578808996,770.7576243877411
Female,Left,3,21.5,-0.0021912908251229,0.21316974524611523,770.7576243877411
Female,Left,3,21.5,-0.0033160275718837,0.3728650758715689,770.7576243877411
Female,Left,3,21.5,-0.0084989511956857,0.6015556169106016,770.7576243877411
Female,Left,3,21.5,-0.0025753495942278,0.4031615516342266,770.7576243877411
Female,Left,3,21.5,-0.0007178551537996,0.28306271060790056,770.7576243877411
Female,Left,3,21.5,-0.0009315036193886,0.3841101757132786,770.7576243877411
Female,Left,3,21.5,-0.0041984797003532,0.4474109057112682,770.7576243877411
Female,Left,3,21.5,-0.0020472611257975,0.18521010142594113,770.7576243877411
Female,Left,3,21.5,-0.002778629255413,0.3004936133107652,770.7576243877411
Female,Left,3,21.5,-0.0040401060454055,0.17568228561200902,770.7576243877411
Female,Left,3,21.5,0.0020963532330962,0.20420192143546992,770.7576243877411
Female,Left,3,21.5,-0.0003906346026328,0.3292806440333145,770.7576243877411
Female,Left,3,21.5,0.0038534708435137,0.3899977994456636,770.7576243877411
Female,Left,1,20.7,0.0044075590372704,0.7901850668267978,770.7576243877411
Female,Left,1,20.7,0.0012615803086562,0.8017545717634913,770.7576243877411
Female,Left,1,20.7,0.0033446939132469,0.6424444218713619,770.7576243877411
Female,Left,1,20.7,0.0003911245326837,0.8353789922607574,770.7576243877411
Female,Left,1,20.7,0.0010504601167839,1.3214775496696372,770.7576243877411
Female,Left,1,20.7,-0.0017165167065247,1.236421434723252,770.7576243877411
Female,Left,1,20.7,0.0039126663223794,0.8264366794800608,770.7576243877411
Female,Left,1,20.7,0.0016275603495622,0.9792113890532871,770.7576243877411
Female,Left,1,20.7,0.0042318172958503,2.0142241392628875,770.7576243877411
Female,Left,1,20.7,0.0018316168248985,0.7225774162079159,770.7576243877411
Female,Left,3,20.7,-0.002475217389103,1.901975083278781,770.7576243877411
Female,Left,3,20.7,-0.0023570807553804,2.1370948718869354,770.7576243877411
Female,Left,3,20.7,-0.0009704881696016,1.9147997059726516,770.7576243877411
Female,Left,3,20.7,-0.001669561366294,2.148764606661118,770.7576243877411
Female,Left,3,20.7,-0.0002938744355439,1.637087376921138,770.7576243877411
Female,Left,3,20.7,-0.0018957302497976,3.6831073946708286,770.7576243877411
Female,Left,3,20.7,-0.0010717686577767,2.4265567548800346,770.7576243877411
Female,Left,3,20.7,-0.0034111068288461,1.6257356642914387,770.7576243877411
Female,Left,3,20.7,-0.0039280722628988,1.7854847247931402,770.7576243877411
Female,Left,3,20.7,0.0001834739748185,1.6250340519794502,770.7576243877411
Female,Left,3,20.7,-0.0031099110875629,1.8602748471799049,770.7576243877411
Female,Left,3,20.7,0.0010127757673673,2.170587895305102,770.7576243877411
Female,Left,2,20.7,-0.0025467727313363,1.6483973269369776,770.7576243877411
Female,Left,2,20.7,-0.0008496223369003,1.0174099569136468,770.7576243877411
Female,Left,2,20.7,-0.0011046012453843,1.6161335108504624,770.7576243877411
Female,Left,2,20.7,0.0008266509695187,2.181388729151412,770.7576243877411
Female,Left,2,20.7,-0.0038458288041842,2.3856318785640385,770.7576243877411
Female,Left,2,20.7,-0.0015783102411412,1.329556813107688,770.7576243877411
Female,Left,2,20.7,-0.0018026367496157,1.3954112119230662,770.7576243877411
Female,Left,2,20.7,-0.0035299610086511,0.5173472256586981,770.7576243877411
Female,Left,2,20.7,4.94999360133003e-05,0.33721214263399096,770.7576243877411
Female,Left,2,20.7,0.0013916030606665,0.3857632198001342,770.7576243877411
Female,Left,2,20.7,-0.0039589121678951,0.2952915540886432,770.7576243877411
Female,Left,2,20.7,-0.0018791239495145,0.7360015943744079,770.7576243877411
Female,Left,2,20.7,-0.001921169934246,0.41288203889008224,770.7576243877411
Female,Left,3,20.7,-0.0011627551365393,0.3758553665277494,770.7576243877411
Female,Left,3,20.7,-0.0010984550580191,1.3993107874239317,770.7576243877411
Female,Left,3,20.7,-0.0064433376902631,0.43469984976816717,770.7576243877411
Female,Left,3,20.7,0.0025570846554752,1.0769700457442504,770.7576243877411
Female,Left,3,20.7,0.001273644744545,0.635343064530542,770.7576243877411
Female,Left,3,20.7,-0.0028787685924437,0.7050321176755565,770.7576243877411
Female,Left,3,20.7,-0.001537718932911,0.4718230832629924,770.7576243877411
Female,Left,1,20.7,-0.0001986678594011,0.3128366095279963,770.7576243877411
Female,Left,1,20.7,-0.0015036916588614,0.2068225289956125,770.7576243877411
Female,Left,1,20.7,-0.0027222740273888,0.2828706386725314,770.7576243877411
Female,Left,1,20.7,-0.0006735989257556,0.5342413887581694,770.7576243877411
Female,Left,1,20.7,-0.0023101162067448,0.2697747885190209,770.7576243877411
Female,Left,1,20.7,-0.0018945828262581,0.2805485092960142,770.7576243877411
Female,Left,1,20.7,-0.0017425582619302,0.19008949995243452,770.7576243877411
Female,Left,2,20.4,0.0002791404138071,0.36116732204410473,770.7576243877411
Female,Left,2,20.4,-0.0006252028143706,0.5476027556192608,770.7576243877411
Female,Left,2,20.4,0.0006516933770239,0.28754637755153895,770.7576243877411
Female,Left,2,20.4,0.0002521834854351,0.5166755140622324,770.7576243877411
Female,Left,2,20.4,0.0004304641914893,0.2047125761700213,770.7576243877411
Female,Left,2,20.4,-0.001751515708883,0.2551797645462787,770.7576243877411
Female,Left,2,20.4,0.0020480097867893,0.8303762900868473,770.7576243877411
Female,Left,2,20.4,-0.0001176468902007,0.23303106030887183,770.7576243877411
Female,Left,2,20.4,-0.0011917053180423,0.32931610573650044,770.7576243877411
Female,Left,2,20.4,0.0018537605580529,0.3449517504211569,770.7576243877411
Female,Left,2,20.4,-0.0001828427880104,0.26601015965927005,770.7576243877411
Female,Left,2,20.4,0.0011722721234038,0.29639549026224965,770.7576243877411
Female,Left,2,20.4,-0.000647090016527,0.6334449289108856,770.7576243877411
Female,Left,3,20.4,0.0033254663830381,0.46960409963224814,770.7576243877411
Female,Left,3,20.4,0.0012450853031002,0.4433176765050779,770.7576243877411
Female,Left,3,20.4,0.0030677182589025,0.39050623355952907,770.7576243877411
Female,Left,3,20.4,5.66843752459004e-05,0.39591497268869763,770.7576243877411
Female,Left,3,20.4,0.0016986637790695,0.5511488017057119,770.7576243877411
Female,Left,3,20.4,0.0005675435651047,0.36880238392829856,770.7576243877411
Female,Left,3,20.4,-0.0007621644230365,0.4351919225653933,770.7576243877411
Female,Left,3,20.4,-0.0012845014231211,0.2586471427402366,770.7576243877411
Female,Left,3,20.4,0.0011928917194687,0.3275122212930238,770.7576243877411
Female,Left,3,20.4,0.0020030874418424,0.9425579639790909,770.7576243877411
Female,Left,1,20.4,0.0039457366752587,0.4039983395015719,770.7576243877411
Female,Left,1,20.4,0.0007424288144281,0.31945450634155514,770.7576243877411
Female,Left,1,20.4,0.0009217030934751,0.40093123247114537,770.7576243877411
Female,Left,1,20.4,0.0031870460694058,0.27347903432136406,770.7576243877411
Female,Left,1,20.4,-0.0003707135029744,0.45197738089660355,770.7576243877411
Female,Left,1,20.4,-0.000666800009454,0.33422859543593103,770.7576243877411
Female,Left,1,20.4,0.0021395514538273,0.29020719545579554,770.7576243877411
Female,Left,1,20.4,0.0048437635604856,0.39906708835116705,770.7576243877411
Female,Left,1,20.4,0.0014804751135473,0.24252005943911298,770.7576243877411
Female,Left,1,20.4,-0.0005218866512165,0.37445678879273864,770.7576243877411
Female,Left,1,20.4,0.0016274826531064,0.5322798091044517,770.7576243877411
Female,Left,1,20.4,0.0011435847799954,0.24700245093128875,770.7576243877411
Female,Left,1,20.4,0.0004576595127805,0.21901521138882135,770.7576243877411
Female,Left,2,19.5,-0.0021519098801204,0.23527363035377521,770.7576243877411
Female,Left,2,19.5,-0.0034778278728692,0.3683263438067845,770.7576243877411
Female,Left,2,19.5,-0.0017490140518842,0.6423720490615137,770.7576243877411
Female,Left,2,19.5,-0.0020735377930805,0.5214894248527994,770.7576243877411
Female,Left,2,19.5,-0.0032974195717407,0.35381543446779457,770.7576243877411
Female,Left,2,19.5,-0.0025481320017438,0.26389952057127364,770.7576243877411
Female,Left,2,19.5,0.0001799319412384,0.2043587529045325,770.7576243877411
Female,Left,2,19.5,-0.0013680903403896,0.3103946627725737,770.7576243877411
Female,Left,2,19.5,-0.003509617189748,0.16184330553918988,770.7576243877411
Female,Left,2,19.5,-0.0004114369270089,0.5702281521771742,770.7576243877411
Female,Left,1,19.5,0.000936667055815,0.20526826699281286,770.7576243877411
Female,Left,1,19.5,-0.0002479694424366,0.5770438283057644,770.7576243877411
Female,Left,1,19.5,-0.0033876850003876,0.35147220602467055,770.7576243877411
Female,Left,1,19.5,5.95758632258129e-05,0.18433388376244184,770.7576243877411
Female,Left,1,19.5,-0.0006230102650201,0.24111730103292192,770.7576243877411
Female,Left,1,19.5,0.0002559951673334,0.23905713397699122,770.7576243877411
Female,Left,3,19.5,-0.0018226660785252,0.3914948438757892,770.7576243877411
Female,Left,3,19.5,-0.0059379450268461,0.32232638516666423,770.7576243877411
Female,Left,3,19.5,-0.0059875034395027,0.3456725991559522,770.7576243877411
Female,Left,3,19.5,-0.0087447991810382,0.23190153275656394,770.7576243877411
Female,Left,3,19.5,-0.0069390216629667,0.20695571501460341,770.7576243877411
Female,Left,3,19.5,-0.0015051202973268,0.36849657180392936,770.7576243877411
Female,Left,3,19.5,-0.009441347172016,0.4969967722883566,770.7576243877411
Female,Left,3,19.5,-0.0053918516390607,0.2735949257631784,770.7576243877411
Female,Left,3,19.5,-0.0032839378284388,0.2944945888932953,770.7576243877411
Female,Left,3,19.5,-0.0044407788521736,0.33572277034023473,770.7576243877411
Female,Left,3,19.5,-0.0042361938786643,0.33327109863963467,770.7576243877411
Female,Left,3,19.5,-0.0063260464144428,0.29392139799504585,770.7576243877411
Female,Left,2,24.1,-0.0004371670665685,0.23511865656809852,770.7576243877411
Female,Left,2,24.1,0.0001875386508401,0.37461031634375613,770.7576243877411
Female,Left,2,24.1,-0.0022803890920881,0.26405613032112646,770.7576243877411
Female,Left,2,24.1,0.0010676276695578,0.2058048965176647,770.7576243877411
Female,Left,2,24.1,-0.0013030624719243,0.19991103255326767,770.7576243877411
Female,Left,2,24.1,-0.0003658206874537,0.3776380056462982,770.7576243877411
Female,Left,2,24.1,-6.67722704486392e-05,0.5112295651156208,770.7576243877411
Female,Left,2,24.1,0.0007272519544146,0.6369787160536705,770.7576243877411
Female,Left,2,24.1,-0.0021500047527017,0.5396745364891705,770.7576243877411
Female,Left,1,24.1,0.0031943205182604,0.2810298048590691,770.7576243877411
Female,Left,1,24.1,0.0006774916993163,0.17464586680768912,770.7576243877411
Female,Left,1,24.1,0.0024274123249128,0.540498633992596,770.7576243877411
Female,Left,1,24.1,-0.0017173338438174,0.3068875560065373,770.7576243877411
Female,Left,1,24.1,-0.0013130878519673,0.34317351630462983,770.7576243877411
Female,Left,1,24.1,0.0017543101837789,0.19130260905005647,770.7576243877411
Female,Left,1,24.1,-0.0002271938658997,0.23202899053803863,770.7576243877411
Female,Left,1,24.1,0.0003369136024317,0.24770521162851594,770.7576243877411
Female,Left,1,24.1,0.0025930245372823,0.2738591058304835,770.7576243877411
Female,Left,3,24.1,0.0005079666589195,0.5498167102447348,770.7576243877411
Female,Left,3,24.1,-0.0041344147103646,0.4476289953620395,770.7576243877411
Female,Left,3,24.1,0.0006816272023907,0.999382364755661,770.7576243877411
Female,Left,3,24.1,0.0007627349610804,0.2907912826371072,770.7576243877411
Female,Left,3,24.1,0.0028099820361354,0.23557916369664794,770.7576243877411
Female,Left,3,24.1,0.001806830556526,0.5831247444895808,770.7576243877411
Female,Left,3,24.1,0.0005361186256213,0.49229044673208716,770.7576243877411
Female,Left,3,24.1,0.003019987013434,0.5462156469985197,770.7576243877411
Female,Left,3,24.1,-0.0012127524303766,0.6196024471040092,770.7576243877411
Female,Left,3,24.1,-0.0007465239350344,0.47458544655747786,770.7576243877411
Female,Left,3,24.1,-0.0020907869556494,0.44961941331374994,770.7576243877411
Female,Left,3,24.1,-0.0033716934594455,0.9430323750660847,770.7576243877411
Female,Left,3,24.1,-0.0011135486591866,0.3160870065102611,770.7576243877411
Female,Left,1,29.2,0.0019628987070475,0.27879166643300246,770.7576243877411
Female,Left,1,29.2,0.0030798999261392,0.43679205011349703,770.7576243877411
Female,Left,1,29.2,0.0009627084705607,0.37622225756323907,770.7576243877411
Female,Left,1,29.2,0.0025393937900884,0.23606933782349732,770.7576243877411
Female,Left,1,29.2,0.0018819504691414,0.37359061202077093,770.7576243877411
Female,Left,1,29.2,0.0018216992031294,0.23841177235452599,770.7576243877411
Female,Left,1,29.2,0.0042411377795479,0.30285218087218585,770.7576243877411
Female,Left,1,29.2,0.002895424892881,0.30850384354600285,770.7576243877411
Female,Left,3,29.2,0.002516165484908,0.2974753202935539,770.7576243877411
Female,Left,3,29.2,0.0031597938071922,0.45110267782342,770.7576243877411
Female,Left,3,29.2,-0.000865799693072,0.21321405142611513,770.7576243877411
Female,Left,3,29.2,-0.0006292510231455,1.2268349274840795,770.7576243877411
Female,Left,3,29.2,0.0035854574666479,1.1656370371473432,770.7576243877411
Female,Left,3,29.2,0.0012521076931884,0.5788363350764693,770.7576243877411
Female,Left,3,29.2,0.0006853115748952,0.21615788361021387,770.7576243877411
Female,Left,3,29.2,0.000330025677428,0.25290027848975494,770.7576243877411
Female,Left,3,29.2,0.0002265095868543,0.3506438369114703,770.7576243877411
Female,Left,3,29.2,0.0005644417893838,0.2651580629297909,770.7576243877411
Female,Left,3,29.2,-0.0013599121732621,0.3707719838572509,770.7576243877411
Female,Left,2,29.2,-0.0009943768731598,0.42624277259540455,770.7576243877411
Female,Left,2,29.2,0.0040953472940835,0.4741346324455013,770.7576243877411
Female,Left,2,29.2,0.0014218451219318,0.21621001214078653,770.7576243877411
Female,Left,2,29.2,0.0028906585465909,0.17149018603668423,770.7576243877411
Female,Left,2,29.2,0.0035330973279145,0.9960770982757797,770.7576243877411
Female,Left,2,29.2,0.0022963720693824,0.22914429366607797,770.7576243877411
Female,Left,2,29.2,0.0016599863361023,0.21427595323856963,770.7576243877411
Female,Left,2,29.2,0.0025743111648255,0.18959979411972802,770.7576243877411
Female,Left,2,29.2,-0.0021853662483252,0.18813889527723776,770.7576243877411
Female,Left,2,29.2,-0.002539749525793,0.5116658289783078,770.7576243877411
Female,Left,2,29.2,0.0033768337219565,0.24628515418208258,770.7576243877411
Female,Left,2,29.2,4.20379424806347e-06,0.23785674707240378,770.7576243877411
Female,Left,2,20.8,0.0033240134454795,0.3792627323131854,770.7576243877411
Female,Left,2,20.8,-0.000995637579413,0.4655125201045002,770.7576243877411
Female,Left,2,20.8,-0.0021916038231057,0.30724446233396435,770.7576243877411
Female,Left,2,20.8,0.0029807000136144,0.6275898682055318,770.7576243877411
Female,Left,2,20.8,0.0001141027773447,0.32390560697146464,770.7576243877411
Female,Left,2,20.8,0.0039827656635036,0.28493242300269067,770.7576243877411
Female,Left,2,20.8,0.0040776162304931,0.31196410435519856,770.7576243877411
Female,Left,2,20.8,-0.0032305526452441,0.277402079470384,770.7576243877411
Female,Left,2,20.8,-0.0061263909186777,0.4648591826930381,770.7576243877411
Female,Left,2,20.8,-0.0012275928371236,0.6465426167033099,770.7576243877411
Female,Left,1,20.8,-0.0017944566864582,0.3371958604676023,770.7576243877411
Female,Left,1,20.8,-0.0069014359886251,0.4042903298707198,770.7576243877411
Female,Left,1,20.8,-0.0001694369235543,0.3463397986321175,770.7576243877411
Female,Left,3,20.8,-0.0030457871889968,0.3813757883315184,770.7576243877411
Female,Left,3,20.8,-0.0022350456841588,0.5886274369402521,770.7576243877411
Female,Left,3,20.8,-0.002121287218481,0.5674859950995003,770.7576243877411
Female,Left,3,20.8,-0.0011147879416566,0.31296883311268203,770.7576243877411
Female,Left,3,20.8,-0.0002847444277724,0.2982998024173548,770.7576243877411
Female,Left,3,20.8,-0.0026954887664793,0.640101901164853,770.7576243877411
Female,Left,3,20.8,0.0014052263627008,0.5576919795102309,770.7576243877411
Female,Left,3,20.8,0.0012325310550656,0.5422592399306335,770.7576243877411
Female,Left,3,20.8,-0.0028931542841175,0.4497021007779961,770.7576243877411
Female,Left,3,20.8,0.0038808582769503,0.43871092423555635,770.7576243877411
Female,Left,3,20.8,-0.0030625210711605,0.5463537607649821,770.7576243877411
Female,Left,3,20.8,-0.0019314932246672,0.6966856268086172,770.7576243877411
Female,Left,2,21.0,-0.0073438476560254,0.6250162420683845,770.7576243877411
Female,Left,2,21.0,-0.0088058965506991,0.30873479049948077,770.7576243877411
Female,Left,2,21.0,-0.0082504830353431,0.21579370741472476,770.7576243877411
Female,Left,2,21.0,-0.0113317158109179,0.28342282629653204,770.7576243877411
Female,Left,2,21.0,-0.0089674095868791,0.4293745325072815,770.7576243877411
Female,Left,2,21.0,-0.0081414249918475,0.4143722173913294,770.7576243877411
Female,Left,2,21.0,-0.009079477498352,0.4163267432361168,770.7576243877411
Female,Left,2,21.0,-0.0092539196222462,0.6177752343587023,770.7576243877411
Female,Left,3,21.0,-0.007118492512539,0.3671295379918222,770.7576243877411
Female,Left,3,21.0,-0.0083974452997286,0.5477600150648192,770.7576243877411
Female,Left,3,21.0,-0.0081635805393998,0.2653167897543489,770.7576243877411
Female,Left,3,21.0,-0.0087395887512254,0.23983025494981497,770.7576243877411
Female,Left,3,21.0,-0.0079343318730407,0.44151709821340307,770.7576243877411
Female,Left,3,21.0,-0.0099098764846427,0.5734417498371546,770.7576243877411
Female,Left,3,21.0,-0.0071523950081575,0.2883460573034666,770.7576243877411
Female,Left,3,21.0,-0.0106438545051989,0.6387181767788404,770.7576243877411
Female,Left,1,21.0,-0.0111876000656176,0.2549996707608816,770.7576243877411
Female,Left,1,21.0,-0.0066329107649022,0.18070272963463163,770.7576243877411
Female,Left,1,21.0,-0.0078645938992358,0.36723779367673526,770.7576243877411
Female,Left,1,21.0,-0.0065958343277189,0.2138065401148716,770.7576243877411
Female,Left,1,21.0,-0.0086318613014527,0.16940825670401866,770.7576243877411
Female,Left,1,21.0,-0.0081122730791681,0.30818810958510723,770.7576243877411
Female,Left,1,21.0,-0.0091456961997945,0.262530630116423,770.7576243877411
Female,Left,1,21.0,-0.00729034608993,0.2493235443236749,770.7576243877411
Female,Left,1,21.0,-0.0109431057841217,0.4366497541499579,770.7576243877411
Female,Left,1,21.0,-0.0063915143464166,0.4465782580553735,770.7576243877411
Female,Left,2,20.8,-0.0033781619822739,0.48745479442330997,770.7576243877411
Female,Left,2,20.8,-0.0063659360526019,0.49038014039686395,770.7576243877411
Female,Left,2,20.8,-0.0078570655817077,0.32579295604531966,770.7576243877411
Female,Left,2,20.8,-0.0042354609349692,0.35926791520795365,770.7576243877411
Female,Left,2,20.8,-0.0041623499445896,0.3583984723782567,770.7576243877411
Female,Left,2,20.8,-0.0037631334817057,0.26914233496481715,770.7576243877411
Female,Left,2,20.8,-0.0063563456833273,0.43923817263878695,770.7576243877411
Female,Left,2,20.8,-0.0074346752075892,0.24833518303744687,770.7576243877411
Female,Left,1,20.8,-0.0045677844315233,0.30095113400157936,770.7576243877411
Female,Left,1,20.8,-0.0017457235086568,0.37754211677057375,770.7576243877411
Female,Left,1,20.8,-0.00526677096793,0.2537559141505611,770.7576243877411
Female,Left,1,20.8,-0.0053592224685036,0.19736101308925835,770.7576243877411
Female,Left,1,20.8,-0.0024863925783274,0.2456010712809052,770.7576243877411
Female,Left,1,20.8,-0.0051397918936198,0.32033566778034606,770.7576243877411
Female,Left,1,20.8,-0.0028240262169215,0.41383180690035837,770.7576243877411
Female,Left,1,20.8,-0.0036985530691785,0.2011635790031892,770.7576243877411
Female,Left,1,20.8,-0.0052282242586074,0.3171880427014156,770.7576243877411
Female,Left,3,20.8,-0.0065937865327596,0.4373260827090249,770.7576243877411
Female,Left,3,20.8,-0.0044884881793543,0.3031463239227447,770.7576243877411
Female,Left,3,20.8,-0.0076851530197378,0.390964709379301,770.7576243877411
Female,Left,3,20.8,-0.0041129104657044,0.4755080719553219,770.7576243877411
Female,Left,3,20.8,-0.0058089979273972,0.33572817851472037,770.7576243877411
Female,Left,3,20.8,-0.004659424460901,0.3374616720474659,770.7576243877411
Female,Left,3,20.8,-0.0053538220200391,0.28634735206447764,770.7576243877411
Female,Left,3,20.8,-0.0044094186328865,0.6487933079050969,770.7576243877411
Female,Left,3,20.8,-0.0070533143266849,0.29092331338243027,770.7576243877411
Female,Left,2,19.7,-6.96167684763921e-05,2.535658979677877,770.7576243877411
Female,Left,2,19.7,-0.0022986508728539,1.4834438192406805,770.7576243877411
Female,Left,2,19.7,0.0016881746476469,1.7199074783257264,770.7576243877411
Female,Left,2,19.7,-0.001373054522083,2.1356099808902047,770.7576243877411
Female,Left,2,19.7,-0.003030462981912,1.661435563956889,770.7576243877411
Female,Left,2,19.7,-0.0038636001799125,2.7619058351555634,770.7576243877411
Female,Left,2,19.7,-0.004213764409458,1.7105030614180479,770.7576243877411
Female,Left,2,19.7,-0.0038365816648541,1.6053430445469845,770.7576243877411
Female,Left,2,19.7,-0.0023818212108877,1.622897977877727,770.7576243877411
Female,Left,2,19.7,-0.0055810100867066,1.8806453404732775,770.7576243877411
Female,Left,2,19.7,-0.0013001339338904,1.83562588777595,770.7576243877411
Female,Left,2,19.7,0.0005390647980552,1.9438448067070933,770.7576243877411
Female,Left,2,19.7,0.0007647700432229,1.5031698846011436,770.7576243877411
Female,Left,1,19.7,0.005241120748429,1.6143303922963324,770.7576243877411
Female,Left,1,19.7,-0.0020015544441802,1.6160005105114774,770.7576243877411
Female,Left,1,19.7,0.0024378717021694,1.5512871297757695,770.7576243877411
Female,Left,1,19.7,0.0002558942091377,1.670118035155586,770.7576243877411
Female,Left,1,19.7,-0.0008988922874767,1.638797463947333,770.7576243877411
Female,Left,1,19.7,-0.0019036499614633,1.5894309526756702,770.7576243877411
Female,Left,1,19.7,-0.002078147515598,1.680774968125078,770.7576243877411
Female,Left,1,19.7,0.0026078200899009,1.6269912739269619,770.7576243877411
Female,Left,1,19.7,-0.0023520929358745,1.7261694184665914,770.7576243877411
Female,Left,1,19.7,-0.0011240571529446,1.770066376122219,770.7576243877411
Female,Left,3,19.7,-0.0025072893694777,2.320748751611627,770.7576243877411
Female,Left,3,19.7,-0.0016830078579566,1.76959090540905,770.7576243877411
Female,Left,3,19.7,-0.0041604353011531,2.309168255169076,770.7576243877411
Female,Left,3,19.7,-0.004051258166476,2.578906656388938,770.7576243877411
Female,Left,3,19.7,-0.0032325555558273,1.9128938354776444,770.7576243877411
Female,Left,3,19.7,-0.0041191876170179,2.5121857140165567,770.7576243877411
Female,Left,3,19.7,-0.0059747332364952,2.6231640632595643,770.7576243877411
Female,Left,3,19.7,-0.0015705763966504,2.6692255234048443,770.7576243877411
Female,Left,3,19.7,-0.0031738121342935,1.8356155617900765,770.7576243877411
Female,Left,3,19.7,-0.0018813464354289,2.5035430690675184,770.7576243877411
Female,Left,3,19.7,0.0021119533181452,2.6458070498715154,770.7576243877411
Female,Left,3,19.7,-0.0022820272959594,2.6749192080380366,770.7576243877411
Female,Left,3,19.7,-0.0019442375726339,2.528114170390112,770.7576243877411
Female,Left,2,19.2,0.0080789214336027,0.8441353648722998,770.7576243877411
Female,Left,2,19.2,0.0089898945977647,0.2733740807240717,770.7576243877411
Female,Left,2,19.2,0.0082913810752658,0.2732653756785998,770.7576243877411
Female,Left,2,19.2,0.0046234207336362,0.25897796116383665,770.7576243877411
Female,Left,2,19.2,0.0052504274354757,0.2756296318503052,770.7576243877411
Female,Left,2,19.2,0.005612937890936,1.2966679522874778,770.7576243877411
Female,Left,2,19.2,0.0051424539375627,0.24904936660906601,770.7576243877411
Female,Left,2,19.2,0.002942652609406,0.34026549326226124,770.7576243877411
Female,Left,2,19.2,5.41787823984902e-05,0.40006013630037646,770.7576243877411
Female,Left,2,19.2,0.0061081391141212,0.26192712676061053,770.7576243877411
Female,Left,2,19.2,0.002511830579628,0.9942008311099672,770.7576243877411
Female,Left,2,19.2,0.0007732939214305,0.365281629329489,770.7576243877411
Female,Left,1,19.2,0.0070420332183618,0.4935137839330878,770.7576243877411
Female,Left,1,19.2,0.0072928185009972,0.28061739727066515,770.7576243877411
Female,Left,1,19.2,0.007617629543213,0.18271217528904168,770.7576243877411
Female,Left,1,19.2,0.0041644313159318,0.39642112078346514,770.7576243877411
Female,Left,1,19.2,0.0051131594987973,0.5251395859202709,770.7576243877411
Female,Left,1,19.2,0.0043254945493653,0.16315804138225695,770.7576243877411
Female,Left,1,19.2,-0.0023791609155375,0.1997444095253928,770.7576243877411
Female,Left,1,19.2,0.0007101387379681,0.6620524109857111,770.7576243877411
Female,Left,1,19.2,0.0015590198894553,0.20610478268607746,770.7576243877411
Female,Left,1,19.2,0.0032481514795394,0.31450524615209674,770.7576243877411
Female,Left,3,19.2,0.0074953926285209,0.24106781197014304,770.7576243877411
Female,Left,3,19.2,0.0099701301174049,0.40296968236837516,770.7576243877411
Female,Left,3,19.2,0.0011534613054305,0.3205574094672782,770.7576243877411
Female,Left,3,19.2,0.007456024005527,0.6303647535573228,770.7576243877411
Female,Left,3,19.2,0.0048751034264397,0.49004019509315117,770.7576243877411
Female,Left,3,19.2,0.0011990747433521,0.6649520265412585,770.7576243877411
Female,Left,3,19.2,0.0033907544360094,0.4817899448073227,770.7576243877411
Female,Left,3,19.2,-0.00217998208236,0.3423379077651771,770.7576243877411
Female,Left,3,19.2,0.0043199266531609,0.6255064789805265,770.7576243877411
Female,Left,3,19.2,0.0001624757868827,0.39433485027508586,770.7576243877411
Female,Left,3,19.2,-0.002586615256837,0.730780260452949,770.7576243877411
Female,Left,3,19.2,0.0049962299203761,0.29053760678217416,770.7576243877411
Female,Left,3,19.2,0.0071332340829546,0.3148741397901056,770.7576243877411
Female,Left,2,22.9,-0.0008948579031673,0.394715174564572,770.7576243877411
Female,Left,2,22.9,-0.0009840252041382,0.4553329933925238,770.7576243877411
Female,Left,2,22.9,-0.0005434517362909,0.6933374250270762,770.7576243877411
Female,Left,2,22.9,-0.000747284807961,0.5505854871468674,770.7576243877411
Female,Left,2,22.9,-0.0023828581382787,0.28178761591636453,770.7576243877411
Female,Left,2,22.9,-0.0021408313766705,0.41169015986500307,770.7576243877411
Female,Left,2,22.9,-0.0018532881455958,0.5770658674946069,770.7576243877411
Female,Left,2,22.9,-0.0053702046337004,0.3306097876643098,770.7576243877411
Female,Left,2,22.9,-0.000795294823199,0.31545240441451877,770.7576243877411
Female,Left,3,23.0,-0.0054049778222686,0.5058030164635948,770.7576243877411
Female,Left,3,23.0,-0.0064540695029163,0.35182273509689577,770.7576243877411
Female,Left,3,23.0,-0.0064643250063642,0.4482717988116015,770.7576243877411
Female,Left,3,23.0,-0.0012639145019311,0.595663294940196,770.7576243877411
Female,Left,3,23.0,-0.0009902603840438,0.41046745290518694,770.7576243877411
Female,Left,3,23.0,-0.0037251377530023,0.7524824488109896,770.7576243877411
Female,Left,3,23.0,0.0024862668450082,0.3970148403815988,770.7576243877411
Female,Left,3,23.0,-0.0061354638480502,0.3257285821251789,770.7576243877411
Female,Left,3,23.0,0.0012848157496629,0.5699124827783699,770.7576243877411
Female,Left,3,23.0,-0.0038805857095832,1.0980947221820658,770.7576243877411
Female,Left,1,23.1,0.0018081282280835,0.4854429181240627,770.7576243877411
Female,Left,1,23.1,-0.0009541040042713,0.2732854986138296,770.7576243877411
Female,Left,1,23.1,-0.0001674340726976,0.2655723637161453,770.7576243877411
Female,Left,1,23.1,-0.0011390374059515,0.5773962355154666,770.7576243877411
Female,Left,1,23.1,-0.002287001240301,0.757619665583254,770.7576243877411
Female,Left,1,23.1,-0.0001624715469724,0.4879087454854927,770.7576243877411
Female,Left,1,23.1,-0.000270815320276,0.4613203211437121,770.7576243877411
Female,Left,1,23.1,-0.0001845510113775,0.35986061023065574,770.7576243877411
Female,Left,1,23.1,0.0004991091650072,0.35683664783954616,770.7576243877411
Female,Left,1,23.1,-0.0020537450959512,0.44939625507761355,770.7576243877411
Female,Left,1,27.7,-0.0078750210696018,0.28326382823898233,770.7576243877411
Female,Left,1,27.7,-0.0110111968729988,0.2500304469433855,770.7576243877411
Female,Left,1,27.7,-0.0072416963589993,0.26132356334527496,770.7576243877411
Female,Left,1,27.7,-0.0078032574176566,0.5458975404463282,770.7576243877411
Female,Left,1,27.7,-0.0109104596489741,0.6978866758367845,770.7576243877411
Female,Left,1,27.7,-0.0141014084450797,0.35342576067559534,770.7576243877411
Female,Left,1,27.7,-0.0126991973373917,0.4792890676371606,770.7576243877411
Female,Left,1,27.7,-0.0151391002773496,0.39940981748903803,770.7576243877411
Female,Left,1,27.7,-0.0119854010272932,0.30677323501775,770.7576243877411
Female,Left,1,27.7,-0.0122660114070153,2.22561707974459,770.7576243877411
Female,Left,3,27.7,-0.009513363385824,0.5139862849445727,770.7576243877411
Female,Left,3,27.7,-0.0140037801726537,0.2847048452428809,770.7576243877411
Female,Left,3,27.7,-0.0112156222936805,0.8134685285078057,770.7576243877411
Female,Left,3,27.7,-0.0121213136614435,0.7166728222531105,770.7576243877411
Female,Left,3,27.7,-0.0134122344482585,0.6761044134171833,770.7576243877411
Female,Left,3,27.7,-0.0088496623085041,0.38071362285511134,770.7576243877411
Female,Left,3,27.7,-0.010791331116023,0.5550569225965942,770.7576243877411
Female,Left,3,27.7,-0.0131290723106624,0.653361958768336,770.7576243877411
Female,Left,3,27.7,-0.0102035202550928,0.5009005453800568,770.7576243877411
Female,Left,2,27.7,-0.0091429274513493,0.31049732184354106,770.7576243877411
Female,Left,2,27.7,-0.0071875180465974,0.4357288945295162,770.7576243877411
Female,Left,2,27.7,-0.0099922168509169,0.3916113007754663,770.7576243877411
Female,Left,2,27.7,-0.0114296643677869,0.26308804246421447,770.7576243877411
Female,Left,2,27.7,-0.0109935268559249,0.16150685274674917,770.7576243877411
Female,Left,2,27.7,-0.0078531008256201,0.7134419746203795,770.7576243877411
Female,Left,2,27.7,-0.0085566074144152,0.8664740728423429,770.7576243877411
Female,Left,2,27.7,-0.0092516513615059,1.5386800963782057,770.7576243877411
Female,Left,2,27.7,-0.010056065097836,0.8562724782978606,770.7576243877411
Female,Left,2,27.7,-0.0128530569170019,2.123358519239696,770.7576243877411
Female,Left,2,27.7,-0.0113156307085622,0.5378435426027647,770.7576243877411
Female,Left,2,23.5,-0.0052473614610251,47.78194699133661,770.7576243877411
Female,Left,2,23.5,-0.0045519246710092,46.52876653274197,770.7576243877411
Female,Left,2,23.5,-0.0015175869782725,47.4236730708165,770.7576243877411
Female,Left,2,23.5,-0.0025401939574898,47.02532532967612,770.7576243877411
Female,Left,2,23.5,-0.0105119881415467,46.7862853537229,770.7576243877411
Female,Left,2,23.5,-0.0076565746614943,46.92291373923976,770.7576243877411
Female,Left,2,23.5,-0.0013873295007917,46.41032064617184,770.7576243877411
Female,Left,2,23.5,-0.0032002449470482,48.06380303643257,770.7576243877411
Female,Left,2,23.5,-0.0097542095864428,46.624831547568284,770.7576243877411
Female,Left,2,23.5,-0.0103237728858342,47.360125453241054,770.7576243877411
Female,Left,2,23.5,0.001166879471449,46.754962678370894,770.7576243877411
Female,Left,2,23.5,-0.0048667735550345,46.504521494665376,770.7576243877411
Female,Left,3,23.5,-0.0077840268835937,58.16185158253168,770.7576243877411
Female,Left,3,23.5,-0.0098180169283991,58.67729419207959,770.7576243877411
Female,Left,3,23.5,-0.0040166048239493,58.58894608129881,770.7576243877411
Female,Left,3,23.5,-0.0047805004096618,58.51950111756859,770.7576243877411
Female,Left,3,23.5,-0.006426107453168,60.0523498412054,770.7576243877411
Female,Left,3,23.5,-0.007289409492322,59.91252258950929,770.7576243877411
Female,Left,3,23.5,-0.001676933192985,59.22891798460994,770.7576243877411
Female,Left,3,23.5,-0.0081452391918511,59.473152314413134,770.7576243877411
Female,Left,3,23.5,-0.0060871169230111,58.230056042129675,770.7576243877411
Female,Left,3,23.5,-0.007276105439313,59.30614363917044,770.7576243877411
Female,Left,1,23.5,0.0008513488888603,28.902153291613867,770.7576243877411
Female,Left,1,23.5,0.0018219041680024,29.014518652090334,770.7576243877411
Female,Left,1,23.5,0.0015525603366083,28.987601034385406,770.7576243877411
Female,Left,1,23.5,0.0009632610684365,29.243527796959164,770.7576243877411
Female,Left,1,23.5,0.0032550016228933,29.545946065472183,770.7576243877411
Female,Left,1,23.5,-0.0003153876867669,30.343133162228987,770.7576243877411
Female,Left,1,23.5,0.0018767913605752,29.07204867300242,770.7576243877411
Female,Left,1,23.5,0.0012725177622225,29.15858714426287,770.7576243877411
Female,Left,1,23.5,-3.80844593143251e-06,29.54060977554654,770.7576243877411
Female,Left,1,23.5,0.003441044677725,28.709137843456535,770.7576243877411
Female,Left,2,23.2,0.0015702041633847,40.686936835401525,770.7576243877411
Female,Left,2,23.2,-0.0023955653823425,41.52425846663535,770.7576243877411
Female,Left,2,23.2,0.0015564941739782,40.15098400270265,770.7576243877411
Female,Left,2,23.2,0.0011930412643528,40.5984455258925,770.7576243877411
Female,Left,2,23.2,-0.0001193585765293,40.831584599041975,770.7576243877411
Female,Left,2,23.2,-0.0006643123329265,40.25603595441954,770.7576243877411
Female,Left,2,23.2,0.0003582711539731,41.01692552722929,770.7576243877411
Female,Left,2,23.2,0.0014895536377284,40.02439540048081,770.7576243877411
Female,Left,2,23.2,0.0027366912020354,40.63081694788829,770.7576243877411
Female,Left,3,23.2,0.0019649606353468,50.12673351489934,770.7576243877411
Female,Left,3,23.2,0.001423380925054,49.819242490873634,770.7576243877411
Female,Left,3,23.2,0.0002760784135208,50.99721181987836,770.7576243877411
Female,Left,3,23.2,0.0003863620557128,49.961356621596074,770.7576243877411
Female,Left,3,23.2,0.0029938935661774,50.23505081415284,770.7576243877411
Female,Left,3,23.2,0.0002205326100599,50.85557025945648,770.7576243877411
Female,Left,3,23.2,-1.83274872659338e-05,50.480913657612064,770.7576243877411
Female,Left,3,23.2,-0.0017974041424061,50.84945900557871,770.7576243877411
Female,Left,3,23.2,-0.0008481467225282,49.905104855872814,770.7576243877411
Female,Left,3,23.2,-9.97004538972684e-05,50.82541069277218,770.7576243877411
Female,Left,3,23.2,0.0004921363792571,51.264388309178024,770.7576243877411
Female,Left,3,23.2,0.0011527773140702,51.06798551116945,770.7576243877411
Female,Left,1,23.2,0.001826832304268,26.01653205970917,770.7576243877411
Female,Left,1,23.2,-0.0008458477705369,25.413297008419566,770.7576243877411
Female,Left,1,23.2,0.0021244158215671,25.88357117803008,770.7576243877411
Female,Left,1,23.2,-0.0012454686945272,25.68862890451638,770.7576243877411
Female,Left,1,23.2,0.0045149645269203,25.705718268456298,770.7576243877411
Female,Left,1,23.2,-0.0003570306264491,26.22614187595264,770.7576243877411
Female,Left,1,23.2,-0.0019552454412232,26.10147478773261,770.7576243877411
Female,Left,1,23.2,-0.0001778269225148,25.799884848567583,770.7576243877411
Female,Left,1,18.9,0.0068417610255727,0.9203976005851211,770.7576243877411
Female,Left,1,18.9,0.0079003316455995,0.22016723608816663,770.7576243877411
Female,Left,1,18.9,0.0092255697442412,0.457651020719107,770.7576243877411
Female,Left,1,18.9,0.0107838655966389,0.7888294370706692,770.7576243877411
Female,Left,1,18.9,0.0095740619622741,0.3643335002573793,770.7576243877411
Female,Left,1,18.9,0.0139454699103306,0.6305137364643554,770.7576243877411
Female,Left,1,18.9,0.0131614093272718,0.7644039300458053,770.7576243877411
Female,Left,1,18.9,0.0082739549407912,0.45496638363029823,770.7576243877411
Female,Left,1,18.9,0.01192380066044,0.2587530810542554,770.7576243877411
Female,Left,3,18.9,0.0096728272435091,0.5624143259993094,770.7576243877411
Female,Left,3,18.9,0.0056913180971951,0.2856167379502577,770.7576243877411
Female,Left,3,18.9,0.0070181609840636,0.4054796138588787,770.7576243877411
Female,Left,3,18.9,0.0048464740301313,0.7128847330870139,770.7576243877411
Female,Left,3,18.9,0.0068909842700984,0.36291868338376065,770.7576243877411
Female,Left,3,18.9,0.0059417426452077,0.4270105026291941,770.7576243877411
Female,Left,3,18.9,0.0088530887658534,0.3044258040897165,770.7576243877411
Female,Left,3,18.9,0.0071607334901053,0.7873666277018724,770.7576243877411
Female,Left,3,18.9,0.00713431074663,0.39371713556508803,770.7576243877411
Female,Left,3,18.9,0.0087312607637795,0.7410417985887376,770.7576243877411
Female,Left,3,18.9,0.0090079249437064,0.5342410024675908,770.7576243877411
Female,Left,2,18.9,0.0119394463145144,0.32579810398390074,770.7576243877411
Female,Left,2,18.9,0.0089243097446358,1.0571969343756773,770.7576243877411
Female,Left,2,18.9,0.0069132297144042,0.49749359958982986,770.7576243877411
Female,Left,2,18.9,0.0110302403702362,0.5587679354709496,770.7576243877411
Female,Left,2,18.9,0.007486427656403,1.2856278898291131,770.7576243877411
Female,Left,2,18.9,0.0076955902391229,0.28023666267312103,770.7576243877411
Female,Left,2,18.9,0.0117304723544774,0.32183875665109557,770.7576243877411
Female,Left,2,18.9,0.0070241182629253,0.5533398137714514,770.7576243877411
Female,Left,2,18.9,0.0084287390306273,0.6710043867196439,770.7576243877411
Female,Left,2,18.9,0.0082953970347311,0.4271084626821074,770.7576243877411
Female,Left,1,21.3,-0.0014816158637144,27.894660064694758,770.7576243877411
Female,Left,1,21.3,-0.0010892808332231,26.564111283834702,770.7576243877411
Female,Left,1,21.3,-0.003581998052871,27.27438852389063,770.7576243877411
Female,Left,1,21.3,0.0016886345784164,27.836031360327638,770.7576243877411
Female,Left,1,21.3,-0.0006523768104142,28.13012878091855,770.7576243877411
Female,Left,1,21.3,0.0018317403330826,26.954393589040123,770.7576243877411
Female,Left,1,21.3,-0.0037392413801225,27.619130924156764,770.7576243877411
Female,Left,1,21.3,-0.0022283301928856,27.451987187791126,770.7576243877411
Female,Left,1,21.3,0.0051724638546634,27.630953876917992,770.7576243877411
Female,Left,3,21.3,0.0007589612114031,37.325121186416666,770.7576243877411
Female,Left,3,21.3,0.0008567278194552,38.638829252900095,770.7576243877411
Female,Left,3,21.3,-0.0045293616417926,38.42069518315942,770.7576243877411
Female,Left,3,21.3,-0.00134357068869,38.33509981720506,770.7576243877411
Female,Left,3,21.3,-0.001663303633746,37.90256932842577,770.7576243877411
Female,Left,3,21.3,0.0019038441629112,37.91467391488915,770.7576243877411
Female,Left,3,21.3,-0.0005344919529012,38.23948012611635,770.7576243877411
Female,Left,3,21.3,-0.0002503315325657,36.986728706078104,770.7576243877411
Female,Left,2,21.3,-0.0028491989003232,39.190144683275655,770.7576243877411
Female,Left,2,21.3,-0.001341180152627,38.9816993346904,770.7576243877411
Female,Left,2,21.3,0.0012472980200941,39.14042894523222,770.7576243877411
Female,Left,2,21.3,-0.0027203875933688,38.66261001161352,770.7576243877411
Female,Left,2,21.3,-0.0023368772633603,39.367393175303896,770.7576243877411
Female,Left,2,21.3,-0.0014036329451988,39.08310606495288,770.7576243877411
Female,Left,2,21.3,-0.0010975512406015,37.38217352573651,770.7576243877411
Female,Left,2,21.3,0.003021571586736,39.22878471785075,770.7576243877411
Female,Left,2,21.3,-0.0011447560295778,38.88845228888825,770.7576243877411
Female,Left,2,21.3,-0.0016974518528979,39.04295711777704,770.7576243877411
