Female,Left,2,27.4,0.0318065673093991,3.9687231377891448,8.809842824935913
Female,Left,2,27.4,0.0318127721841053,3.648724593447348,8.809842824935913
Female,Left,2,27.4,0.0317958395070877,4.780211706122743,8.809842824935913
Female,Left,2,27.4,0.0318012706230616,4.294152505582174,8.809842824935913
Female,Left,2,27.4,0.031791797338091,3.595569917608144,8.809842824935913
Female,Left,2,27.4,0.031813811509202,4.091269859060257,8.809842824935913
Female,Left,2,27.4,0.0318081403933825,4.040716331865782,8.809842824935913
Female,Left,2,27.4,0.031798899657419,5.18443181921793,8.809842824935913
Female,Left,2,27.4,0.0318023011373621,4.164821973437356,8.809842824935913
Female,Left,3,27.4,0.0317949941936245,8.865735769761782,8.809842824935913
Female,Left,3,27.4,0.0318106406132793,7.055928625480227,8.809842824935913
Female,Left,3,27.4,0.0318076872779652,6.671380525393735,8.809842824935913
Female,Left,3,27.4,0.0318032670512179,7.465441167711566,8.809842824935913
Female,Left,3,27.4,0.0318007669053998,8.379061583025049,8.809842824935913
Female,Left,3,27.4,0.0318073096420773,8.714917751308407,8.809842824935913
Female,Left,3,27.4,0.0318161019139978,8.948009525252953,8.809842824935913
Female,Left,3,27.4,0.031797225982827,9.199682831602985,8.809842824935913
Female,Left,1,27.4,0.0317926608811366,2.1124189951996106,8.809842824935913
Female,Left,1,27.4,0.0317991216699669,4.2169318925626165,8.809842824935913
Female,Left,1,27.4,0.0318040442302941,3.165577561686415,8.809842824935913
Female,Left,1,27.4,0.0317938854753172,1.9820405613821737,8.809842824935913
Female,Left,1,27.4,0.0318044227625187,3.519125727147062,8.809842824935913
Female,Left,1,27.4,0.0317914517689,3.384582102087458,8.809842824935913
Female,Left,1,27.4,0.0317916816903539,3.8919518790236496,8.809842824935913
Female,Left,1,27.4,0.0317924138542572,4.178690965807218,8.809842824935913
Female,Left,1,27.4,0.0318027856237669,3.093556057503711,8.809842824935913
Female,Left,2,27.3,0.0320168175121034,4.108466224923199,8.809842824935913
Female,Left,2,27.3,0.0320028201952157,4.405961761366627,8.809842824935913
Female,Left,2,27.3,0.0320222224886297,4.636961111205578,8.809842824935913
Female,Left,2,27.3,0.0320124923721107,3.778880631453929,8.809842824935913
Female,Left,2,27.3,0.0319902057383784,3.0112887597769737,8.809842824935913
Female,Left,2,27.3,0.0320185643459099,2.284760157838088,8.809842824935913
Female,Left,2,27.3,0.0320280290149985,3.024822931944178,8.809842824935913
Female,Left,2,27.3,0.0320240285083984,2.4032236163329728,8.809842824935913
Female,Left,2,27.3,0.0319914828739531,3.2969799563084794,8.809842824935913
Female,Left,2,27.3,0.0320151847225034,3.1091785659422424,8.809842824935913
Female,Left,3,27.3,0.031992849814909,6.0795976850666245,8.809842824935913
Female,Left,3,27.3,0.0320272874805758,5.75164000357094,8.809842824935913
Female,Left,3,27.3,0.0319925521083183,3.840214504901243,8.809842824935913
Female,Left,3,27.3,0.0319974912172679,4.619229428574925,8.809842824935913
Female,Left,3,27.3,0.0319956080919889,5.291770291124612,8.809842824935913
Female,Left,3,27.3,0.0320214435868085,5.176236243446888,8.809842824935913
Female,Left,3,27.3,0.0319948102614146,5.858316835451836,8.809842824935913
Female,Left,3,27.3,0.03200007643801,5.913730631985724,8.809842824935913
Female,Left,3,27.3,0.0320255494436301,6.12779734281889,8.809842824935913
Female,Left,1,27.3,0.0320160530151596,4.165082175112738,8.809842824935913
Female,Left,1,27.3,0.0320034943496456,4.524172056478505,8.809842824935913
Female,Left,1,27.3,0.032005736773439,4.746777336920754,8.809842824935913
Female,Left,1,27.3,0.0320148574810984,4.92838249155624,8.809842824935913
Female,Left,1,27.3,0.0319995973316024,5.367492142511298,8.809842824935913
Female,Left,1,27.3,0.0319967753738072,4.931777014285867,8.809842824935913
Female,Left,1,27.3,0.031995471433576,4.844693734049569,8.809842824935913
Female,Left,1,27.3,0.0319923200940555,4.284093271694762,8.809842824935913
Female,Left,2,40.5,0.0245761571112347,3.7595543273721286,8.809842824935913
Female,Left,2,40.5,0.0245665953599601,2.0397290598620126,8.809842824935913
Female,Left,2,40.5,0.0245610050901397,1.9192533264940006,8.809842824935913
Female,Left,2,40.5,0.0245661214350234,2.3353446847477,8.809842824935913
Female,Left,2,40.5,0.0245593005306019,1.9019241917757843,8.809842824935913
Female,Left,2,40.5,0.0245700449827387,1.9856407391845803,8.809842824935913
Female,Left,2,40.5,0.0245629547633044,2.0698203756578155,8.809842824935913
Female,Left,2,40.5,0.0245773278177877,1.9043016405648772,8.809842824935913
Female,Left,3,40.5,0.024561216869438,8.114129103806498,8.809842824935913
Female,Left,3,40.5,0.0245644850471114,9.834265764575909,8.809842824935913
Female,Left,3,40.5,0.0245600538717541,9.368304946401347,8.809842824935913
Female,Left,3,40.5,0.024583909359598,9.563981607629902,8.809842824935913
Female,Left,3,40.5,0.0245669149795369,5.623580615484043,8.809842824935913
Female,Left,3,40.5,0.0245678806660921,4.475591799576887,8.809842824935913
Female,Left,3,40.5,0.0245696562599362,5.355278638684157,8.809842824935913
Female,Left,3,40.5,0.0245605324193352,4.744970157358525,8.809842824935913
Female,Left,1,40.5,0.0245720488305586,5.347598841706169,8.809842824935913
Female,Left,1,40.5,0.0245654418953564,5.3684038472846725,8.809842824935913
Female,Left,1,40.5,0.024571862074795,6.153931914854582,8.809842824935913
Female,Left,1,40.5,0.0245622338778616,6.566808562113146,8.809842824935913
Female,Left,1,40.5,0.0245593045467509,4.644345917903141,8.809842824935913
Female,Left,1,40.5,0.0245670555282898,4.021685349714651,8.809842824935913
Female,Left,1,40.5,0.0245620759176948,5.710143317468764,8.809842824935913
Female,Left,2,40.3,0.0247240928854972,1.8493781832749387,8.809842824935913
Female,Left,2,40.3,0.0247086961277908,1.6283903866012126,8.809842824935913
Female,Left,2,40.3,0.0247193993560608,2.221415357937268,8.809842824935913
Female,Left,2,40.3,0.0247107108102893,2.2297742808569296,8.809842824935913
Female,Left,2,40.3,0.024723265731051,2.3502180835493274,8.809842824935913
Female,Left,2,40.3,0.0247286434184346,1.7713546017018478,8.809842824935913
Female,Left,2,40.3,0.0247089102024882,2.3592848669272266,8.809842824935913
Female,Left,2,40.3,0.0247335132656534,1.9625808907595454,8.809842824935913
Female,Left,3,40.3,0.0247268428055312,4.400812157365309,8.809842824935913
Female,Left,3,40.3,0.0247306585480847,5.451259738212357,8.809842824935913
Female,Left,3,40.3,0.0247181033461776,3.0194880528308565,8.809842824935913
Female,Left,3,40.3,0.0247268609801542,6.2161024668921065,8.809842824935913
Female,Left,3,40.3,0.0247153297033653,6.423436185208647,8.809842824935913
Female,Left,3,40.3,0.0247395114832391,5.339756528434729,8.809842824935913
Female,Left,3,40.3,0.0247312618446212,5.682479210359963,8.809842824935913
Female,Left,3,40.3,0.0247195204998177,5.035506400867663,8.809842824935913
Female,Left,3,40.3,0.0247110219790338,3.880723791695195,8.809842824935913
Female,Left,3,40.3,0.0247156715887168,5.926683982136095,8.809842824935913
Female,Left,1,40.3,0.0247172491100071,5.198529256996744,8.809842824935913
Female,Left,1,40.3,0.0247123663818838,5.332313828472663,8.809842824935913
Female,Left,1,40.3,0.024708667549347,4.3807474727750835,8.809842824935913
Female,Left,1,40.3,0.0247064807407099,5.505310703803065,8.809842824935913
Female,Left,2,22.2,0.0427502245819078,5.1330832911523885,8.809842824935913
Female,Left,2,22.2,0.0427636370474689,3.947942987531954,8.809842824935913
Female,Left,2,22.2,0.0427530053433404,3.2129249414456007,8.809842824935913
Female,Left,2,22.2,0.0427539068521942,4.024822554042217,8.809842824935913
Female,Left,2,22.2,0.0427755530071741,3.064319861047886,8.809842824935913
Female,Left,2,22.2,0.0427736409147191,3.6735832624998204,8.809842824935913
Female,Left,2,22.2,0.0427621080725173,3.7034774303714464,8.809842824935913
Female,Left,2,22.2,0.0427546046417603,2.87162517807445,8.809842824935913
Female,Left,2,22.2,0.0427688084301307,2.5370970543133398,8.809842824935913
Female,Left,2,22.2,0.0427638582624224,2.532699185214049,8.809842824935913
Female,Left,1,22.2,0.0427706784687211,1.766187364311803,8.809842824935913
Female,Left,1,22.2,0.0427775914838438,3.058434710576986,8.809842824935913
Female,Left,1,22.2,0.04275260788289,2.4287334642147935,8.809842824935913
Female,Left,1,22.2,0.0427579302294773,2.2154076172579584,8.809842824935913
Female,Left,1,22.2,0.0427729648886424,1.7542571568450325,8.809842824935913
Female,Left,1,22.2,0.0427674320578509,1.5896870544806767,8.809842824935913
Female,Left,1,22.2,0.0427751501332737,1.6231296424680641,8.809842824935913
Female,Left,1,22.2,0.0427724062355307,2.041945075785751,8.809842824935913
Female,Left,1,22.2,0.04276689371619,1.9680754870535682,8.809842824935913
Female,Left,1,22.2,0.0427504275086222,1.5547746489821201,8.809842824935913
Female,Left,1,22.2,0.0427731652440554,2.2925441361836882,8.809842824935913
Female,Left,3,22.2,0.0427568122602828,6.461162752248095,8.809842824935913
Female,Left,3,22.2,0.0427497676734171,5.402282078644927,8.809842824935913
Female,Left,3,22.2,0.0427740712891561,6.3412082848844395,8.809842824935913
Female,Left,3,22.2,0.0427811516244102,4.631664681985438,8.809842824935913
Female,Left,3,22.2,0.0427518293861288,6.618461110662023,8.809842824935913
Female,Left,3,22.2,0.0427518911800515,3.942474659944419,8.809842824935913
Female,Left,3,22.2,0.0427697784740848,5.352745597391165,8.809842824935913
Female,Left,3,22.2,0.0427795180505092,5.516942019161412,8.809842824935913
Female,Left,3,22.2,0.0427741944590383,4.535579476215585,8.809842824935913
Female,Left,3,22.2,0.042768066942258,4.131033182572791,8.809842824935913
Female,Left,3,22.2,0.0427695506737448,3.7219522852412803,8.809842824935913
Female,Left,3,22.2,0.042778092527358,4.285209388502906,8.809842824935913
Female,Left,3,22.2,0.0427778209612002,4.836784256561832,8.809842824935913
Female,Left,3,22.2,0.0427734203988183,5.13625805177258,8.809842824935913
Female,Left,3,21.8,0.0435333379082642,5.62682345554724,8.809842824935913
Female,Left,3,21.8,0.0435677971711284,7.028185877776302,8.809842824935913
Female,Left,3,21.8,0.0435540424282542,6.742446427858793,8.809842824935913
Female,Left,3,21.8,0.0435443958477968,6.021412855609944,8.809842824935913
Female,Left,3,21.8,0.0435624854984556,5.519871907097103,8.809842824935913
Female,Left,3,21.8,0.0435337220735947,6.688449426051527,8.809842824935913
Female,Left,3,21.8,0.0435434267602861,5.7016873004774675,8.809842824935913
Female,Left,3,21.8,0.0435608109724736,7.118649356708643,8.809842824935913
Female,Left,3,21.8,0.0435461326287281,5.369061664163233,8.809842824935913
Female,Left,3,21.8,0.0435604509703962,5.90978252724006,8.809842824935913
Female,Left,3,21.8,0.0435540837503608,6.749622620964554,8.809842824935913
Female,Left,3,21.8,0.0435609028027563,5.173844110821833,8.809842824935913
Female,Left,2,22.5,0.0369217337292187,5.201046326320981,8.809842824935913
Female,Left,2,22.5,0.0369149038102019,6.196961547535011,8.809842824935913
Female,Left,2,22.5,0.0369129070210545,5.876823903793588,8.809842824935913
Female,Left,2,22.5,0.036925114561164,6.9502975150115125,8.809842824935913
Female,Left,2,22.5,0.0369236419177581,4.751553250469118,8.809842824935913
Female,Left,2,22.5,0.0369266699473625,7.104513271373831,8.809842824935913
Female,Left,2,22.5,0.0369284953587425,3.9726860640503143,8.809842824935913
Female,Left,2,22.5,0.0369219826081642,6.029468489384356,8.809842824935913
Female,Left,2,22.5,0.0369134272811624,4.183025205648775,8.809842824935913
Female,Left,2,22.5,0.0369259132971435,3.8897308447824956,8.809842824935913
Female,Left,2,22.5,0.0369216392397334,2.86264240073613,8.809842824935913
Female,Left,2,22.5,0.0369239753495153,4.221432303310541,8.809842824935913
Female,Left,2,22.5,0.0369119009030288,2.5673887231579364,8.809842824935913
Female,Left,1,22.5,0.0369276833296656,3.9090202751494676,8.809842824935913
Female,Left,1,22.5,0.0369321795329488,2.33473830443138,8.809842824935913
Female,Left,1,22.5,0.0369359546446399,3.41457822384853,8.809842824935913
Female,Left,1,22.5,0.0369319146943025,2.2233283496620215,8.809842824935913
Female,Left,1,22.5,0.0369351560193069,3.5680215274157963,8.809842824935913
Female,Left,1,22.5,0.0369317281912555,2.0450762390529795,8.809842824935913
Female,Left,1,22.5,0.0369336283605463,2.9925597207706103,8.809842824935913
Female,Left,1,22.5,0.0369345083797875,1.7339167128460211,8.809842824935913
Female,Left,1,22.5,0.036938195053593,2.1790372573642625,8.809842824935913
Female,Left,1,22.5,0.0369333982032138,2.2725745153358816,8.809842824935913
Female,Left,1,22.5,0.0369405904971683,2.5360029552015497,8.809842824935913
Female,Left,1,22.5,0.036928066159879,1.698955005161976,8.809842824935913
Female,Left,1,22.5,0.0369294943560847,2.057051885681726,8.809842824935913
Female,Left,3,22.5,0.0369316922353332,15.575222701473871,8.809842824935913
Female,Left,3,22.5,0.0369318129177547,12.316515237829565,8.809842824935913
Female,Left,3,22.5,0.0369307369481862,12.831796947360637,8.809842824935913
Female,Left,3,22.5,0.036941132755325,11.162785486093806,8.809842824935913
Female,Left,3,22.5,0.0369319870414856,12.018727171260682,8.809842824935913
Female,Left,3,22.5,0.0369333900145208,9.417573345718987,8.809842824935913
Female,Left,3,22.5,0.0369534631229263,8.409371732147108,8.809842824935913
Female,Left,3,22.5,0.0369329350805426,7.168360064543927,8.809842824935913
Female,Left,3,22.5,0.0369454989276946,10.205570174253385,8.809842824935913
Female,Left,3,22.5,0.0369506084063454,9.938611812532955,8.809842824935913
Female,Left,3,22.5,0.0369396207589881,10.055790574324527,8.809842824935913
Female,Left,2,21.5,0.0452111617945841,4.068390646927082,8.809842824935913
Female,Left,2,21.5,0.0452122300746606,4.850404752421571,8.809842824935913
Female,Left,2,21.5,0.0452240113900754,4.630014969002756,8.809842824935913
Female,Left,2,21.5,0.0452173114391408,4.351175276612629,8.809842824935913
Female,Left,2,21.5,0.0452126387176267,3.416735666856602,8.809842824935913
Female,Left,2,21.5,0.0452206236968886,3.1950525934331795,8.809842824935913
Female,Left,2,21.5,0.0452167820785978,3.305330539493393,8.809842824935913
Female,Left,2,21.5,0.0452233441462833,2.7715924156679703,8.809842824935913
Female,Left,2,21.5,0.0452263562919784,2.765548143525102,8.809842824935913
Female,Left,2,21.5,0.0452173349261609,2.517568812444099,8.809842824935913
Female,Left,2,21.5,0.045219922653559,4.252100869953858,8.809842824935913
Female,Left,2,21.5,0.0452229622457709,3.3202650607391533,8.809842824935913
Female,Left,1,21.5,0.045242964856948,5.318778799078964,8.809842824935913
Female,Left,1,21.5,0.0452351277636151,5.635042000070574,8.809842824935913
Female,Left,1,21.5,0.0452375678040834,5.543591387719461,8.809842824935913
Female,Left,1,21.5,0.0452349610667144,5.241329118401042,8.809842824935913
Female,Left,1,21.5,0.0452346951634853,3.8660925212881954,8.809842824935913
Female,Left,1,21.5,0.0452449518838376,3.712582803759085,8.809842824935913
Female,Left,1,21.5,0.0452451149792985,4.664209956445073,8.809842824935913
Female,Left,1,21.5,0.0452405161522936,4.78638452231864,8.809842824935913
Female,Left,1,21.5,0.0452350013312902,6.045952269793567,8.809842824935913
Female,Left,1,21.5,0.045234751570272,5.045794636180904,8.809842824935913
Female,Left,1,21.5,0.0452346421101114,4.629062178733364,8.809842824935913
Female,Left,1,21.5,0.04523932292587,4.368017754206638,8.809842824935913
Female,Left,1,21.5,0.0452387456933305,4.137158094446764,8.809842824935913
Female,Left,1,21.5,0.0452390318002472,5.312150389214212,8.809842824935913
Female,Left,3,21.5,0.0452432548806329,3.7370915656968267,8.809842824935913
Female,Left,3,21.5,0.045243522184506,2.9443338641792627,8.809842824935913
Female,Left,3,21.5,0.0452355993832607,2.803139591538132,8.809842824935913
Female,Left,3,21.5,0.0452343010828027,3.1979329648523196,8.809842824935913
Female,Left,3,21.5,0.0452412731166383,2.789562110456368,8.809842824935913
Female,Left,3,21.5,0.0452505510729425,3.402271621917026,8.809842824935913
Female,Left,3,21.5,0.0452515209194828,3.2171685282182594,8.809842824935913
Female,Left,3,21.5,0.0452421698002072,2.309309109692681,8.809842824935913
Female,Left,3,21.5,0.0452458903840216,3.5524322150678507,8.809842824935913
Female,Left,3,21.5,0.0452397616802123,2.61205488322126,8.809842824935913
Female,Left,3,21.5,0.0452423589511013,3.2776212483594667,8.809842824935913
Female,Left,3,21.5,0.0452388324772758,2.2203861948901764,8.809842824935913
Female,Left,3,21.5,0.0452471720357125,3.2953654287618486,8.809842824935913
Female,Left,3,21.5,0.0452421290489003,2.55388177163096,8.809842824935913
Female,Left,1,20.7,0.0417125206647084,6.515495160381469,8.809842824935913
Female,Left,1,20.7,0.0417046201465692,5.119067531186811,8.809842824935913
Female,Left,1,20.7,0.0417106079197489,4.638820502976269,8.809842824935913
Female,Left,1,20.7,0.0417123268076563,5.396295283695198,8.809842824935913
Female,Left,1,20.7,0.0417127256125942,6.114998876264261,8.809842824935913
Female,Left,1,20.7,0.0417080235817438,5.685601791210389,8.809842824935913
Female,Left,1,20.7,0.041709779824089,5.994112492441695,8.809842824935913
Female,Left,1,20.7,0.0417058893631796,6.017624295159081,8.809842824935913
Female,Left,1,20.7,0.0417030486754867,4.586639351362729,8.809842824935913
Female,Left,1,20.7,0.04170808450402,5.514694008617273,8.809842824935913
Female,Left,3,20.7,0.0416792441341313,8.483342610309553,8.809842824935913
Female,Left,3,20.7,0.0416726728259951,5.876242093653031,8.809842824935913
Female,Left,3,20.7,0.0416852946422324,5.66071892810462,8.809842824935913
Female,Left,3,20.7,0.0416720759674046,3.754464986493409,8.809842824935913
Female,Left,3,20.7,0.0416844162497182,4.2361471828248,8.809842824935913
Female,Left,3,20.7,0.0416702898550247,4.9765784771590145,8.809842824935913
Female,Left,3,20.7,0.041663073002106,4.1593945446668705,8.809842824935913
Female,Left,3,20.7,0.041658392827192,5.265160763496051,8.809842824935913
Female,Left,3,20.7,0.0416586582482358,6.149241428893638,8.809842824935913
Female,Left,3,20.7,0.0416551417787102,4.779698999614148,8.809842824935913
Female,Left,3,20.7,0.0416807789041974,6.356367503781693,8.809842824935913
Female,Left,3,20.7,0.0416835479084312,7.732472092124204,8.809842824935913
Female,Left,2,20.7,0.0417000610703853,3.79064238953563,8.809842824935913
Female,Left,2,20.7,0.0416779542270075,4.218152779908891,8.809842824935913
Female,Left,2,20.7,0.041694407345409,4.470234321268983,8.809842824935913
Female,Left,2,20.7,0.0416828278974754,4.063834600853176,8.809842824935913
Female,Left,2,20.7,0.0416817791185347,3.3778617021642634,8.809842824935913
Female,Left,2,20.7,0.0416754050767916,3.826447763191096,8.809842824935913
Female,Left,2,20.7,0.0416883529904232,3.6435692520719534,8.809842824935913
Female,Left,2,20.7,0.0397513449994935,3.124113166591517,8.809842824935913
Female,Left,2,20.7,0.0397444525392152,2.165854396337836,8.809842824935913
Female,Left,2,20.7,0.0397416673955485,2.3665610794422367,8.809842824935913
Female,Left,2,20.7,0.0397503745771583,1.929325451822962,8.809842824935913
Female,Left,2,20.7,0.0397432390464533,3.347059545269534,8.809842824935913
Female,Left,2,20.7,0.0397400481451907,3.512347606772684,8.809842824935913
Female,Left,3,20.7,0.0397509876493451,6.564471678330826,8.809842824935913
Female,Left,3,20.7,0.0397569925981233,10.067920229225347,8.809842824935913
Female,Left,3,20.7,0.0397484119338099,14.167182004573993,8.809842824935913
Female,Left,3,20.7,0.0397488918862099,9.857404903644431,8.809842824935913
Female,Left,3,20.7,0.0397655737685217,10.920056554580906,8.809842824935913
Female,Left,3,20.7,0.0397679091855741,7.56671653579621,8.809842824935913
Female,Left,3,20.7,0.0397394483231717,6.00564911969758,8.809842824935913
Female,Left,1,20.7,0.0397359885968429,4.607255439223373,8.809842824935913
Female,Left,1,20.7,0.0397445655895644,4.209354562477456,8.809842824935913
Female,Left,1,20.7,0.0397347311119706,3.3406560260974945,8.809842824935913
Female,Left,1,20.7,0.0397481847960446,4.184712023615524,8.809842824935913
Female,Left,1,20.7,0.0397431619945637,4.910285005017561,8.809842824935913
Female,Left,1,20.7,0.0397482400462831,3.8397581015255238,8.809842824935913
Female,Left,1,20.7,0.0397490257925893,3.7198184553180345,8.809842824935913
Female,Left,2,20.4,0.0403108527447416,2.9531793642769295,8.809842824935913
Female,Left,2,20.4,0.0403279611908283,4.126828176503285,8.809842824935913
Female,Left,2,20.4,0.0403150247257611,2.9139807318529574,8.809842824935913
Female,Left,2,20.4,0.0403095768355313,3.4566129480001715,8.809842824935913
Female,Left,2,20.4,0.0403020558436189,2.985633991352856,8.809842824935913
Female,Left,2,20.4,0.0403146429911994,3.8462591376598607,8.809842824935913
Female,Left,2,20.4,0.0403112456668806,3.544173592917137,8.809842824935913
Female,Left,2,20.4,0.04031153433935,3.712700374141618,8.809842824935913
Female,Left,2,20.4,0.0403291499040095,3.003437013356267,8.809842824935913
Female,Left,2,20.4,0.0403362366821971,3.1507914914222943,8.809842824935913
Female,Left,2,20.4,0.0403160614516781,2.62721536759062,8.809842824935913
Female,Left,2,20.4,0.0403323808807159,3.0884690450002656,8.809842824935913
Female,Left,2,20.4,0.0403155935583255,2.956092925245862,8.809842824935913
Female,Left,3,20.4,0.040328307423809,9.379029255302989,8.809842824935913
Female,Left,3,20.4,0.0403213752098799,6.856932020610816,8.809842824935913
Female,Left,3,20.4,0.0403265651365889,6.3665732145394065,8.809842824935913
Female,Left,3,20.4,0.0403055766851216,8.83883155049092,8.809842824935913
Female,Left,3,20.4,0.0403373319574906,7.8013856244010675,8.809842824935913
Female,Left,3,20.4,0.0403344874605029,6.7041925040665475,8.809842824935913
Female,Left,3,20.4,0.040328136643315,7.588431737186228,8.809842824935913
Female,Left,3,20.4,0.040321652119629,9.33387802697697,8.809842824935913
Female,Left,3,20.4,0.0403316884850159,9.986698312621233,8.809842824935913
Female,Left,3,20.4,0.0403283328773656,6.985979375014844,8.809842824935913
Female,Left,1,20.4,0.0403210080639783,4.781160504344788,8.809842824935913
Female,Left,1,20.4,0.0403206789627804,4.358476619688144,8.809842824935913
Female,Left,1,20.4,0.0403182833757134,4.385931856365712,8.809842824935913
Female,Left,1,20.4,0.0402988833669435,3.947005789637891,8.809842824935913
Female,Left,1,20.4,0.040326776122536,4.408298217550038,8.809842824935913
Female,Left,1,20.4,0.04030432205993,4.570220147413838,8.809842824935913
Female,Left,1,20.4,0.0403157367464346,5.692979416179201,8.809842824935913
Female,Left,1,20.4,0.0403151899114977,4.905550444558446,8.809842824935913
Female,Left,1,20.4,0.0403165372352956,3.9114282925829467,8.809842824935913
Female,Left,1,20.4,0.0402997927201233,5.514752574413241,8.809842824935913
Female,Left,1,20.4,0.0402990520842858,3.4492392122119466,8.809842824935913
Female,Left,1,20.4,0.0403224073270853,4.4070814357115085,8.809842824935913
Female,Left,1,20.4,0.0403107633892032,3.8672499820629467,8.809842824935913
Female,Left,2,19.5,0.0462155355105027,3.696774066614891,8.809842824935913
Female,Left,2,19.5,0.046216972915598,3.5295135931803534,8.809842824935913
Female,Left,2,19.5,0.0462333043923705,4.483262367454022,8.809842824935913
Female,Left,2,19.5,0.0462153996005286,3.4833736041435945,8.809842824935913
Female,Left,2,19.5,0.046227145648248,4.042791001855397,8.809842824935913
Female,Left,2,19.5,0.0462253109609467,3.0588267509631595,8.809842824935913
Female,Left,2,19.5,0.0462313074669422,4.907581483700107,8.809842824935913
Female,Left,2,19.5,0.0462306209391696,3.7281451840047235,8.809842824935913
Female,Left,2,19.5,0.0462298714578972,4.065918886786758,8.809842824935913
Female,Left,2,19.5,0.0462345247406219,2.614313335888942,8.809842824935913
Female,Left,1,19.5,0.0462175979172687,6.138882917959172,8.809842824935913
Female,Left,1,19.5,0.0462168535996601,6.287170726268838,8.809842824935913
Female,Left,1,19.5,0.0462226405664847,6.160329572016447,8.809842824935913
Female,Left,1,19.5,0.0462144474991588,7.054329847013641,8.809842824935913
Female,Left,1,19.5,0.0462231235366573,6.658556528911166,8.809842824935913
Female,Left,1,19.5,0.0462238630360475,6.827444352572207,8.809842824935913
Female,Left,3,19.5,0.0462121263923885,4.584639326104158,8.809842824935913
Female,Left,3,19.5,0.0462413500917813,3.772460556070231,8.809842824935913
Female,Left,3,19.5,0.046241236063148,2.8904729496553374,8.809842824935913
Female,Left,3,19.5,0.0462374008045855,2.666004614314362,8.809842824935913
Female,Left,3,19.5,0.0462218972805678,2.2997211226042866,8.809842824935913
Female,Left,3,19.5,0.0462115747958849,3.294747837089882,8.809842824935913
Female,Left,3,19.5,0.0462234638032619,3.0295872281171037,8.809842824935913
Female,Left,3,19.5,0.0462424470288518,2.3097767497553905,8.809842824935913
Female,Left,3,19.5,0.0462274387287596,2.9286436466341184,8.809842824935913
Female,Left,3,19.5,0.0462113481624909,2.3290021571765323,8.809842824935913
Female,Left,3,19.5,0.046219790639114,3.196095650464554,8.809842824935913
Female,Left,3,19.5,0.0462406949513679,2.950530196971284,8.809842824935913
Female,Left,2,24.1,0.0388047595697377,1.8762680716589692,8.809842824935913
Female,Left,2,24.1,0.0388109003339602,2.7325549064984798,8.809842824935913
Female,Left,2,24.1,0.0388000271287316,1.9196441023745205,8.809842824935913
Female,Left,2,24.1,0.0388132093617411,1.9696797502724928,8.809842824935913
Female,Left,2,24.1,0.0387996892178078,1.5543696915140948,8.809842824935913
Female,Left,2,24.1,0.0388155681716126,2.2243968617656185,8.809842824935913
Female,Left,2,24.1,0.038806567071715,2.8595877530561364,8.809842824935913
Female,Left,2,24.1,0.0388062995067364,2.287654621918788,8.809842824935913
Female,Left,2,24.1,0.0388021337712378,2.274850880134598,8.809842824935913
Female,Left,1,24.1,0.0388047800893925,5.84596143217813,8.809842824935913
Female,Left,1,24.1,0.0387966971834275,6.491282399668366,8.809842824935913
Female,Left,1,24.1,0.0388050176219801,5.894515048529781,8.809842824935913
Female,Left,1,24.1,0.0388066059068341,5.813914826080225,8.809842824935913
Female,Left,1,24.1,0.0387971032357765,4.740611342252586,8.809842824935913
Female,Left,1,24.1,0.0388009324044764,5.161427422936289,8.809842824935913
Female,Left,1,24.1,0.0388024204183908,5.019738452826674,8.809842824935913
Female,Left,1,24.1,0.0388011455017113,4.786251228647303,8.809842824935913
Female,Left,1,24.1,0.0388012718466188,6.185588670175919,8.809842824935913
Female,Left,3,24.1,0.038796707444571,6.089374274757894,8.809842824935913
Female,Left,3,24.1,0.0388119725496096,4.2560888081096735,8.809842824935913
Female,Left,3,24.1,0.0388089427197806,6.82850366901853,8.809842824935913
Female,Left,3,24.1,0.0388186059833409,5.639709008095096,8.809842824935913
Female,Left,3,24.1,0.0388173687111609,5.164548714143569,8.809842824935913
Female,Left,3,24.1,0.0387975014614118,7.050429648094623,8.809842824935913
Female,Left,3,24.1,0.0388166887541441,5.175922803802026,8.809842824935913
Female,Left,3,24.1,0.0388218951470241,6.806038503467743,8.809842824935913
Female,Left,3,24.1,0.0388224680183966,5.771970764001774,8.809842824935913
Female,Left,3,24.1,0.0388154694828797,8.066989933965823,8.809842824935913
Female,Left,3,24.1,0.038815064465451,5.630735786415373,8.809842824935913
Female,Left,3,24.1,0.0388101114349777,7.731774458969843,8.809842824935913
Female,Left,3,24.1,0.0388000837575574,9.828976093567224,8.809842824935913
Female,Left,1,29.2,0.0320526459606814,1.8391560720440159,8.809842824935913
Female,Left,1,29.2,0.0320458538301366,2.9230044130905486,8.809842824935913
Female,Left,1,29.2,0.0320463486623588,2.222305092815343,8.809842824935913
Female,Left,1,29.2,0.0320460521601508,3.098106906689223,8.809842824935913
Female,Left,1,29.2,0.0320469723559389,3.3211707513681783,8.809842824935913
Female,Left,1,29.2,0.032056814385319,3.4097735548593158,8.809842824935913
Female,Left,1,29.2,0.0320545401165108,3.728851003550846,8.809842824935913
Female,Left,1,29.2,0.0320435896347609,2.9792656605041272,8.809842824935913
Female,Left,3,29.2,0.0320615817621318,5.793395179883973,8.809842824935913
Female,Left,3,29.2,0.0320602475562202,6.423104745943411,8.809842824935913
Female,Left,3,29.2,0.0320503892707116,5.162797356221379,8.809842824935913
Female,Left,3,29.2,0.0320468683526135,6.653557361483192,8.809842824935913
Female,Left,3,29.2,0.0320543991192583,6.723976504160106,8.809842824935913
Female,Left,3,29.2,0.0320544696448574,6.192589725245701,8.809842824935913
Female,Left,3,29.2,0.0320537738622498,6.104993716393968,8.809842824935913
Female,Left,3,29.2,0.0320612594766277,5.624226278937497,8.809842824935913
Female,Left,3,29.2,0.032048689129857,5.502976126762473,8.809842824935913
Female,Left,3,29.2,0.0320577034909355,7.1654571711756425,8.809842824935913
Female,Left,3,29.2,0.0320522110241686,5.3529363516448605,8.809842824935913
Female,Left,2,29.2,0.0320458721365234,2.2129528147723816,8.809842824935913
Female,Left,2,29.2,0.0320445379783459,2.539271990102305,8.809842824935913
Female,Left,2,29.2,0.0320576898911785,1.8715225256157324,8.809842824935913
Female,Left,2,29.2,0.0320433425685744,1.506826489850753,8.809842824935913
Female,Left,2,29.2,0.0320502556353393,2.1305766731434836,8.809842824935913
Female,Left,2,29.2,0.0320542457028247,1.80920180012281,8.809842824935913
Female,Left,2,29.2,0.0320556535169284,2.2209233864549316,8.809842824935913
Female,Left,2,29.2,0.0320572462918479,1.7810343653168115,8.809842824935913
Female,Left,2,29.2,0.032055755311197,2.2196491175692095,8.809842824935913
Female,Left,2,29.2,0.0320471751710867,2.218204589111564,8.809842824935913
Female,Left,2,29.2,0.0320531690319511,2.418023636816003,8.809842824935913
Female,Left,2,29.2,0.032045790394032,2.285031705753797,8.809842824935913
Female,Left,2,20.8,0.0467605784089625,2.2061463803051407,8.809842824935913
Female,Left,2,20.8,0.0467823709910173,2.9673411320508727,8.809842824935913
Female,Left,2,20.8,0.0467602821773616,2.1524004219563113,8.809842824935913
Female,Left,2,20.8,0.0467844032522407,2.8857940181561936,8.809842824935913
Female,Left,2,20.8,0.0467683233402078,2.827531512642181,8.809842824935913
Female,Left,2,20.8,0.046770312331717,1.6823405915544623,8.809842824935913
Female,Left,2,20.8,0.0467819038627934,2.8550667465781356,8.809842824935913
Female,Left,2,20.8,0.0467644721626273,2.2336097063704097,8.809842824935913
Female,Left,2,20.8,0.0467616635204922,2.588518469324633,8.809842824935913
Female,Left,2,20.8,0.0467776202787017,1.6489670173251196,8.809842824935913
Female,Left,1,20.8,0.0467383192511865,5.582211371455595,8.809842824935913
Female,Left,1,20.8,0.0467444871579359,4.442220794190335,8.809842824935913
Female,Left,1,20.8,0.0467406757536673,4.1700392198853935,8.809842824935913
Female,Left,3,20.8,0.0467452309049946,3.829433996751789,8.809842824935913
Female,Left,3,20.8,0.0467504268624915,4.109547256075218,8.809842824935913
Female,Left,3,20.8,0.0467298212467542,5.035266002916551,8.809842824935913
Female,Left,3,20.8,0.0467305846055903,4.328939747947071,8.809842824935913
Female,Left,3,20.8,0.0467527119368387,3.073674243418506,8.809842824935913
Female,Left,3,20.8,0.0467410385892998,3.126413897177281,8.809842824935913
Female,Left,3,20.8,0.0467487982331993,4.9294284592031365,8.809842824935913
Female,Left,3,20.8,0.0467495184180857,6.837682601672137,8.809842824935913
Female,Left,3,20.8,0.0467646306734946,4.875126325733215,8.809842824935913
Female,Left,3,20.8,0.0467549770062246,3.0057450337580267,8.809842824935913
Female,Left,3,20.8,0.0467324588373127,5.362014069721935,8.809842824935913
Female,Left,3,20.8,0.0467454281390085,3.93444257226157,8.809842824935913
Female,Left,2,21.0,0.045754850913887,3.835804271505093,8.809842824935913
Female,Left,2,21.0,0.0457491747442727,4.999052997997029,8.809842824935913
Female,Left,2,21.0,0.0457431653923778,4.388991254545377,8.809842824935913
Female,Left,2,21.0,0.0457446845471441,4.394270087830135,8.809842824935913
Female,Left,2,21.0,0.0457631567170792,3.615881591411283,8.809842824935913
Female,Left,2,21.0,0.0457627299448414,4.13597060405711,8.809842824935913
Female,Left,2,21.0,0.0457632497450708,4.5208830080629765,8.809842824935913
Female,Left,2,21.0,0.0457651400010406,3.7588332254278223,8.809842824935913
Female,Left,3,21.0,0.045771046712649,9.153886118276477,8.809842824935913
Female,Left,3,21.0,0.0457611508436929,6.760754508593117,8.809842824935913
Female,Left,3,21.0,0.0457507029226536,7.613636404588428,8.809842824935913
Female,Left,3,21.0,0.0457513721272666,8.208024516377797,8.809842824935913
Female,Left,3,21.0,0.0457604280585805,7.767199505754146,8.809842824935913
Female,Left,3,21.0,0.0457452049178425,8.079630701458209,8.809842824935913
Female,Left,3,21.0,0.0457465145132949,7.168073209842719,8.809842824935913
Female,Left,3,21.0,0.0457386711285686,6.66768864696198,8.809842824935913
Female,Left,1,21.0,0.0457511574661075,5.0080124692804935,8.809842824935913
Female,Left,1,21.0,0.0457554180677405,3.8780909758344286,8.809842824935913
Female,Left,1,21.0,0.0457380002503833,4.307276934474002,8.809842824935913
Female,Left,1,21.0,0.0457473037482727,4.699749684231299,8.809842824935913
Female,Left,1,21.0,0.0457374718378735,4.970853119325224,8.809842824935913
Female,Left,1,21.0,0.0457476536877608,4.813182431902249,8.809842824935913
Female,Left,1,21.0,0.0457380942098701,4.85313424582705,8.809842824935913
Female,Left,1,21.0,0.0457514250876479,4.866511553497288,8.809842824935913
Female,Left,1,21.0,0.0457419261891926,5.367109800518226,8.809842824935913
Female,Left,1,21.0,0.0457441501218508,5.162644476163078,8.809842824935913
Female,Left,2,20.8,0.0460602873476254,6.292412454830422,8.809842824935913
Female,Left,2,20.8,0.0460806991124226,5.163955304744387,8.809842824935913
Female,Left,2,20.8,0.0460824223043263,4.840659241172118,8.809842824935913
Female,Left,2,20.8,0.0460772127497168,4.346402928916568,8.809842824935913
Female,Left,2,20.8,0.0460900506784431,4.379509330216697,8.809842824935913
Female,Left,2,20.8,0.0460982454965822,4.059346696189996,8.809842824935913
Female,Left,2,20.8,0.0460798067361178,5.994102260485126,8.809842824935913
Female,Left,2,20.8,0.0460774856751743,3.8876011744291037,8.809842824935913
Female,Left,1,20.8,0.0460693790376711,4.172280291496158,8.809842824935913
Female,Left,1,20.8,0.0460697093355076,3.707610084583296,8.809842824935913
Female,Left,1,20.8,0.0460899473018333,4.210585660227491,8.809842824935913
Female,Left,1,20.8,0.0460829899544092,4.096996423693615,8.809842824935913
Female,Left,1,20.8,0.0460676144784172,4.01684664352127,8.809842824935913
Female,Left,1,20.8,0.0460906818294138,4.827476059417646,8.809842824935913
Female,Left,1,20.8,0.0460697874555576,4.055002966153538,8.809842824935913
Female,Left,1,20.8,0.0460884670901292,3.9402019812788875,8.809842824935913
Female,Left,1,20.8,0.0460843836469167,4.311052435693642,8.809842824935913
Female,Left,3,20.8,0.0460824278142243,9.209377182405646,8.809842824935913
Female,Left,3,20.8,0.0460954527541234,9.67704407318355,8.809842824935913
Female,Left,3,20.8,0.0460922365208087,7.328436158194523,8.809842824935913
Female,Left,3,20.8,0.0460761304130972,8.474341496250137,8.809842824935913
Female,Left,3,20.8,0.0461026310986136,8.0855255360425,8.809842824935913
Female,Left,3,20.8,0.0460684435102474,8.135227718274182,8.809842824935913
Female,Left,3,20.8,0.0460944761325041,7.0311579095301235,8.809842824935913
Female,Left,3,20.8,0.0460995125049473,8.958358912230626,8.809842824935913
Female,Left,3,20.8,0.046077877763244,7.655870988608412,8.809842824935913
Female,Left,2,19.7,0.042709441939856,4.876236191276464,8.809842824935913
Female,Left,2,19.7,0.0426939049475832,4.29093590942391,8.809842824935913
Female,Left,2,19.7,0.0426897112511067,2.192143719139458,8.809842824935913
Female,Left,2,19.7,0.0426904395642484,2.0207913686713326,8.809842824935913
Female,Left,2,19.7,0.0426844437501833,2.2893169940307025,8.809842824935913
Female,Left,2,19.7,0.0426916571879448,1.8853964799478735,8.809842824935913
Female,Left,2,19.7,0.0426955145947094,2.3387487495330803,8.809842824935913
Female,Left,2,19.7,0.0427032791160626,2.6723420238067166,8.809842824935913
Female,Left,2,19.7,0.0427052590598473,2.1675050996720153,8.809842824935913
Female,Left,2,19.7,0.0427011454389644,2.0217344787267333,8.809842824935913
Female,Left,2,19.7,0.0427009796281569,2.096844507973586,8.809842824935913
Female,Left,2,19.7,0.0427057694992599,2.658023581242377,8.809842824935913
Female,Left,2,19.7,0.0426869478277555,2.8991905287691813,8.809842824935913
Female,Left,1,19.7,0.0426729016392251,4.365593716032293,8.809842824935913
Female,Left,1,19.7,0.0426787072268939,5.02791872887167,8.809842824935913
Female,Left,1,19.7,0.0426785393166081,3.480912217186223,8.809842824935913
Female,Left,1,19.7,0.0426767954653056,4.687849627111312,8.809842824935913
Female,Left,1,19.7,0.0426771964908236,3.629615257680319,8.809842824935913
Female,Left,1,19.7,0.0426747424537716,4.186127514132044,8.809842824935913
Female,Left,1,19.7,0.042665908388363,4.97588661778184,8.809842824935913
Female,Left,1,19.7,0.0426694601427254,4.883144146131639,8.809842824935913
Female,Left,1,19.7,0.0426715365699293,4.564252317930979,8.809842824935913
Female,Left,1,19.7,0.0426626364287466,3.5347681508321234,8.809842824935913
Female,Left,3,19.7,0.0426814659360725,5.682786261960716,8.809842824935913
Female,Left,3,19.7,0.042672774745523,6.5200519159853965,8.809842824935913
Female,Left,3,19.7,0.0426646703259271,4.902447369597729,8.809842824935913
Female,Left,3,19.7,0.0426772618059567,6.266631842225032,8.809842824935913
Female,Left,3,19.7,0.0426831670568427,6.802517797489393,8.809842824935913
Female,Left,3,19.7,0.0426786757024357,3.9546359496000107,8.809842824935913
Female,Left,3,19.7,0.0426765147014707,6.532516402942977,8.809842824935913
Female,Left,3,19.7,0.0426885101230041,9.229857959381405,8.809842824935913
Female,Left,3,19.7,0.0426740391709795,7.016726133479386,8.809842824935913
Female,Left,3,19.7,0.0426691054000586,9.712687507884608,8.809842824935913
Female,Left,3,19.7,0.0426718652823774,4.010482133490281,8.809842824935913
Female,Left,3,19.7,0.0426886705807978,3.6568716827001806,8.809842824935913
Female,Left,3,19.7,0.0426854257981534,2.932606633411166,8.809842824935913
Female,Left,2,19.2,0.0488607328544462,2.2675680657676707,8.809842824935913
Female,Left,2,19.2,0.0488578727929763,2.6285200515149305,8.809842824935913
Female,Left,2,19.2,0.0488653177538994,3.598261240198992,8.809842824935913
Female,Left,2,19.2,0.0488711894881769,2.5778147409163323,8.809842824935913
Female,Left,2,19.2,0.0488604360978259,3.1941829308294345,8.809842824935913
Female,Left,2,19.2,0.0488603650042989,2.175013471094566,8.809842824935913
Female,Left,2,19.2,0.048864939784308,2.4615916204351316,8.809842824935913
Female,Left,2,19.2,0.0488744607043748,2.7000829526355647,8.809842824935913
Female,Left,2,19.2,0.0488570727101284,2.4836052802815374,8.809842824935913
Female,Left,2,19.2,0.0488570280417907,2.8963448602012165,8.809842824935913
Female,Left,2,19.2,0.0488731736695876,4.024142193195395,8.809842824935913
Female,Left,2,19.2,0.0488614067728302,3.870441193028126,8.809842824935913
Female,Left,1,19.2,0.0488293284473105,5.68352527896646,8.809842824935913
Female,Left,1,19.2,0.0488306063023016,7.649437335196514,8.809842824935913
Female,Left,1,19.2,0.0488353769440939,6.870825189378668,8.809842824935913
Female,Left,1,19.2,0.0488346832532195,6.187096153208086,8.809842824935913
Female,Left,1,19.2,0.0488316914398002,6.405754333344291,8.809842824935913
Female,Left,1,19.2,0.048834910227356,5.977308831571451,8.809842824935913
Female,Left,1,19.2,0.048837402106823,5.8901292883464755,8.809842824935913
Female,Left,1,19.2,0.0488404093347775,4.9830831753536575,8.809842824935913
Female,Left,1,19.2,0.0488388544922633,5.033167205745233,8.809842824935913
Female,Left,1,19.2,0.0488381219119032,6.555018163364359,8.809842824935913
Female,Left,3,19.2,0.0488427083002443,1.8535962766614138,8.809842824935913
Female,Left,3,19.2,0.0488429635966267,1.9006738706122763,8.809842824935913
Female,Left,3,19.2,0.0488347710899537,2.0538720486414825,8.809842824935913
Female,Left,3,19.2,0.048844857071922,2.2358387042344994,8.809842824935913
Female,Left,3,19.2,0.0488385107721013,1.9345929108843913,8.809842824935913
Female,Left,3,19.2,0.0488480345059153,2.2769602856937117,8.809842824935913
Female,Left,3,19.2,0.0488473366813801,2.225668351803089,8.809842824935913
Female,Left,3,19.2,0.0488315338929947,1.7231560529955836,8.809842824935913
Female,Left,3,19.2,0.0488389110919886,1.7929375281361268,8.809842824935913
Female,Left,3,19.2,0.0488448580217615,2.3032593427014962,8.809842824935913
Female,Left,3,19.2,0.0488346931371175,1.4638129768198334,8.809842824935913
Female,Left,3,19.2,0.0488371033251961,1.6573715414374321,8.809842824935913
Female,Left,3,19.2,0.0488349328176418,2.2438715839969836,8.809842824935913
Female,Left,2,22.9,0.0331816525463019,4.52485059350169,8.809842824935913
Female,Left,2,22.9,0.0331900977456443,2.208492265163035,8.809842824935913
Female,Left,2,22.9,0.0331749471031218,5.75739670430503,8.809842824935913
Female,Left,2,22.9,0.0331882608386578,3.560623167662811,8.809842824935913
Female,Left,2,22.9,0.0331833275184229,4.265986442214824,8.809842824935913
Female,Left,2,22.9,0.0331785716821563,3.488953146618745,8.809842824935913
Female,Left,2,22.9,0.0331890551634464,3.191312147046284,8.809842824935913
Female,Left,2,22.9,0.0331804598814978,3.5649758865622747,8.809842824935913
Female,Left,2,22.9,0.0331899539466538,3.099937397541542,8.809842824935913
Female,Left,3,23.0,0.0330665847443772,10.412563003112611,8.809842824935913
Female,Left,3,23.0,0.0330549609088597,6.933070600265894,8.809842824935913
Female,Left,3,23.0,0.0330550849127389,7.468224835383411,8.809842824935913
Female,Left,3,23.0,0.0330445486873216,6.504588704102445,8.809842824935913
Female,Left,3,23.0,0.0330494790741382,6.94609594597347,8.809842824935913
Female,Left,3,23.0,0.0330614369846468,5.893268225624429,8.809842824935913
Female,Left,3,23.0,0.03305547710956,6.258974861612834,8.809842824935913
Female,Left,3,23.0,0.0330471894723193,5.369890606874826,8.809842824935913
Female,Left,3,23.0,0.0330567940948443,6.149391661502032,8.809842824935913
Female,Left,3,23.0,0.0330446189631545,7.114811375010757,8.809842824935913
Female,Left,1,23.1,0.0330156121084342,2.005683400316258,8.809842824935913
Female,Left,1,23.1,0.0330143659538836,1.9662050050500506,8.809842824935913
Female,Left,1,23.1,0.0330221701939934,1.9609766893407343,8.809842824935913
Female,Left,1,23.1,0.0330235569147574,1.8790643245631329,8.809842824935913
Female,Left,1,23.1,0.0330193595557885,2.28388394810461,8.809842824935913
Female,Left,1,23.1,0.0330089519477809,2.191599288298603,8.809842824935913
Female,Left,1,23.1,0.0330092545991364,2.074930448993402,8.809842824935913
Female,Left,1,23.1,0.0330198603900358,2.2225470755116374,8.809842824935913
Female,Left,1,23.1,0.03301377773433,1.8239586328000266,8.809842824935913
Female,Left,1,23.1,0.033023484480184,2.9024226721591435,8.809842824935913
Female,Left,1,27.7,0.0325618624666963,2.0133755002881104,8.809842824935913
Female,Left,1,27.7,0.0325662076777197,2.2661241891134867,8.809842824935913
Female,Left,1,27.7,0.0325622901928361,2.0176740259822785,8.809842824935913
Female,Left,1,27.7,0.0325491135019459,3.1479724621531524,8.809842824935913
Female,Left,1,27.7,0.0325454336114936,3.4872824916788816,8.809842824935913
Female,Left,1,27.7,0.0325612665329104,6.276251329523274,8.809842824935913
Female,Left,1,27.7,0.0325603348500503,4.0273625245232205,8.809842824935913
Female,Left,1,27.7,0.0325676751833306,6.385141403518452,8.809842824935913
Female,Left,1,27.7,0.0325545597941746,6.762085603243655,8.809842824935913
Female,Left,1,27.7,0.0325643875701508,3.5797401992984863,8.809842824935913
Female,Left,3,27.7,0.0325762173305659,7.263841588058048,8.809842824935913
Female,Left,3,27.7,0.0325588451590505,4.579470539101762,8.809842824935913
Female,Left,3,27.7,0.0325621098055091,6.338152048314929,8.809842824935913
Female,Left,3,27.7,0.0325522348033008,5.150905849081336,8.809842824935913
Female,Left,3,27.7,0.0325531029050927,8.151796592930902,8.809842824935913
Female,Left,3,27.7,0.0325667748096914,6.350019399293477,8.809842824935913
Female,Left,3,27.7,0.0325626586761608,4.789721680871318,8.809842824935913
Female,Left,3,27.7,0.0325533381557924,6.229317265227009,8.809842824935913
Female,Left,3,27.7,0.032554747831503,5.7107534708832315,8.809842824935913
Female,Left,2,27.7,0.0325594995062022,3.8116306422275263,8.809842824935913
Female,Left,2,27.7,0.032555694875443,3.493324815041098,8.809842824935913
Female,Left,2,27.7,0.0325518895698868,2.982223045208428,8.809842824935913
Female,Left,2,27.7,0.0325655147696313,3.5337430370540477,8.809842824935913
Female,Left,2,27.7,0.0325538756067069,3.6389041607547346,8.809842824935913
Female,Left,2,27.7,0.0325460915067015,2.860347894033531,8.809842824935913
Female,Left,2,27.7,0.0325621673870948,4.965327518087095,8.809842824935913
Female,Left,2,27.7,0.0325471908087986,3.805523006206899,8.809842824935913
Female,Left,2,27.7,0.032562725101995,4.8123033651087175,8.809842824935913
Female,Left,2,27.7,0.0325538714003822,3.5302355863150003,8.809842824935913
Female,Left,2,27.7,0.0325663078189076,3.0521353493559586,8.809842824935913
Female,Left,2,23.5,0.0376302092676676,4.922665412518767,8.809842824935913
Female,Left,2,23.5,0.0376224065975491,2.854997611417143,8.809842824935913
Female,Left,2,23.5,0.0376164054980476,2.3580547634565856,8.809842824935913
Female,Left,2,23.5,0.0376213064701291,3.955122517267518,8.809842824935913
Female,Left,2,23.5,0.0376282417723385,2.7481328883965075,8.809842824935913
Female,Left,2,23.5,0.0376284299134083,2.5697394660723165,8.809842824935913
Female,Left,2,23.5,0.0376111235932981,2.6339283548708075,8.809842824935913
Female,Left,2,23.5,0.0376152554391534,1.6524234659409975,8.809842824935913
Female,Left,2,23.5,0.0376295134655903,2.0671595869733377,8.809842824935913
Female,Left,2,23.5,0.0376133180654556,2.7976583956403593,8.809842824935913
Female,Left,2,23.5,0.037622882521968,1.8421714593204355,8.809842824935913
Female,Left,2,23.5,0.0376190909520371,2.4128310220938936,8.809842824935913
Female,Left,3,23.5,0.0376168082965819,7.768825081672067,8.809842824935913
Female,Left,3,23.5,0.0376262279194526,7.572078248752931,8.809842824935913
Female,Left,3,23.5,0.0376137930871057,7.716998451782579,8.809842824935913
Female,Left,3,23.5,0.0376116390393617,7.274976429198238,8.809842824935913
Female,Left,3,23.5,0.0376251451986392,6.824114982902165,8.809842824935913
Female,Left,3,23.5,0.0376235060866826,6.322231335165852,8.809842824935913
Female,Left,3,23.5,0.0376205463990105,8.314995376877821,8.809842824935913
Female,Left,3,23.5,0.0376118510133999,8.333388522673186,8.809842824935913
Female,Left,3,23.5,0.0376236758752838,7.306020555801528,8.809842824935913
Female,Left,3,23.5,0.0376207153420478,4.367533800202577,8.809842824935913
Female,Left,1,23.5,0.0376136153070124,5.4193803925303,8.809842824935913
Female,Left,1,23.5,0.037619753180046,3.9832600366905835,8.809842824935913
Female,Left,1,23.5,0.0376164650008748,5.681058076573592,8.809842824935913
Female,Left,1,23.5,0.0376170937259163,5.82243415635246,8.809842824935913
Female,Left,1,23.5,0.0376179302603628,5.621829900886397,8.809842824935913
Female,Left,1,23.5,0.037617381349679,7.016781852471739,8.809842824935913
Female,Left,1,23.5,0.037613953877963,5.810173203991763,8.809842824935913
Female,Left,1,23.5,0.0376161414526806,6.371040494020402,8.809842824935913
Female,Left,1,23.5,0.0376243538239567,6.652920206619751,8.809842824935913
Female,Left,1,23.5,0.0376251581351265,5.745949361804408,8.809842824935913
Female,Left,2,23.2,0.0379852930174179,4.376422797024692,8.809842824935913
Female,Left,2,23.2,0.038001789197161,3.960002450400203,8.809842824935913
Female,Left,2,23.2,0.0379973152414334,4.447581771194512,8.809842824935913
Female,Left,2,23.2,0.0380001894207076,3.9151580915523527,8.809842824935913
Female,Left,2,23.2,0.0379806580713734,5.1342931849976265,8.809842824935913
Female,Left,2,23.2,0.0379775110531795,4.442291676486506,8.809842824935913
Female,Left,2,23.2,0.0379822611768996,2.832432339016092,8.809842824935913
Female,Left,2,23.2,0.0379785188086089,2.4872818888326687,8.809842824935913
Female,Left,2,23.2,0.0379735603826698,2.928160342335391,8.809842824935913
Female,Left,3,23.2,0.037989703878633,4.908816861384949,8.809842824935913
Female,Left,3,23.2,0.0379980512739966,5.683735048269341,8.809842824935913
Female,Left,3,23.2,0.0379953595624892,3.29665011297123,8.809842824935913
Female,Left,3,23.2,0.0379971841698814,4.760551302355069,8.809842824935913
Female,Left,3,23.2,0.0379963514721724,4.437394611065255,8.809842824935913
Female,Left,3,23.2,0.0380135552564217,5.8357913393334,8.809842824935913
Female,Left,3,23.2,0.0380110490677065,5.224234280837746,8.809842824935913
Female,Left,3,23.2,0.0380013619423892,5.702433004781777,8.809842824935913
Female,Left,3,23.2,0.0380107859164691,5.650124405968566,8.809842824935913
Female,Left,3,23.2,0.0380095761575033,5.890795597333438,8.809842824935913
Female,Left,3,23.2,0.0379787916074183,5.965601906515069,8.809842824935913
Female,Left,3,23.2,0.0379865024319436,4.290953918820357,8.809842824935913
Female,Left,1,23.2,0.0379721250343892,6.209937561754539,8.809842824935913
Female,Left,1,23.2,0.0379980307527324,5.674585371591888,8.809842824935913
Female,Left,1,23.2,0.0379945743163251,6.503059707341958,8.809842824935913
Female,Left,1,23.2,0.0379923467333591,5.486954455404061,8.809842824935913
Female,Left,1,23.2,0.0379867396706744,6.0550296097369,8.809842824935913
Female,Left,1,23.2,0.0379715043398806,5.348510529698711,8.809842824935913
Female,Left,1,23.2,0.0379763736622908,5.5271665709342646,8.809842824935913
Female,Left,1,23.2,0.0379872068729628,6.394728468898242,8.809842824935913
Female,Left,1,18.9,0.0484045645569681,1.5636422426326437,8.809842824935913
Female,Left,1,18.9,0.0484064368070544,1.8778609693701833,8.809842824935913
Female,Left,1,18.9,0.0484159204064985,2.5897598605235608,8.809842824935913
Female,Left,1,18.9,0.0484094990337728,2.7903929925928,8.809842824935913
Female,Left,1,18.9,0.048413861175425,2.015897511419424,8.809842824935913
Female,Left,1,18.9,0.0483956729283048,2.719637261956074,8.809842824935913
Female,Left,1,18.9,0.0484069171336652,1.9074995937070165,8.809842824935913
Female,Left,1,18.9,0.048398310513587,1.7760238438717633,8.809842824935913
Female,Left,1,18.9,0.0483966371782174,1.8226393504146148,8.809842824935913
Female,Left,3,18.9,0.048403697937917,7.921853884265586,8.809842824935913
Female,Left,3,18.9,0.0483996802906912,5.268647343412015,8.809842824935913
Female,Left,3,18.9,0.0484064070896779,5.224484096252263,8.809842824935913
Female,Left,3,18.9,0.0484039129334566,7.591182533362905,8.809842824935913
Female,Left,3,18.9,0.0484183415196767,4.813262794810534,8.809842824935913
Female,Left,3,18.9,0.0484219379218921,4.88575790330438,8.809842824935913
Female,Left,3,18.9,0.0484202422888478,4.334281752928634,8.809842824935913
Female,Left,3,18.9,0.0484212048905259,5.966552779510049,8.809842824935913
Female,Left,3,18.9,0.0484119225359435,5.085793360622006,8.809842824935913
Female,Left,3,18.9,0.0484047901500647,6.159329485727067,8.809842824935913
Female,Left,3,18.9,0.0484178142156569,4.712354688159296,8.809842824935913
Female,Left,2,18.9,0.0484159441127942,2.6715811085561665,8.809842824935913
Female,Left,2,18.9,0.0484140741073156,2.6542248303962572,8.809842824935913
Female,Left,2,18.9,0.0484163557992157,1.8213619829136831,8.809842824935913
Female,Left,2,18.9,0.0484011371749482,2.0484312109137695,8.809842824935913
Female,Left,2,18.9,0.0483981212719259,2.7807561505037013,8.809842824935913
Female,Left,2,18.9,0.0484173903764076,3.4662575248264953,8.809842824935913
Female,Left,2,18.9,0.0484036630210725,1.6855259494157204,8.809842824935913
Female,Left,2,18.9,0.048409725950474,5.17266078592219,8.809842824935913
Female,Left,2,18.9,0.0484059663509476,1.4974961592615976,8.809842824935913
Female,Left,2,18.9,0.0484117066718781,5.766483138475542,8.809842824935913
Female,Left,1,21.3,0.0404980950339965,1.6024769165979285,8.809842824935913
Female,Left,1,21.3,0.0404961060535122,1.3074667752228337,8.809842824935913
Female,Left,1,21.3,0.0405054437207266,1.9482997352793867,8.809842824935913
Female,Left,1,21.3,0.0405082696854091,2.441187813812519,8.809842824935913
Female,Left,1,21.3,0.0404942333023238,2.0751053017192698,8.809842824935913
Female,Left,1,21.3,0.0404953766039287,3.701358628865435,8.809842824935913
Female,Left,1,21.3,0.0405075400673024,2.2170127897858065,8.809842824935913
Female,Left,1,21.3,0.0404997626790918,2.335165711730365,8.809842824935913
Female,Left,1,21.3,0.0404959333336062,1.751174219775421,8.809842824935913
Female,Left,3,21.3,0.0405039751300847,5.491338098601811,8.809842824935913
Female,Left,3,21.3,0.0404929289195292,7.589619122839754,8.809842824935913
Female,Left,3,21.3,0.0405013026133992,10.16325061167427,8.809842824935913
Female,Left,3,21.3,0.0405138386189601,8.315458019467943,8.809842824935913
Female,Left,3,21.3,0.0405116020288517,6.2446826203277785,8.809842824935913
Female,Left,3,21.3,0.0405019943026927,6.806043055897332,8.809842824935913
Female,Left,3,21.3,0.0404960957089447,5.963877903310467,8.809842824935913
Female,Left,3,21.3,0.0405153327906614,7.0458953946149645,8.809842824935913
Female,Left,2,21.3,0.0405168113927476,3.216786398494835,8.809842824935913
Female,Left,2,21.3,0.0405147672967089,3.257565525244304,8.809842824935913
Female,Left,2,21.3,0.0405103025843055,4.0578996218694785,8.809842824935913
Female,Left,2,21.3,0.0404986218420546,3.4049118424021665,8.809842824935913
Female,Left,2,21.3,0.040503515156042,1.9024256691912353,8.809842824935913
Female,Left,2,21.3,0.0404957921776697,2.6533936382099346,8.809842824935913
Female,Left,2,21.3,0.0405115178869824,2.4099134522568146,8.809842824935913
Female,Left,2,21.3,0.0405074805795738,3.593209834308968,8.809842824935913
Female,Left,2,21.3,0.0404971879902654,4.003011679970946,8.809842824935913
Female,Left,2,21.3,0.0405105923467204,3.1693618389250156,8.809842824935913
