Male,Right,2,31.2,0.0292359055471327,1.5581905481240352,14.888060569763184
Male,Right,2,31.2,0.0302643674315935,1.67243740631798,14.888060569763184
Male,Right,2,31.2,0.0280876701107798,1.6789313226625402,14.888060569763184
Male,Right,2,31.2,0.0270846012582926,2.112068591819312,14.888060569763184
Male,Right,2,31.2,0.0278273348363532,1.7237397541090569,14.888060569763184
Male,Right,2,31.2,0.0308920018091392,1.865558572129136,14.888060569763184
Male,Right,2,31.2,0.0219946324135106,1.7078486694541164,14.888060569763184
Male,Right,2,31.2,0.0280446874442692,2.287240603719213,14.888060569763184
Male,Right,2,31.2,0.030404350464624,1.5037803789409694,14.888060569763184
Male,Right,1,31.2,0.0190582012276908,1.4106238497227928,14.888060569763184
Male,Right,1,31.2,0.0301205797580183,0.7886055746415779,14.888060569763184
Male,Right,1,31.2,0.022195155700292,1.291544592978904,14.888060569763184
Male,Right,1,31.2,0.0319386443353779,0.9524009884409156,14.888060569763184
Male,Right,1,31.2,0.0179875883457711,1.3843190228322055,14.888060569763184
Male,Right,1,31.2,0.0255997753543662,0.8118966578619367,14.888060569763184
Male,Right,1,31.2,0.0182776732142191,1.2079014545914681,14.888060569763184
Male,Right,1,31.2,0.0293887831694175,1.1717551608529313,14.888060569763184
Male,Right,1,31.2,0.024898068562208,1.0938088802422021,14.888060569763184
Male,Right,3,31.2,0.0307684461410873,3.298872201410062,14.888060569763184
Male,Right,3,31.2,0.0328626826179234,2.810192494956244,14.888060569763184
Male,Right,3,31.2,0.0256042417898929,2.3998979581556372,14.888060569763184
Male,Right,3,31.2,0.0258491584379698,1.9741800592080745,14.888060569763184
Male,Right,3,31.2,0.0342358565115679,2.618097365840666,14.888060569763184
Male,Right,3,31.2,0.0358178592184362,3.0815087462253437,14.888060569763184
Male,Right,3,31.2,0.0317418015375945,2.963660030534151,14.888060569763184
Male,Right,3,31.2,0.0266627320035828,2.451566942389605,14.888060569763184
Male,Right,3,31.2,0.0299690379524538,2.0278406149817787,14.888060569763184
Male,Right,3,31.2,0.0323821789305053,1.9438157455086054,14.888060569763184
Male,Right,3,31.2,0.0296849314962689,1.9252245140930166,14.888060569763184
Male,Right,2,21.0,-0.0169605822469108,1.5210995540885757,14.888060569763184
Male,Right,2,21.0,0.0130511944567856,1.5964781830625574,14.888060569763184
Male,Right,2,21.0,-0.0058947142562863,1.8147747603115256,14.888060569763184
Male,Right,2,21.0,0.003196954286812,1.9231860183369789,14.888060569763184
Male,Right,2,21.0,0.0110726424698713,0.5536815888140987,14.888060569763184
Male,Right,2,21.0,-0.0031499673351985,2.664574666146362,14.888060569763184
Male,Right,2,21.0,0.0041124872279804,1.5059753605794148,14.888060569763184
Male,Right,2,21.0,0.0179389786785081,0.7387767862932676,14.888060569763184
Male,Right,2,21.0,-0.0054693980987565,1.1310009821127258,14.888060569763184
Male,Right,1,21.0,0.0144982057337422,1.0232753807665673,14.888060569763184
Male,Right,1,21.0,0.0028426733505564,0.883277448043244,14.888060569763184
Male,Right,1,21.0,0.017134702401335,0.73745526852157,14.888060569763184
Male,Right,1,21.0,0.0035605015551983,1.4281974786853349,14.888060569763184
Male,Right,1,21.0,-0.0045065890162288,0.7024906299727939,14.888060569763184
Male,Right,1,21.0,-0.0003060013724369,1.0942815331732991,14.888060569763184
Male,Right,1,21.0,-0.0133563960872402,0.46370068442320067,14.888060569763184
Male,Right,1,21.0,-0.0230761772340533,1.4861187358274195,14.888060569763184
Male,Right,1,21.0,0.0043320210085884,0.7010161596655552,14.888060569763184
Male,Right,1,21.0,-0.0057939881651394,1.0697655217299702,14.888060569763184
Male,Right,3,21.0,0.0012533063288292,1.028436974327714,14.888060569763184
Male,Right,3,21.0,-0.013534294494059,0.9939560667829191,14.888060569763184
Male,Right,3,21.0,-0.0364419824383491,1.600098366646288,14.888060569763184
Male,Right,3,21.0,-0.0104086574192896,0.725133200306848,14.888060569763184
Male,Right,3,21.0,-0.0077916660619148,1.515573222639558,14.888060569763184
Male,Right,3,21.0,0.0192945417112141,0.959325162077734,14.888060569763184
Male,Right,3,21.0,0.004523458810497,1.563019899080356,14.888060569763184
Male,Right,3,21.0,0.0172618989738648,1.2426702357329389,14.888060569763184
Male,Right,3,21.0,-0.0086371511106565,1.2106093885172446,14.888060569763184
Male,Right,3,21.0,0.0186061401361988,1.2113814203260937,14.888060569763184
Male,Right,2,35.3,0.0029419855740122,0.44745086604953976,14.888060569763184
Male,Right,2,35.3,-0.0139557644793094,0.9340505984890696,14.888060569763184
Male,Right,2,35.3,-0.0056241865796937,0.5743917203366198,14.888060569763184
Male,Right,2,35.3,-0.0046905784329472,0.947449121033533,14.888060569763184
Male,Right,2,35.3,0.0007686482707823,0.46101155819189843,14.888060569763184
Male,Right,2,35.3,-0.0002922473821819,0.6757534151249418,14.888060569763184
Male,Right,2,35.3,-0.0030674232364548,0.7312037676813133,14.888060569763184
Male,Right,2,35.3,-0.0066487314279623,1.1739123684668746,14.888060569763184
Male,Right,2,35.3,-0.0101210853205636,0.9047942485821874,14.888060569763184
Male,Right,2,35.3,-0.0027983321209923,1.1622569966091456,14.888060569763184
Male,Right,2,35.3,0.0072743106899078,0.6458746103358983,14.888060569763184
Male,Right,2,35.3,-0.0039551773128384,0.42715722900022085,14.888060569763184
Male,Right,1,35.3,-0.000663017204981,2.1575080883622557,14.888060569763184
Male,Right,1,35.3,0.0016358548406462,1.7267235319145056,14.888060569763184
Male,Right,1,35.3,0.0079037754130823,1.7446901468328577,14.888060569763184
Male,Right,1,35.3,-0.0020641932998722,1.8587053886034106,14.888060569763184
Male,Right,1,35.3,-0.002048124352489,1.3636136253690239,14.888060569763184
Male,Right,1,35.3,0.0033667341288387,1.7476836153079682,14.888060569763184
Male,Right,1,35.3,0.0049674489793531,1.2644443037359063,14.888060569763184
Male,Right,1,35.3,0.002735003899851,1.6129523300864717,14.888060569763184
Male,Right,3,35.3,0.0143288935445319,2.4082761148793947,14.888060569763184
Male,Right,3,35.3,0.0054109198912402,2.1899604788989793,14.888060569763184
Male,Right,3,35.3,-0.0020996157402947,1.7252898759337,14.888060569763184
Male,Right,3,35.3,-0.0129457279517763,1.6040858306033856,14.888060569763184
Male,Right,3,35.3,-0.0020544587874292,1.8221426840728479,14.888060569763184
Male,Right,3,35.3,-0.0127765651829076,1.3325511151564715,14.888060569763184
Male,Right,3,35.3,0.0081152718042465,1.1927650772719662,14.888060569763184
Male,Right,3,35.3,-0.0036800785625823,2.845255901018091,14.888060569763184
Male,Right,3,35.3,-0.0146156560278674,1.5191294154438992,14.888060569763184
Male,Right,3,35.3,0.0043103330081183,1.1232762466582211,14.888060569763184
Male,Right,3,35.3,0.0064888672727455,1.599344696565896,14.888060569763184
Male,Right,3,35.3,0.004338078835777,1.673958018737716,14.888060569763184
Male,Right,3,35.3,0.0047256861981035,1.819359265929205,14.888060569763184
Male,Right,3,35.3,-0.0035051200790028,1.8577735947985499,14.888060569763184
Male,Right,3,35.3,-0.0023443997671457,2.0791254355727875,14.888060569763184
Male,Right,3,35.3,0.0084745975135959,1.4072526865581503,14.888060569763184
Male,Right,2,22.1,-0.0156632300551632,1.0042044368491596,14.888060569763184
Male,Right,2,22.1,0.0107295684082261,1.5802485582671184,14.888060569763184
Male,Right,2,22.1,0.0264448673872321,1.38777120522904,14.888060569763184
Male,Right,2,22.1,0.0228289808734677,1.5321465666586536,14.888060569763184
Male,Right,2,22.1,0.025769469671429,1.986665377567239,14.888060569763184
Male,Right,2,22.1,0.0187238442568147,1.0912762316236828,14.888060569763184
Male,Right,2,22.1,0.0135264520862291,1.6985109267689962,14.888060569763184
Male,Right,2,22.1,-0.0065339940782662,1.8816007156594767,14.888060569763184
Male,Right,2,22.1,0.007227767959099,1.2089292407312295,14.888060569763184
Male,Right,1,22.1,0.0275268155297954,1.5106484147808932,14.888060569763184
Male,Right,1,22.1,0.009047180647957,0.8224715407670964,14.888060569763184
Male,Right,1,22.1,0.0300783200548684,1.3102124881774198,14.888060569763184
Male,Right,1,22.1,0.0225268722257319,1.4605875814268154,14.888060569763184
Male,Right,1,22.1,0.0287487638473275,1.378387617293896,14.888060569763184
Male,Right,1,22.1,0.0129999630333382,1.2860708949022652,14.888060569763184
Male,Right,1,22.1,0.0308259984617833,1.1359252665599504,14.888060569763184
Male,Right,1,22.1,0.0180211352436779,0.992786168747791,14.888060569763184
Male,Right,3,22.1,0.021430947936165,2.5341134135434853,14.888060569763184
Male,Right,3,22.1,-0.0056531936291997,2.2675994372413064,14.888060569763184
Male,Right,3,22.1,0.0170892826422633,4.262161429538131,14.888060569763184
Male,Right,3,22.1,0.0147882667440266,2.0056876341670997,14.888060569763184
Male,Right,3,22.1,0.0242422458975583,4.017461072481135,14.888060569763184
Male,Right,3,22.1,0.0044625771360184,1.9948993313003616,14.888060569763184
Male,Right,2,22.9,0.0069901718221731,1.2513474643152955,14.888060569763184
Male,Right,2,22.9,-0.0149535113582846,1.1096959342090351,14.888060569763184
Male,Right,2,22.9,0.0140432286805276,0.6854253243940992,14.888060569763184
Male,Right,2,22.9,0.0013581138668703,0.48499918560011995,14.888060569763184
Male,Right,2,22.9,0.0308060589056229,1.5005650639582753,14.888060569763184
Male,Right,2,22.9,-0.0027144479169273,0.847308043035741,14.888060569763184
Male,Right,2,22.9,-0.0178468571162787,1.2302308524780057,14.888060569763184
Male,Right,2,22.9,0.0121344001819223,0.8705993904647045,14.888060569763184
Male,Right,2,22.9,-0.0031757388036566,1.1812026004047926,14.888060569763184
Male,Right,2,22.9,0.0206717289967468,0.9303540092075033,14.888060569763184
Male,Right,3,22.9,0.0264641274023168,1.2020013743305795,14.888060569763184
Male,Right,3,22.9,0.0099220888714614,0.9461154375048945,14.888060569763184
Male,Right,3,22.9,0.0188351530541728,0.8982998364619151,14.888060569763184
Male,Right,3,22.9,-0.006890066945635,0.9336635078210209,14.888060569763184
Male,Right,3,22.9,-0.0009520879167612,1.0714388405612227,14.888060569763184
Male,Right,3,22.9,0.0048083244810206,0.6548145495423936,14.888060569763184
Male,Right,3,22.9,0.0034360534488173,1.2876623378824035,14.888060569763184
Male,Right,3,22.9,0.0121695467134723,0.9706208955875737,14.888060569763184
Male,Right,3,22.9,0.0127383551779254,0.7510660156576573,14.888060569763184
Male,Right,3,22.9,-0.0168257108596383,1.3685619398282254,14.888060569763184
Male,Right,1,23.0,0.0076189862888046,0.9871980758815614,14.888060569763184
Male,Right,1,23.0,0.0084890488766652,1.3206960244700503,14.888060569763184
Male,Right,1,23.0,0.0049495166789279,0.8462477577117227,14.888060569763184
Male,Right,1,23.0,0.0068436954762552,0.5883566468492398,14.888060569763184
Male,Right,1,23.0,-0.0081301142952422,1.2233704401896281,14.888060569763184
Male,Right,1,23.0,0.0029192798025679,1.0330759481847822,14.888060569763184
Male,Right,1,23.0,-0.01152718019349,0.7342845869051725,14.888060569763184
Male,Right,1,23.0,-0.0091362704567655,0.7228049989152493,14.888060569763184
Male,Right,1,23.0,0.0096301236888914,1.1224956264818957,14.888060569763184
Male,Right,2,23.2,-0.0122214378801502,1.157755173187947,14.888060569763184
Male,Right,2,23.2,0.0223113819552606,1.3217120758777359,14.888060569763184
Male,Right,2,23.2,-0.0026400234534272,0.8495641725256708,14.888060569763184
Male,Right,2,23.2,-0.01167800253671,0.8048954870228892,14.888060569763184
Male,Right,2,23.2,0.0082779718262031,0.6157271601501192,14.888060569763184
Male,Right,2,23.2,0.0096332307520697,0.981899829490666,14.888060569763184
Male,Right,2,23.2,-0.0028843221271311,1.0267220766313028,14.888060569763184
Male,Right,2,23.2,0.0052784988385996,1.7599441364971673,14.888060569763184
Male,Right,2,23.2,-0.0102057168112671,0.6533142214658078,14.888060569763184
Male,Right,2,23.2,0.0111104914430852,1.2205071983969848,14.888060569763184
Male,Right,3,23.3,-0.0121168245729803,1.443712060792666,14.888060569763184
Male,Right,3,23.3,-0.0140994584893758,1.71849843507067,14.888060569763184
Male,Right,3,23.3,0.0240382573797039,2.6112794926366205,14.888060569763184
Male,Right,3,23.3,-0.015414046777247,1.1180122152243703,14.888060569763184
Male,Right,3,23.3,0.0126481341087148,1.2452963014243572,14.888060569763184
Male,Right,3,23.3,0.0254868335564401,1.2523161538021643,14.888060569763184
Male,Right,3,23.3,0.0244837172876414,2.3709913664075617,14.888060569763184
Male,Right,3,23.3,-0.0234935981020158,1.7708870837131447,14.888060569763184
Male,Right,3,23.3,0.0254205636710859,1.2725340230619349,14.888060569763184
Male,Right,1,23.3,0.0126376255835726,0.9645288384084039,14.888060569763184
Male,Right,1,23.3,-0.0010795339622343,1.0903878224383008,14.888060569763184
Male,Right,1,23.3,-0.0135746435939734,1.002008960851808,14.888060569763184
Male,Right,1,23.3,-0.0085904757003883,0.8903354696101389,14.888060569763184
Male,Right,1,23.3,0.014847119927235,0.7941344444703651,14.888060569763184
Male,Right,1,23.3,0.0100996549857212,0.9163655085487655,14.888060569763184
Male,Right,1,23.3,0.0012422915324447,0.4857121139649678,14.888060569763184
Male,Right,1,23.3,0.0099274552989782,0.8198465108115638,14.888060569763184
Male,Right,1,23.3,-0.0001407923512842,0.5948322043740163,14.888060569763184
Male,Right,1,23.3,-0.0013907454430305,0.6020575878350619,14.888060569763184
Male,Right,2,19.4,-0.0009483007115765,0.906066565345381,14.888060569763184
Male,Right,2,19.4,-0.0054019088456566,0.6358084147403943,14.888060569763184
Male,Right,2,19.4,0.0117399658883438,0.9810451934509808,14.888060569763184
Male,Right,2,19.4,0.0086627713871272,0.7376302488293095,14.888060569763184
Male,Right,2,19.4,0.0032816980112457,0.9187469917498932,14.888060569763184
Male,Right,2,19.4,0.0086328226457357,0.8519219851683847,14.888060569763184
Male,Right,2,19.4,-0.0099914280579675,0.5387106886791885,14.888060569763184
Male,Right,2,19.4,0.0225669292079259,0.7822534601709956,14.888060569763184
Male,Right,2,19.4,-0.0140652200104353,0.7437806976889296,14.888060569763184
Male,Right,3,19.4,-0.0205705449853831,1.9911998678481504,14.888060569763184
Male,Right,3,19.4,-0.0386279777029097,1.7748047509234108,14.888060569763184
Male,Right,3,19.4,-0.030939892937101,1.8786673201377155,14.888060569763184
Male,Right,3,19.4,0.014402001827137,0.8945328157051776,14.888060569763184
Male,Right,3,19.4,-0.0212545800720414,1.4464257031758534,14.888060569763184
Male,Right,3,19.4,0.0125757544906604,1.5378829452959482,14.888060569763184
Male,Right,3,19.4,0.0136498034383739,2.0864018607747536,14.888060569763184
Male,Right,3,19.4,0.0106769555901743,2.2440357746849884,14.888060569763184
Male,Right,3,19.4,-0.0017147808187381,3.0010461958379198,14.888060569763184
Male,Right,1,19.5,-0.0020723074375884,0.9538545433486909,14.888060569763184
Male,Right,1,19.5,-0.0176377589674019,1.217530184259802,14.888060569763184
Male,Right,1,19.5,-0.0133910597159574,1.1143528603113115,14.888060569763184
Male,Right,1,19.5,0.0234042401542761,1.0026699467517444,14.888060569763184
Male,Right,1,19.5,0.0231659287864548,0.8710161608620623,14.888060569763184
Male,Right,1,19.5,0.0157378533498908,0.9560254474315407,14.888060569763184
Male,Right,1,19.5,0.0186232046879902,0.9674408419120328,14.888060569763184
Male,Right,1,19.5,0.0008073955249435,0.7134427316011808,14.888060569763184
Male,Right,1,19.5,-0.0323867797922812,0.8963272985496591,14.888060569763184
Male,Right,1,31.4,0.0135603844298507,1.577040624810524,14.888060569763184
Male,Right,1,31.4,0.0161571097787956,1.1436307449652223,14.888060569763184
Male,Right,1,31.4,0.0174968432735778,1.040060582159648,14.888060569763184
Male,Right,1,31.4,0.0147919539567987,1.5227806337459826,14.888060569763184
Male,Right,1,31.4,0.0030616598289563,1.6551738064735781,14.888060569763184
Male,Right,1,31.4,0.0163362893332701,1.6023450942094442,14.888060569763184
Male,Right,1,31.4,0.0147398182262502,1.0313668329597367,14.888060569763184
Male,Right,3,31.4,0.0197406520183153,1.182460484404319,14.888060569763184
Male,Right,3,31.4,0.0198494847791149,1.1536814098435453,14.888060569763184
Male,Right,3,31.4,0.0116192311373259,0.8398628052870312,14.888060569763184
Male,Right,3,31.4,0.0140666816945919,0.9278657890858486,14.888060569763184
Male,Right,3,31.4,0.0147224807506051,0.8742961851278714,14.888060569763184
Male,Right,3,31.4,0.0174754749834692,1.1647249248779838,14.888060569763184
Male,Right,3,31.4,0.0127778620666467,0.9170997606420322,14.888060569763184
Male,Right,3,31.4,0.0119339643361179,0.9028662024394551,14.888060569763184
Male,Right,3,31.4,0.0168501554918208,0.8569317471200192,14.888060569763184
Male,Right,3,31.4,0.0185657622799156,1.138656701262681,14.888060569763184
Male,Right,3,31.4,0.0229506205460698,0.7793237763096384,14.888060569763184
Male,Right,2,31.5,0.0111429177062646,0.8405145749042598,14.888060569763184
Male,Right,2,31.5,0.0158140196743519,1.1432086279271179,14.888060569763184
Male,Right,2,31.5,0.0081841659547954,0.8823903252428336,14.888060569763184
Male,Right,2,31.5,0.0165862878134983,0.6870380535586903,14.888060569763184
Male,Right,2,31.5,0.0222571330777828,0.9018682328527624,14.888060569763184
Male,Right,2,31.5,0.014232499394052,0.6498119494141197,14.888060569763184
Male,Right,2,31.5,0.0133063483482144,0.5387069581697854,14.888060569763184
Male,Right,2,31.5,0.0170311053655224,0.8896245976697642,14.888060569763184
Male,Right,2,31.5,0.0182486264873571,0.7582955029692114,14.888060569763184
Male,Right,2,31.5,0.0158537128677661,1.0758370488741678,14.888060569763184
Male,Right,2,31.5,0.0092455655620114,0.6399094301812681,14.888060569763184
Male,Right,1,24.5,0.0227513090527753,2.879654897460643,14.888060569763184
Male,Right,1,24.5,0.0162319830879378,3.062323253211186,14.888060569763184
Male,Right,1,24.5,0.0196264463934739,3.5290858060493204,14.888060569763184
Male,Right,1,24.5,0.0152474919926949,3.2361024235478713,14.888060569763184
Male,Right,1,24.5,0.0159210503485388,3.6964058842775662,14.888060569763184
Male,Right,1,24.5,0.0207699533572849,3.1958341417668836,14.888060569763184
Male,Right,1,24.5,0.025356250377889,4.1547900275767065,14.888060569763184
Male,Right,1,24.5,0.0136675945522096,3.193995266196333,14.888060569763184
Male,Right,1,24.5,0.0205228431522327,2.7339894875954807,14.888060569763184
Male,Right,3,24.4,0.0109996124325491,1.7832527244081742,14.888060569763184
Male,Right,3,24.4,-0.0427934690717792,2.3145288809386346,14.888060569763184
Male,Right,3,24.4,-0.0267353940097133,1.8315242721893483,14.888060569763184
Male,Right,3,24.4,-0.0326502707289619,2.0092571919201827,14.888060569763184
Male,Right,3,24.4,-0.0196788493086238,1.55202500642221,14.888060569763184
Male,Right,3,24.4,-0.0191228180451937,1.2229444072791524,14.888060569763184
Male,Right,3,24.4,0.0148793472409215,2.1476885587133365,14.888060569763184
Male,Right,3,24.4,-0.0342903891590566,2.321045131601734,14.888060569763184
Male,Right,3,24.4,-0.0385151121466692,2.6336822915523803,14.888060569763184
Male,Right,3,24.4,-0.0162244845614321,1.860348354018081,14.888060569763184
Male,Right,3,24.4,-0.0347426258039643,2.052931764393552,14.888060569763184
Male,Right,3,24.4,-0.038665249832983,2.181906480047501,14.888060569763184
Male,Right,2,24.6,0.0144295826312576,1.3793162517111361,14.888060569763184
Male,Right,2,24.6,0.0105025915787974,1.4292075455208528,14.888060569763184
Male,Right,2,24.6,0.0144736329118791,1.5541509875504367,14.888060569763184
Male,Right,2,24.6,0.0164210077776731,1.0063687702336344,14.888060569763184
Male,Right,2,24.6,0.0123466840937562,0.8573412376729833,14.888060569763184
Male,Right,2,24.6,0.0190914963533152,1.2304727330815342,14.888060569763184
Male,Right,2,24.6,0.0206609872011551,1.0945528203829271,14.888060569763184
Male,Right,2,24.6,0.0088517802663541,1.082986968707253,14.888060569763184
Male,Right,2,24.6,0.0182380083045027,1.1520559761279126,14.888060569763184
Male,Right,2,24.6,0.0045061958084317,1.0386644276103887,14.888060569763184
Male,Right,2,24.6,0.0173696899657898,1.2510802796063276,14.888060569763184
Male,Right,2,23.3,0.0096597758175151,0.9759517538942959,14.888060569763184
Male,Right,2,23.3,0.0046154257438107,1.2068574909211252,14.888060569763184
Male,Right,2,23.3,0.0017513937862874,1.2803996513931148,14.888060569763184
Male,Right,2,23.3,0.0172483064070277,1.7407740490964025,14.888060569763184
Male,Right,2,23.3,0.0176024955757345,1.8807201261201596,14.888060569763184
Male,Right,2,23.3,0.0146075185175606,1.2546902480287319,14.888060569763184
Male,Right,2,23.3,0.011435559699587,1.5440320273590986,14.888060569763184
Male,Right,2,23.3,0.0162544940160258,0.7699630381449011,14.888060569763184
Male,Right,2,23.3,0.0161671125201493,1.3003344348086099,14.888060569763184
Male,Right,3,23.3,0.005688221937428,2.238012567251763,14.888060569763184
Male,Right,3,23.3,-0.0141859346871772,1.7505998926422988,14.888060569763184
Male,Right,3,23.3,0.0074953940960176,1.5904990290418055,14.888060569763184
Male,Right,3,23.3,0.0019027738191449,1.8900281538711583,14.888060569763184
Male,Right,3,23.3,0.0011560793891874,1.5398304107617682,14.888060569763184
Male,Right,3,23.3,0.0083243519581483,1.5590173450857845,14.888060569763184
Male,Right,3,23.3,-0.0054211482123147,1.7994323206907408,14.888060569763184
Male,Right,1,23.3,-0.000677909183723,1.9699754356567143,14.888060569763184
Male,Right,1,23.3,0.0134600423328819,1.0227865116290833,14.888060569763184
Male,Right,1,23.3,0.0141343262610029,0.8983025323849603,14.888060569763184
Male,Right,1,23.3,0.0110744940672951,1.6463180614769275,14.888060569763184
Male,Right,1,23.3,0.0051215043151294,2.18906189197752,14.888060569763184
Male,Right,1,23.3,0.0211240431293343,2.033366222192769,14.888060569763184
Male,Right,1,23.3,0.0114378081986019,1.2039949047772913,14.888060569763184
Male,Right,2,23.0,0.0034569739754376,1.0821031826810246,14.888060569763184
Male,Right,2,23.0,0.0034229208691975,0.9690163710237802,14.888060569763184
Male,Right,2,23.0,0.001648753501688,1.4842376263865182,14.888060569763184
Male,Right,2,23.0,-0.000695571448037,1.4663191564501112,14.888060569763184
Male,Right,2,23.0,-5.95822532727478e-05,1.332850346606547,14.888060569763184
Male,Right,2,23.0,-0.004499385411971,1.6427272958366737,14.888060569763184
Male,Right,2,23.0,-0.0033913595834856,0.9072750331068684,14.888060569763184
Male,Right,2,23.0,-0.002014272285968,1.5289001096240835,14.888060569763184
Male,Right,2,23.0,0.0010230793411041,1.4363020632615628,14.888060569763184
Male,Right,3,23.0,-0.0076346500321747,2.4132612858536007,14.888060569763184
Male,Right,3,23.0,-0.006865539058468,4.122335287232744,14.888060569763184
Male,Right,3,23.0,-0.0064314503599708,2.6029413821042597,14.888060569763184
Male,Right,3,23.0,-0.0076024338091439,2.2096345276986376,14.888060569763184
Male,Right,3,23.0,-0.0097052756294811,3.0727310713561864,14.888060569763184
Male,Right,3,23.0,-0.0130124626529565,2.3931214421133595,14.888060569763184
Male,Right,3,23.0,-0.0164651491623658,2.218429680533502,14.888060569763184
Male,Right,3,23.0,-0.0042284824532644,1.9861690834776844,14.888060569763184
Male,Right,1,23.0,0.0053017690037998,0.9271182824224681,14.888060569763184
Male,Right,1,23.0,0.0012302191199316,1.4006273623058019,14.888060569763184
Male,Right,1,23.0,-0.0022566561675062,0.695444994837968,14.888060569763184
Male,Right,1,23.0,0.0021569981404731,1.2009588078706317,14.888060569763184
Male,Right,1,23.0,-0.0007229295644266,0.8501417384428487,14.888060569763184
Male,Right,1,23.0,-0.003578756139368,1.5245492434006895,14.888060569763184
Male,Right,1,23.0,-0.0058042716767994,1.2353013614054942,14.888060569763184
Male,Right,1,23.0,-0.0019494137962921,1.01662392338332,14.888060569763184
Male,Right,2,24.5,0.0184491336676867,0.6959473334220536,14.888060569763184
Male,Right,2,24.5,0.0199932689994513,1.0003157425528502,14.888060569763184
Male,Right,2,24.5,0.0142340874101345,1.1096430874172938,14.888060569763184
Male,Right,2,24.5,0.0190280270696999,1.7190800500838244,14.888060569763184
Male,Right,2,24.5,0.0182544174701563,0.5364835650280747,14.888060569763184
Male,Right,2,24.5,0.0224013828510817,0.8436696336235722,14.888060569763184
Male,Right,2,24.5,0.0261637799010306,1.310528178618078,14.888060569763184
Male,Right,2,24.5,0.0137036437455233,0.538512149600797,14.888060569763184
Male,Right,2,24.5,0.0223902619064465,0.655657651996637,14.888060569763184
Male,Right,2,24.5,0.0180673633034501,1.4583667552665234,14.888060569763184
Male,Right,3,24.5,0.0253640016022606,1.8587458275102806,14.888060569763184
Male,Right,3,24.5,0.0171385437857932,1.259631756194356,14.888060569763184
Male,Right,3,24.5,0.0152126013138614,0.981598005602277,14.888060569763184
Male,Right,3,24.5,0.0227488340805678,1.7145258840280486,14.888060569763184
Male,Right,3,24.5,0.0243240313129088,1.8788267310236344,14.888060569763184
Male,Right,3,24.5,0.0257794829708818,3.1503513460343577,14.888060569763184
Male,Right,3,24.5,0.0232060554413394,1.5527617208470221,14.888060569763184
Male,Right,3,24.5,0.0249471536789606,1.7472672607822706,14.888060569763184
Male,Right,3,24.5,0.0265985914321259,1.2944986820075235,14.888060569763184
Male,Right,1,24.5,0.0174595478402041,1.386621641187765,14.888060569763184
Male,Right,1,24.5,0.0233835543936463,1.4209412478863865,14.888060569763184
Male,Right,1,24.5,0.0192967736755633,1.2713662770051901,14.888060569763184
Male,Right,1,24.5,0.0198377415661808,0.9527415571935268,14.888060569763184
Male,Right,1,24.5,0.0192400623374629,1.0220880823237903,14.888060569763184
Male,Right,1,24.5,0.0154476381641706,1.0823362202354774,14.888060569763184
Male,Right,1,24.5,0.0224723423688747,1.2097238488608582,14.888060569763184
Male,Right,1,24.5,0.0223752758643024,1.010588441627984,14.888060569763184
Male,Right,2,24.3,0.0075972388791533,0.6619237789929585,14.888060569763184
Male,Right,2,24.3,0.0115063862196569,0.6537205402991939,14.888060569763184
Male,Right,2,24.3,0.0048496791636529,0.56972845853144,14.888060569763184
Male,Right,2,24.3,0.0060043209583621,0.48579712983952117,14.888060569763184
Male,Right,2,24.3,0.0071059981563505,0.5534021203156348,14.888060569763184
Male,Right,2,24.3,-0.0003918234858401,0.4829422883609414,14.888060569763184
Male,Right,2,24.3,0.0051078214666343,0.6172914303720484,14.888060569763184
Male,Right,2,24.3,0.0076741365370677,0.5758711152023827,14.888060569763184
Male,Right,3,24.3,0.0121031471870068,1.2447336696615487,14.888060569763184
Male,Right,3,24.3,0.000830587182733,1.6055558705838682,14.888060569763184
Male,Right,3,24.3,0.0063394362596038,1.2137924250382306,14.888060569763184
Male,Right,3,24.3,0.0080001817224377,1.2557846012102165,14.888060569763184
Male,Right,3,24.3,0.0067432940586168,1.879529115308784,14.888060569763184
Male,Right,3,24.3,0.0007834295375707,1.3451607355134523,14.888060569763184
Male,Right,3,24.3,0.0049867080812482,1.3737560775098043,14.888060569763184
Male,Right,3,24.3,0.0081344762647172,1.1228965842292737,14.888060569763184
Male,Right,1,24.3,0.0079367972594501,1.219003906639199,14.888060569763184
Male,Right,1,24.3,0.0094478708053972,1.4003423441329068,14.888060569763184
Male,Right,1,24.3,0.0068661748676278,1.269740349566734,14.888060569763184
Male,Right,1,24.3,0.0065752262503564,1.2996290955816179,14.888060569763184
Male,Right,2,25.1,-0.0024071395158728,0.9180743935316038,14.888060569763184
Male,Right,2,25.1,0.0144986631159378,1.0763200406369766,14.888060569763184
Male,Right,2,25.1,0.017820315547918,0.7694254836953798,14.888060569763184
Male,Right,2,25.1,-0.0053099503359148,1.135104692126904,14.888060569763184
Male,Right,2,25.1,0.0144053644076856,1.0238995117122909,14.888060569763184
Male,Right,2,25.1,0.0099647718525007,0.8382568584217157,14.888060569763184
Male,Right,2,25.1,0.0067500073431746,0.8330256201951929,14.888060569763184
Male,Right,2,25.1,0.0153985713083808,0.8196536776531522,14.888060569763184
Male,Right,3,25.1,-0.0040494391382605,0.8639901749228226,14.888060569763184
Male,Right,3,25.1,0.004066077819674,1.7875195130315593,14.888060569763184
Male,Right,3,25.1,0.0173912018572373,2.606193714090927,14.888060569763184
Male,Right,3,25.1,0.0102602714418657,1.4527642289317444,14.888060569763184
Male,Right,3,25.1,0.0090741819206754,0.8879198885726355,14.888060569763184
Male,Right,3,25.1,-0.0039603672246553,1.2262359852400064,14.888060569763184
Male,Right,3,25.1,0.0130759741287842,1.7670299138586483,14.888060569763184
Male,Right,3,25.1,0.0070114868961413,1.468052358812799,14.888060569763184
Male,Right,3,25.1,0.0083985551673031,1.7586432132645202,14.888060569763184
Male,Right,1,24.9,0.0076387427031589,0.5337110045364921,14.888060569763184
Male,Right,1,24.9,0.0197569885382758,0.5605594266562679,14.888060569763184
Male,Right,1,24.9,0.0026489323963128,0.6051495270679261,14.888060569763184
Male,Right,1,24.9,0.0138731548029177,0.607010751400499,14.888060569763184
Male,Right,1,24.9,0.0149044774059421,0.720518743538666,14.888060569763184
Male,Right,1,24.9,0.0091835172796628,0.39927134632948064,14.888060569763184
Male,Right,1,24.9,0.0146888362246136,0.5694984258493008,14.888060569763184
Male,Right,1,24.9,0.0070882351129723,0.4711280097707003,14.888060569763184
Male,Right,3,22.7,0.023188991875553,2.576609583522994,14.888060569763184
Male,Right,3,22.7,0.0119194880713139,1.374217015051149,14.888060569763184
Male,Right,3,22.7,0.0134414851078849,1.3563351353419255,14.888060569763184
Male,Right,3,22.7,0.0236040610569826,0.846750447976658,14.888060569763184
Male,Right,3,22.7,0.0179797652637741,0.6281752351734432,14.888060569763184
Male,Right,3,22.7,0.024190399989322,1.3559299862494003,14.888060569763184
Male,Right,3,22.7,0.0230876579349911,0.9743225817627635,14.888060569763184
Male,Right,3,22.7,0.0179374089306963,0.5682424267856891,14.888060569763184
Male,Right,3,22.7,0.0188669795512418,0.5936070059177843,14.888060569763184
Male,Right,3,22.7,0.0175022356152897,0.5556207771857213,14.888060569763184
Male,Right,3,22.7,0.017833474409853,0.7280445266154515,14.888060569763184
Male,Right,2,22.7,0.0148133094735555,0.7945514270590178,14.888060569763184
Male,Right,2,22.7,0.0171157445440516,0.8558353983845678,14.888060569763184
Male,Right,2,22.7,0.0195182958502653,0.6441926367890989,14.888060569763184
Male,Right,2,22.7,0.015082674537084,1.0833296367596064,14.888060569763184
Male,Right,2,22.7,0.006157057347534,0.5135207870583656,14.888060569763184
Male,Right,2,22.7,0.0130859600953299,0.442551865023062,14.888060569763184
Male,Right,2,21.9,-0.0289987736908101,0.9625292453913589,14.888060569763184
Male,Right,2,21.9,-0.01137036007736,0.8173454045320262,14.888060569763184
Male,Right,2,21.9,-0.0031745908892009,0.7931084343181161,14.888060569763184
Male,Right,2,21.9,-0.021615321237184,1.048137157791062,14.888060569763184
Male,Right,2,21.9,-0.00141143540033,0.7205977248912654,14.888060569763184
Male,Right,2,21.9,0.0068828082919437,0.7121505837786452,14.888060569763184
Male,Right,2,21.9,-0.0174205084548807,0.8521130134593035,14.888060569763184
Male,Right,2,21.9,-0.0179602719502071,0.7694818538892186,14.888060569763184
Male,Right,2,21.9,-0.0426979842292148,1.2018748312907872,14.888060569763184
Male,Right,2,21.9,0.0024462657069508,0.7893697015881135,14.888060569763184
Male,Right,2,21.9,-0.0029102970552974,0.8037185212602005,14.888060569763184
Male,Right,3,21.9,-0.0275781137434593,1.4617871170576786,14.888060569763184
Male,Right,3,21.9,-0.0387256128724612,1.4349371744102344,14.888060569763184
Male,Right,3,21.9,-0.0008078544591647,1.2802195467883755,14.888060569763184
Male,Right,3,21.9,-0.0052917147880493,1.1860154907030684,14.888060569763184
Male,Right,3,21.9,-0.0074838906468523,0.9971431664617992,14.888060569763184
Male,Right,3,21.9,-0.0073102236772686,1.0904827485935373,14.888060569763184
Male,Right,3,21.9,-0.0116017219081299,0.9596182143037036,14.888060569763184
Male,Right,3,21.9,-0.0077220789966586,1.054941742395895,14.888060569763184
Male,Right,3,21.9,-0.010137868838624,1.119776840793961,14.888060569763184
Male,Right,3,21.9,-0.0141948582577374,1.39485746425998,14.888060569763184
Male,Right,3,21.9,-0.0216009996780221,1.2451208693948217,14.888060569763184
Male,Right,1,21.9,-0.0263703506374294,2.0755125491131365,14.888060569763184
Male,Right,1,21.9,-0.0358232264331519,1.9899037613804917,14.888060569763184
Male,Right,1,21.9,-0.0256158362109361,1.5741650305871058,14.888060569763184
Male,Right,1,21.9,-0.0240769322578623,1.784527570640993,14.888060569763184
Male,Right,1,21.9,-0.0099279794326472,1.5705110311237922,14.888060569763184
Male,Right,1,21.9,-0.0230921391944647,1.5085442280469057,14.888060569763184
Male,Right,1,21.9,-0.0119541457145409,2.391985349160983,14.888060569763184
Male,Right,1,21.9,-0.011375640500658,2.6089104001426917,14.888060569763184
Male,Right,1,21.9,-0.0005340506183201,2.166772133456893,14.888060569763184
Male,Right,1,21.9,-0.0128565553302328,1.680957807782889,14.888060569763184
Male,Right,1,21.9,-0.0085143961525917,2.0672316588251602,14.888060569763184
Male,Right,2,21.6,-0.0088307785246258,0.8248359584558401,14.888060569763184
Male,Right,2,21.6,-0.0120851922076922,0.7151176722866753,14.888060569763184
Male,Right,2,21.6,-0.009313056588483,0.6686601532003014,14.888060569763184
Male,Right,2,21.6,-0.0047458855914666,0.8171599900794129,14.888060569763184
Male,Right,2,21.6,-0.0066479104767318,0.6426280683474129,14.888060569763184
Male,Right,2,21.6,-0.002417348010938,0.8545784924711854,14.888060569763184
Male,Right,2,21.6,-0.0049370281103524,0.9160946526199731,14.888060569763184
Male,Right,2,21.6,-0.0070298448143727,0.5884143877491315,14.888060569763184
Male,Right,2,21.6,0.0002062610651377,0.6991061872625328,14.888060569763184
Male,Right,2,21.6,-0.0052942177207111,0.7302281779850703,14.888060569763184
Male,Right,3,21.6,-0.0038282093617296,1.3807583611692025,14.888060569763184
Male,Right,3,21.6,-0.011293582098333,1.504013961416663,14.888060569763184
Male,Right,3,21.6,-0.001463765443281,1.1497333173079507,14.888060569763184
Male,Right,3,21.6,-0.0046503307946876,1.0752725575938733,14.888060569763184
Male,Right,3,21.6,-0.0004949538907891,1.3704228363357298,14.888060569763184
Male,Right,3,21.6,0.0013153168711902,1.0472795443835652,14.888060569763184
Male,Right,3,21.6,0.0001164449750083,1.6051765479262319,14.888060569763184
Male,Right,3,21.6,-0.0088148875457402,1.4910732556621706,14.888060569763184
Male,Right,3,21.6,-0.003427857714939,1.1071906766865072,14.888060569763184
Male,Right,3,21.6,-0.0033395758395054,1.511036409680074,14.888060569763184
Male,Right,1,21.6,-0.0122638058631608,1.4849357784067014,14.888060569763184
Male,Right,1,21.6,-0.0103550553340901,1.1906568564437208,14.888060569763184
Male,Right,1,21.6,-0.0069980864165936,1.4578849651244943,14.888060569763184
Male,Right,1,21.6,-0.0067187997147079,1.1734521803864917,14.888060569763184
Male,Right,1,21.6,-0.01582992096849,1.7312964088959821,14.888060569763184
Male,Right,1,21.6,-0.0061277637426773,1.2063387704183086,14.888060569763184
Male,Right,1,21.6,-0.0060863926491879,1.7309886169562447,14.888060569763184
Male,Right,1,21.6,-0.0075765883593884,1.8127044860401875,14.888060569763184
Male,Right,1,21.6,-0.0034088810692017,1.2283918607450652,14.888060569763184
Male,Right,1,21.6,-0.0123191901989048,1.7170742327298998,14.888060569763184
Male,Right,2,28.6,0.0026743943436762,0.6350863139030406,14.888060569763184
Male,Right,2,28.6,-0.0026798169893574,0.7123814280637849,14.888060569763184
Male,Right,2,28.6,0.0068191307409257,1.0365334052836395,14.888060569763184
Male,Right,2,28.6,0.0007227514151626,0.559305169683533,14.888060569763184
Male,Right,2,28.6,-0.0028459414065631,0.8894232868533374,14.888060569763184
Male,Right,2,28.6,-0.004890740824594,0.4526289195895286,14.888060569763184
Male,Right,2,28.6,0.0101016841378365,1.1621563213813988,14.888060569763184
Male,Right,2,28.6,-0.0052211283656978,0.5196102662315516,14.888060569763184
Male,Right,2,28.6,-0.0022207981145258,1.280997726132859,14.888060569763184
Male,Right,2,28.6,0.0014495083420064,0.8800770848242692,14.888060569763184
Male,Right,3,28.7,-0.0139051981068654,1.903087925458552,14.888060569763184
Male,Right,3,28.7,-0.0144370190898949,1.7866277091927827,14.888060569763184
Male,Right,3,28.7,-0.0041934753852265,1.958302099900699,14.888060569763184
Male,Right,3,28.7,-0.0126935706357069,1.7907719338268948,14.888060569763184
Male,Right,3,28.7,-0.0230504564577617,0.7986651555814633,14.888060569763184
Male,Right,3,28.7,-0.0031514369497072,2.08432962616384,14.888060569763184
Male,Right,3,28.7,-0.008422093530353,1.4800396624318688,14.888060569763184
Male,Right,3,28.7,-0.0027378645511589,1.8745977305667982,14.888060569763184
Male,Right,3,28.7,0.0123964107694541,2.5380296312000263,14.888060569763184
Male,Right,3,28.7,-0.0137820334947708,1.885349429488046,14.888060569763184
Male,Right,3,28.7,-0.0116785448493117,1.3537418327813213,14.888060569763184
Male,Right,1,28.7,0.0104881158465024,1.2996071547940367,14.888060569763184
Male,Right,1,28.7,0.0070862610443169,1.5144059118583955,14.888060569763184
Male,Right,1,28.7,0.014840092550146,1.2215946097646198,14.888060569763184
Male,Right,1,28.7,0.0120233002851163,1.4402518823772743,14.888060569763184
Male,Right,1,28.7,0.0151492176651502,1.3408506883011344,14.888060569763184
Male,Right,1,28.7,0.0133649891034235,1.630373564864297,14.888060569763184
Male,Right,1,28.7,0.0089455193617895,0.8746268972384842,14.888060569763184
Male,Right,1,28.7,0.0089354177178359,1.0535604103946838,14.888060569763184
Male,Right,1,28.7,0.013328044063716,0.8834178314249921,14.888060569763184
Male,Right,1,28.7,0.0102799060700131,0.5964403712626669,14.888060569763184
Male,Right,2,26.8,0.0180568391829256,1.1345482413712038,14.888060569763184
Male,Right,2,26.8,0.0175139485858514,0.986531793083407,14.888060569763184
Male,Right,2,26.8,0.0050263249265738,0.8259547697145808,14.888060569763184
Male,Right,2,26.8,0.0116145653566684,1.002610194534697,14.888060569763184
Male,Right,2,26.8,0.0207414666301799,0.5197410248560378,14.888060569763184
Male,Right,2,26.8,0.0099733082329602,1.054869473433665,14.888060569763184
Male,Right,2,26.8,0.020508872122722,1.151074860382422,14.888060569763184
Male,Right,2,26.8,0.025582332218134,1.3855407096612398,14.888060569763184
Male,Right,2,26.8,0.0118371786502906,0.8159126193564267,14.888060569763184
Male,Right,3,26.8,0.0220299469579582,1.323527513042223,14.888060569763184
Male,Right,3,26.8,0.0026034675849588,1.1981783930255336,14.888060569763184
Male,Right,3,26.8,0.0211522295626107,1.10017193531552,14.888060569763184
Male,Right,3,26.8,0.0117572122254169,1.2923020649924433,14.888060569763184
Male,Right,3,26.8,0.0165473967222228,0.9686106562776061,14.888060569763184
Male,Right,3,26.8,0.026354820703525,1.4093682592246388,14.888060569763184
Male,Right,3,26.8,0.0170418370889967,1.1355781435693915,14.888060569763184
Male,Right,3,26.8,0.0112289990644005,1.5220233356103066,14.888060569763184
Male,Right,3,26.8,0.0266593374201359,2.0146671049447087,14.888060569763184
Male,Right,3,26.8,0.0283936321819801,0.803590533504765,14.888060569763184
Male,Right,1,26.8,0.0181993791196795,1.5649265963246795,14.888060569763184
Male,Right,1,26.8,0.0250985603326126,1.6296287678752306,14.888060569763184
Male,Right,1,26.8,0.011938600896319,1.9324598807883238,14.888060569763184
Male,Right,1,26.8,0.0152434659295071,1.8006206319911469,14.888060569763184
Male,Right,1,26.8,0.011884555767937,2.3140391723171847,14.888060569763184
Male,Right,1,26.8,0.0132588752272097,2.2473628205958653,14.888060569763184
Male,Right,1,26.8,0.0235255188972494,2.2807024325737184,14.888060569763184
Male,Right,2,26.7,0.0106587037839391,1.4171327021927707,14.888060569763184
Male,Right,2,26.7,0.0137281831882465,0.879051675904995,14.888060569763184
Male,Right,2,26.7,0.0140453469286409,1.308062771848399,14.888060569763184
Male,Right,2,26.7,0.017653734159693,1.299391016478913,14.888060569763184
Male,Right,2,26.7,0.0083491293637568,1.2335125211723053,14.888060569763184
Male,Right,2,26.7,0.0117193659537297,0.9152918816554844,14.888060569763184
Male,Right,2,26.7,0.0063604948299474,0.7619675071760523,14.888060569763184
Male,Right,2,26.7,0.000286219765018,1.5467157598444274,14.888060569763184
Male,Right,2,26.7,0.0086166086470818,1.0389970216519417,14.888060569763184
Male,Right,3,26.7,0.0100869746433174,1.316614716989376,14.888060569763184
Male,Right,3,26.7,0.0114783740516153,1.2582636147814399,14.888060569763184
Male,Right,3,26.7,0.0118011775432142,0.7346218259290509,14.888060569763184
Male,Right,3,26.7,0.0093528726022377,0.8904195203522732,14.888060569763184
Male,Right,3,26.7,0.0086111784457737,1.7675550152184623,14.888060569763184
Male,Right,3,26.7,0.0071447778701305,0.5629076100236038,14.888060569763184
Male,Right,3,26.7,0.0125118819264558,1.0089273252469013,14.888060569763184
Male,Right,3,26.7,0.0124765399269118,0.9969590633686711,14.888060569763184
Male,Right,3,26.7,0.016828321438006,1.4093540950915702,14.888060569763184
Male,Right,3,26.7,0.0123415773711494,0.792318161507748,14.888060569763184
Male,Right,1,26.7,0.0126057456742849,2.485815777789933,14.888060569763184
Male,Right,1,26.7,0.0111895541653382,2.2833778222504324,14.888060569763184
Male,Right,1,26.7,0.0094091253567671,2.958129903812846,14.888060569763184
Male,Right,1,26.7,0.00830739845806,2.5790334033324043,14.888060569763184
Male,Right,1,26.7,0.0105776614906196,2.6639133521439624,14.888060569763184
Male,Right,1,26.7,0.0113077922384916,2.5835588974156702,14.888060569763184
Male,Right,1,26.7,0.0073193271611283,2.0062640285542157,14.888060569763184
Male,Right,1,26.7,0.0111360717517932,2.466512272226532,14.888060569763184
Male,Right,2,29.0,0.006219742911226,0.8849900826343892,14.888060569763184
Male,Right,2,29.0,0.0072605412660868,0.5085342650616632,14.888060569763184
Male,Right,2,29.0,-0.0025953501959209,0.6990722529702533,14.888060569763184
Male,Right,2,29.0,0.0086656680058041,0.4838022409603457,14.888060569763184
Male,Right,2,29.0,-0.0013040505518542,0.6881428763056412,14.888060569763184
Male,Right,2,29.0,0.0044359935992681,0.5501547596859914,14.888060569763184
Male,Right,2,29.0,0.0058278424768416,0.7072617579955425,14.888060569763184
Male,Right,2,29.0,0.0107224589093859,0.6629062065190814,14.888060569763184
Male,Right,2,29.0,-0.0036487090581692,0.5718924229963125,14.888060569763184
Male,Right,2,29.0,0.0034357810963358,0.6021120642878963,14.888060569763184
Male,Right,3,29.0,0.0147108781820874,1.271142836620775,14.888060569763184
Male,Right,3,29.0,0.0132905876470969,1.5602565177261234,14.888060569763184
Male,Right,3,29.0,0.0072481762646068,1.6193435703082422,14.888060569763184
Male,Right,3,29.0,0.0061598244406215,0.952284391509203,14.888060569763184
Male,Right,3,29.0,0.0124518398652353,1.196963333909304,14.888060569763184
Male,Right,3,29.0,0.0135758365011155,1.0852155601391351,14.888060569763184
Male,Right,3,29.0,0.0163502273867027,1.738842747517988,14.888060569763184
Male,Right,3,29.0,0.0020723553262096,2.1176843682793223,14.888060569763184
Male,Right,3,29.0,0.0198005009285772,1.3688862192100653,14.888060569763184
Male,Right,3,29.0,0.0101332643040958,1.1753433146642065,14.888060569763184
Male,Right,3,29.0,0.013436836840882,0.7909632718942347,14.888060569763184
Male,Right,1,29.0,0.0144187665798853,1.1112982231564297,14.888060569763184
Male,Right,1,29.0,0.0092772482197756,1.564636174023349,14.888060569763184
Male,Right,1,29.0,0.0147573356770433,1.1250361310079082,14.888060569763184
Male,Right,1,29.0,0.0060482753128092,1.5509649551918216,14.888060569763184
Male,Right,1,29.0,0.0101261492880682,1.773470779346748,14.888060569763184
Male,Right,1,29.0,0.0178102330890008,1.6908338520766724,14.888060569763184
Male,Right,1,29.0,0.0152479213140026,1.5232606888782183,14.888060569763184
Male,Right,1,29.0,-0.0042914515908985,1.3894352118017217,14.888060569763184
Male,Right,1,29.0,0.0116831259216406,1.4514658059835814,14.888060569763184
Male,Right,1,29.0,0.0132570449354562,1.3421995400877802,14.888060569763184
Male,Right,2,28.7,1.2541712141305e-07,0.6530881691014647,14.888060569763184
Male,Right,2,28.7,0.0007305837785221,0.48847277654001453,14.888060569763184
Male,Right,2,28.7,0.0027350204407258,0.47757344598888085,14.888060569763184
Male,Right,2,28.7,0.0025119309008693,0.5138688765486634,14.888060569763184
Male,Right,2,28.7,0.0008493160247662,0.5158083605716326,14.888060569763184
Male,Right,2,28.7,0.003092310078097,0.5122942552810079,14.888060569763184
Male,Right,2,28.7,0.0037754003076801,0.43137375625635543,14.888060569763184
Male,Right,2,28.7,0.0023615542838254,0.5772314862644166,14.888060569763184
Male,Right,2,28.7,0.0025369931269225,0.530124817648728,14.888060569763184
Male,Right,2,28.7,-0.0006424717927545,0.5316897048462423,14.888060569763184
Male,Right,3,28.7,0.0016259773884368,1.073177796025792,14.888060569763184
Male,Right,3,28.7,0.0009455379257379,1.062747029799679,14.888060569763184
Male,Right,3,28.7,0.001546508010291,1.0284691407128173,14.888060569763184
Male,Right,3,28.7,-0.0023473228888843,0.9987684530494277,14.888060569763184
Male,Right,3,28.7,0.0009898518858699,1.1941334078767447,14.888060569763184
Male,Right,3,28.7,0.0029223293270832,1.171146938266954,14.888060569763184
Male,Right,3,28.7,0.0009057080012487,1.1897404793920436,14.888060569763184
Male,Right,3,28.7,-0.0024034759031789,1.2195535885364255,14.888060569763184
Male,Right,3,28.7,0.0043323032628516,0.9073515673840684,14.888060569763184
Male,Right,1,28.7,0.0021027422547595,1.2939658965560903,14.888060569763184
Male,Right,1,28.7,0.0045419143502706,1.6656397451257803,14.888060569763184
Male,Right,1,28.7,0.0042880253939102,1.1992585436530798,14.888060569763184
Male,Right,1,28.7,0.0030920858225014,1.5606847971813065,14.888060569763184
Male,Right,1,28.7,0.0033174000996899,1.3918281455476216,14.888060569763184
Male,Right,1,28.7,0.0017587158825307,1.3290052421934764,14.888060569763184
Male,Right,1,28.7,0.0040920736775362,1.1995748351597817,14.888060569763184
Male,Right,1,28.7,0.0048858508530816,1.4147513336647461,14.888060569763184
Male,Right,1,28.7,0.0028807700552237,1.3307980002476192,14.888060569763184
Male,Right,1,28.7,0.0055310481336555,1.658079349700896,14.888060569763184
Male,Right,2,25.2,-0.0115010667501502,1.483004287836293,14.888060569763184
Male,Right,2,25.2,0.0068194580614666,0.8673247213326618,14.888060569763184
Male,Right,2,25.2,0.0124400207580882,0.8283917968222446,14.888060569763184
Male,Right,2,25.2,-0.0025638642158995,1.0785694632551814,14.888060569763184
Male,Right,2,25.2,-0.0096598994737782,0.9318887986253481,14.888060569763184
Male,Right,2,25.2,0.0071026870422409,0.573744397602136,14.888060569763184
Male,Right,2,25.2,-0.01175801224387,1.1290139941384962,14.888060569763184
Male,Right,2,25.2,-0.013154339081124,0.8561024366954797,14.888060569763184
Male,Right,2,25.2,-0.0162366421777776,0.7282190932218194,14.888060569763184
Male,Right,2,25.2,0.0021908299826307,0.8532983565039722,14.888060569763184
Male,Right,2,25.2,-0.0082604167708219,0.6601501938830296,14.888060569763184
Male,Right,2,25.2,0.0097741224656225,0.7134031200394995,14.888060569763184
Male,Right,1,25.2,0.0152527493252832,1.4240465587572406,14.888060569763184
Male,Right,1,25.2,0.0010221039124104,1.5924068411435162,14.888060569763184
Male,Right,1,25.2,0.0019624157132974,1.826210444116932,14.888060569763184
Male,Right,1,25.2,0.0037737131121288,1.6392381273461845,14.888060569763184
Male,Right,1,25.2,-0.0064355053391882,2.4765976111204533,14.888060569763184
Male,Right,1,25.2,0.0012473225549328,2.5465016712191115,14.888060569763184
Male,Right,1,25.2,-0.0023727754004015,2.508122744664113,14.888060569763184
Male,Right,1,25.2,-0.0030463006014581,2.2531027738756046,14.888060569763184
Male,Right,1,25.2,0.0029593979403262,2.3259502118359423,14.888060569763184
Male,Right,1,25.2,-0.0006287862568712,2.7548850324052183,14.888060569763184
Male,Right,1,25.2,0.0017335768719995,2.056978296442197,14.888060569763184
Male,Right,3,25.2,-0.0118428524557817,1.9072945216713677,14.888060569763184
Male,Right,3,25.2,-0.0013292646164712,1.6961550904472935,14.888060569763184
Male,Right,3,25.2,-0.0175227867029667,1.150738369308023,14.888060569763184
Male,Right,3,25.2,-0.0004844312736543,1.2740183235568694,14.888060569763184
Male,Right,3,25.2,-0.0083660185984448,1.8796563916939137,14.888060569763184
Male,Right,3,25.2,-0.000830715212035,2.14352535693863,14.888060569763184
Male,Right,3,25.2,-0.0216566441626241,1.5562943650983418,14.888060569763184
Male,Right,3,25.2,-0.0187988045097335,0.9352228844623679,14.888060569763184
Male,Right,3,25.2,-0.0122869006418393,1.2222860752617901,14.888060569763184
Male,Right,3,25.2,-0.0080216930676168,1.1494077014620283,14.888060569763184
Male,Right,2,27.8,0.0138836582656597,2.38867707602,14.888060569763184
Male,Right,2,27.8,0.0207230652172865,0.9853491905825914,14.888060569763184
Male,Right,2,27.8,0.0324593341465284,1.3000243935388536,14.888060569763184
Male,Right,2,27.8,0.0224912604415024,0.7303850292193284,14.888060569763184
Male,Right,2,27.8,0.0283504038343892,1.0786832082063678,14.888060569763184
Male,Right,2,27.8,0.0227362281554732,1.1256231537171428,14.888060569763184
Male,Right,2,27.8,0.0321573832930206,1.3576695919916728,14.888060569763184
Male,Right,2,27.8,0.0273885885522754,1.1383260736113106,14.888060569763184
Male,Right,2,27.8,0.0288067773413416,1.1930737648097747,14.888060569763184
Male,Right,2,27.8,0.0161064574989536,1.5900638537057818,14.888060569763184
Male,Right,3,27.8,0.0290651316564138,2.401572948640846,14.888060569763184
Male,Right,3,27.8,0.0251065445810256,2.189083923378314,14.888060569763184
Male,Right,3,27.8,0.0281627799018282,2.114199617212596,14.888060569763184
Male,Right,3,27.8,0.0233283292492196,2.608721556170728,14.888060569763184
Male,Right,3,27.8,0.020438571173967,3.0434886868289683,14.888060569763184
Male,Right,3,27.8,0.0185720207395179,2.7733992939228647,14.888060569763184
Male,Right,3,27.8,0.0245002364218486,2.7211268263168584,14.888060569763184
Male,Right,3,27.8,0.0230567453456646,2.538501490118544,14.888060569763184
Male,Right,3,27.8,0.0193583307836172,3.28194658056061,14.888060569763184
Male,Right,3,27.8,0.0234026073324796,2.619544147212914,14.888060569763184
Male,Right,1,27.8,0.015248299059194,0.7701413971719594,14.888060569763184
Male,Right,1,27.8,0.0079651575113084,0.6736573216870904,14.888060569763184
Male,Right,1,27.8,0.0061250399175642,0.9927462246337316,14.888060569763184
Male,Right,1,27.8,0.0048184744727344,0.6500963414329332,14.888060569763184
Male,Right,1,27.8,0.0169241199966684,0.6871417442762268,14.888060569763184
Male,Right,1,27.8,0.0032607839488624,0.4677867054889309,14.888060569763184
Male,Right,2,27.5,0.0061932747480408,0.8827643297790704,14.888060569763184
Male,Right,2,27.5,0.0083769211220958,0.9648016388745034,14.888060569763184
Male,Right,2,27.5,0.0060302838448576,1.1424171819159006,14.888060569763184
Male,Right,2,27.5,0.0054776192440709,1.0859060140102805,14.888060569763184
Male,Right,2,27.5,0.0061478210719262,1.1910943566205796,14.888060569763184
Male,Right,2,27.5,0.002569912871255,1.1010023524846049,14.888060569763184
Male,Right,2,27.5,0.0073979276378915,1.15522685097643,14.888060569763184
Male,Right,2,27.5,0.006496058236656,1.1863834453012518,14.888060569763184
Male,Right,2,27.5,0.0050060793216399,1.355302444644286,14.888060569763184
Male,Right,2,27.5,0.005342650179307,0.8983105900995532,14.888060569763184
Male,Right,3,27.5,0.0013471966585976,1.292460554368621,14.888060569763184
Male,Right,3,27.5,0.0070206983326994,1.671718075494707,14.888060569763184
Male,Right,3,27.5,0.0033663112202004,2.1587971994798587,14.888060569763184
Male,Right,3,27.5,0.0060058022485904,2.318617546127052,14.888060569763184
Male,Right,3,27.5,0.0071873277561181,1.7928019541280698,14.888060569763184
Male,Right,3,27.5,0.0038697061932836,1.9110975024800796,14.888060569763184
Male,Right,3,27.5,0.0047151335345493,1.2988967449222817,14.888060569763184
Male,Right,3,27.5,0.0034622519241087,2.269781320821262,14.888060569763184
Male,Right,3,27.5,0.0061512170948378,2.246769882476586,14.888060569763184
Male,Right,3,27.5,0.0025686671583979,2.918749618923527,14.888060569763184
Male,Right,3,27.5,0.0044085733840505,2.5483044286507854,14.888060569763184
Male,Right,1,27.5,0.006569164041512,1.2861425051296913,14.888060569763184
Male,Right,1,27.5,0.0026183136288773,0.7945456758812747,14.888060569763184
Male,Right,1,27.5,0.0026952511208971,0.831636630503812,14.888060569763184
Male,Right,1,27.5,0.0014614645217762,1.119147763266569,14.888060569763184
Male,Right,1,27.5,0.0014066604553204,0.9072572402621786,14.888060569763184
Male,Right,1,27.5,0.0064204930105271,1.263431737991446,14.888060569763184
Male,Right,1,27.5,0.0033734531609111,0.7076497379393097,14.888060569763184
Male,Right,1,27.5,0.0030496756816962,1.0401291006786437,14.888060569763184
Male,Right,2,23.5,0.0249969789388022,0.6113014233575494,14.888060569763184
Male,Right,2,23.5,0.0121823313166204,0.5558045435891296,14.888060569763184
Male,Right,2,23.5,0.0231388407627339,0.5694606390798053,14.888060569763184
Male,Right,2,23.5,0.0142149158299938,0.7297856858469216,14.888060569763184
Male,Right,2,23.5,0.0205361860544947,0.7164215422988786,14.888060569763184
Male,Right,2,23.5,0.0185951276385562,0.5889426364950339,14.888060569763184
Male,Right,2,23.5,0.0191965051312283,0.6853318709236094,14.888060569763184
Male,Right,2,23.5,0.0228831941080486,0.8203873153696986,14.888060569763184
Male,Right,3,23.5,0.0030220307954874,1.2641813671631101,14.888060569763184
Male,Right,3,23.5,0.0171597972743015,0.7895614628889973,14.888060569763184
Male,Right,3,23.5,0.0080991881023493,1.0550360804095253,14.888060569763184
Male,Right,3,23.5,0.011161384486263,1.3158637329944411,14.888060569763184
Male,Right,3,23.5,0.0062953922856355,0.9390710509019693,14.888060569763184
Male,Right,3,23.5,0.0245123238458088,0.9580698621049406,14.888060569763184
Male,Right,3,23.5,0.0043414871698654,0.8274179156508178,14.888060569763184
Male,Right,3,23.5,0.0060298388308796,0.8845434532476188,14.888060569763184
Male,Right,3,23.5,0.0130759381837085,0.5842022291511909,14.888060569763184
Male,Right,1,23.5,0.0176737695185614,0.765242188145891,14.888060569763184
Male,Right,1,23.5,0.0142799548517103,0.9361119852117482,14.888060569763184
Male,Right,1,23.5,0.0175947154827183,0.8834677716844932,14.888060569763184
Male,Right,1,23.5,0.0162937807074678,0.9637133231155355,14.888060569763184
Male,Right,1,23.5,0.0201814152487476,1.2576004058049575,14.888060569763184
Male,Right,2,23.3,0.0009093578459075,0.5421225239995497,14.888060569763184
Male,Right,2,23.3,0.0015156181277962,0.6000402386352197,14.888060569763184
Male,Right,2,23.3,0.0006851117779809,0.5930005774705862,14.888060569763184
Male,Right,2,23.3,0.0027492609579556,0.45722258387085835,14.888060569763184
Male,Right,2,23.3,-0.0014210711598338,0.9005396953806019,14.888060569763184
Male,Right,2,23.3,-0.0005837458432672,0.5605506660494339,14.888060569763184
Male,Right,2,23.3,-0.0011586663083133,1.0158283624923181,14.888060569763184
Male,Right,2,23.3,0.0013549895401283,0.5331507295715998,14.888060569763184
Male,Right,2,23.3,-0.0026396138594127,0.5389417738075827,14.888060569763184
Male,Right,3,23.3,-0.0023065288295831,1.0683698701909166,14.888060569763184
Male,Right,3,23.3,-0.0015354002696008,0.6762985319731503,14.888060569763184
Male,Right,3,23.3,-0.0043220035464024,0.924677862769637,14.888060569763184
Male,Right,3,23.3,-0.0001866554728675,0.5401210841407391,14.888060569763184
Male,Right,3,23.3,-0.0009655039790003,0.7970402215559239,14.888060569763184
Male,Right,3,23.3,-0.0039636629728025,0.6343294733312836,14.888060569763184
Male,Right,3,23.3,0.0028629520973966,0.6176293181610008,14.888060569763184
Male,Right,3,23.3,0.0019519557117251,0.4785217198428839,14.888060569763184
Male,Right,3,23.3,0.0001346904725901,0.5727848529390109,14.888060569763184
Male,Right,1,23.3,0.0048364657943662,1.2519120648035773,14.888060569763184
Male,Right,1,23.3,0.0016144394850273,1.1990112308915366,14.888060569763184
Male,Right,1,23.3,0.0083971597464626,1.4815148231999817,14.888060569763184
Male,Right,1,23.3,-0.0012134453705142,1.525032083999601,14.888060569763184
Male,Right,1,23.3,0.0026039550056925,1.1659248613468858,14.888060569763184
Male,Right,1,23.3,0.0068349559918703,1.5414864319538721,14.888060569763184
Male,Right,1,23.3,0.0006715191215496,1.0066570165569122,14.888060569763184
Male,Right,1,23.3,0.0073983396450734,1.3019890939654335,14.888060569763184
Male,Right,1,23.3,6.1339845796865e-05,1.6436080157099597,14.888060569763184
