Male,Right,2,22.1,-0.008187848110579,1.0877394600866146,6.121575117111206
Male,Right,2,22.1,-0.0030656762067071,1.344874490993612,6.121575117111206
Male,Right,2,22.1,-0.0084691516386712,1.2631724098648942,6.121575117111206
Male,Right,2,22.1,-0.0047968733659427,1.1476984528534397,6.121575117111206
Male,Right,2,22.1,-0.0058013127139793,1.1262878192321262,6.121575117111206
Male,Right,2,22.1,-0.0077922689660133,1.178641137172365,6.121575117111206
Male,Right,2,22.1,-0.0107497852178771,1.0715135641114457,6.121575117111206
Male,Right,2,22.1,-0.0004090770954716,1.0441205913087175,6.121575117111206
Male,Right,1,22.1,-0.0067785134579905,1.1954351536444148,6.121575117111206
Male,Right,1,22.1,-0.0081203342876176,1.0892424346148069,6.121575117111206
Male,Right,1,22.1,-0.011858141628651,1.0031233589620914,6.121575117111206
Male,Right,1,22.1,-0.0110244153385989,1.0180404204512836,6.121575117111206
Male,Right,1,22.1,-0.0038163602619037,1.1514664175475358,6.121575117111206
Male,Right,1,22.1,-0.0106489674919676,0.9791614986829499,6.121575117111206
Male,Right,1,22.1,-0.0065527838554569,1.092469144162113,6.121575117111206
Male,Right,1,22.1,-0.0092846856166738,1.105358359598875,6.121575117111206
Male,Right,3,22.1,-0.010420207356436,1.2983186893720062,6.121575117111206
Male,Right,3,22.1,-0.0040463514872128,1.408205557443366,6.121575117111206
Male,Right,3,22.1,0.0017670825481925,1.4308212078548677,6.121575117111206
Male,Right,3,22.1,-0.0092870479659918,1.5087376470232001,6.121575117111206
Male,Right,3,22.1,0.001806191434054,1.3560456245994972,6.121575117111206
Male,Right,3,22.1,-0.003716136976825,1.0816491791545126,6.121575117111206
Male,Right,2,25.7,0.0017432822430849,2.2482241482964493,6.121575117111206
Male,Right,2,25.7,-0.0031743658270114,2.2805353955769228,6.121575117111206
Male,Right,2,25.7,-0.0024467426552428,2.2627404622865783,6.121575117111206
Male,Right,2,25.7,-0.0027218233201167,2.191687806961038,6.121575117111206
Male,Right,2,25.7,-0.0005083057359249,2.3841424547890777,6.121575117111206
Male,Right,2,25.7,0.0006201620181113,2.2823866161631234,6.121575117111206
Male,Right,2,25.7,-0.0028392090216345,2.2908509973604687,6.121575117111206
Male,Right,2,25.7,-0.0025151804267578,2.2917989569986217,6.121575117111206
Male,Right,2,25.7,0.0001495305843249,2.460517626743658,6.121575117111206
Male,Right,2,25.7,-0.0006645682780833,2.28096435569439,6.121575117111206
Male,Right,2,25.7,-0.0018202300106306,2.331754511247997,6.121575117111206
Male,Right,2,25.7,-0.0020477555573564,2.240729599977881,6.121575117111206
Male,Right,3,25.7,0.0060714134142784,2.2769307022226126,6.121575117111206
Male,Right,3,25.7,-0.0026751473815891,2.5637367054610873,6.121575117111206
Male,Right,3,25.7,-0.0031228766928712,2.319496573243005,6.121575117111206
Male,Right,3,25.7,-0.0007711010714075,2.2486959767461703,6.121575117111206
Male,Right,3,25.7,0.00196678425946,2.53767813259207,6.121575117111206
Male,Right,3,25.7,-0.0002348369826027,2.449697238308658,6.121575117111206
Male,Right,3,25.7,0.0009997769851981,2.4441778347694267,6.121575117111206
Male,Right,3,25.7,-0.0011818557650028,2.4781467102738315,6.121575117111206
Male,Right,3,25.7,-0.0044482366005887,2.324899505687736,6.121575117111206
Male,Right,3,25.7,-0.0005546569365859,2.2797538792618712,6.121575117111206
Male,Right,3,25.7,-0.0014354042892574,2.3388362741148128,6.121575117111206
Male,Right,3,25.7,0.0005485170841489,2.2711777289025545,6.121575117111206
Male,Right,1,25.7,0.0008890694471618,2.2298581296682105,6.121575117111206
Male,Right,1,25.7,0.0008641599268983,2.3564988244177676,6.121575117111206
Male,Right,1,25.7,0.0020729302997544,2.409053181701827,6.121575117111206
Male,Right,1,25.7,0.0018623325118683,2.3221707583197184,6.121575117111206
Male,Right,1,25.7,0.0029771376102339,2.3249975038420656,6.121575117111206
Male,Right,1,24.5,0.0032177695950806,1.958897502152711,6.121575117111206
Male,Right,1,24.5,0.0026256778871992,1.988414884798265,6.121575117111206
Male,Right,1,24.5,6.36650297830321e-05,1.9686269517004515,6.121575117111206
Male,Right,1,24.5,0.0009826801493365,1.948175345666585,6.121575117111206
Male,Right,1,24.5,0.0003884071075109,1.9463260480309779,6.121575117111206
Male,Right,1,24.5,-0.0005239619900232,1.956550873466047,6.121575117111206
Male,Right,1,24.5,4.43396293240083e-05,1.9147498642841136,6.121575117111206
Male,Right,1,24.5,-0.0017131234026506,1.9190549617643013,6.121575117111206
Male,Right,1,24.5,-0.002055340079875,1.980392791993051,6.121575117111206
Male,Right,3,24.4,0.0021796205008174,3.0803631053576277,6.121575117111206
Male,Right,3,24.4,-0.0038582138835456,2.5497397638047996,6.121575117111206
Male,Right,3,24.4,-0.0010337153012196,1.9665250423154135,6.121575117111206
Male,Right,3,24.4,-0.000140312207358,2.284767993992957,6.121575117111206
Male,Right,3,24.4,-0.0003327611498169,1.8747292047265547,6.121575117111206
Male,Right,3,24.4,-0.0048280480290004,2.2514237453837893,6.121575117111206
Male,Right,3,24.4,0.0009450984791849,2.056458788818014,6.121575117111206
Male,Right,3,24.4,-0.0134068352317749,1.9634776413541077,6.121575117111206
Male,Right,3,24.4,-0.0110538108230343,2.073771475663087,6.121575117111206
Male,Right,3,24.4,-0.0116972198918067,1.962997500668649,6.121575117111206
Male,Right,3,24.4,-0.0174479979600002,2.0244932136933333,6.121575117111206
Male,Right,3,24.4,-0.0144660547382485,2.0732383672341803,6.121575117111206
Male,Right,2,24.6,-0.0018400420394954,1.8725494608751447,6.121575117111206
Male,Right,2,24.6,-0.0058352306299951,2.151764790057883,6.121575117111206
Male,Right,2,24.6,-0.0021078200127093,1.9417849768525912,6.121575117111206
Male,Right,2,24.6,-0.0007713136629379,2.218593497765531,6.121575117111206
Male,Right,2,24.6,0.00243841092538,1.9528171585935084,6.121575117111206
Male,Right,2,24.6,-0.002626241504048,2.214037685526713,6.121575117111206
Male,Right,2,24.6,0.0009669738001672,1.7411721005520207,6.121575117111206
Male,Right,2,24.6,0.0029166421162702,1.8887002782391076,6.121575117111206
Male,Right,2,24.6,-0.0015036571314393,1.8786761258019156,6.121575117111206
Male,Right,2,24.6,-0.0070499622535318,2.3597899643948668,6.121575117111206
Male,Right,2,24.6,-0.0028062585669932,2.143300332862164,6.121575117111206
Male,Right,2,22.4,0.0047529369720113,1.5738674931527994,6.121575117111206
Male,Right,2,22.4,0.0011568192472519,1.7374109292495448,6.121575117111206
Male,Right,2,22.4,0.0027685685187608,1.6305465465221196,6.121575117111206
Male,Right,2,22.4,0.0025185521088292,1.6572838123679041,6.121575117111206
Male,Right,2,22.4,0.0021332387336005,1.528161924455986,6.121575117111206
Male,Right,2,22.4,0.0048552289077398,1.5514502266373214,6.121575117111206
Male,Right,2,22.4,0.0014081040755869,1.566365816041499,6.121575117111206
Male,Right,2,22.4,0.002463229611805,1.5725878666134958,6.121575117111206
Male,Right,2,22.4,0.0032686578840891,1.5211763551268946,6.121575117111206
Male,Right,2,22.4,0.0019797617236529,1.5122516262902204,6.121575117111206
Male,Right,2,22.4,-9.42498799062707e-05,1.5353205235798237,6.121575117111206
Male,Right,1,22.4,0.0016439039161727,1.524286814111223,6.121575117111206
Male,Right,1,22.4,0.0044067119144642,1.5337415543751503,6.121575117111206
Male,Right,1,22.4,0.0065388740422767,1.5283469389645925,6.121575117111206
Male,Right,1,22.4,0.0009871044332256,1.6767726295539571,6.121575117111206
Male,Right,1,22.4,0.0064308943691026,1.5316457436017,6.121575117111206
Male,Right,1,22.4,0.0049274888421746,1.5493588779178555,6.121575117111206
Male,Right,1,22.4,0.0017270217941884,1.5303941388195368,6.121575117111206
Male,Right,1,22.4,0.0050536196025038,1.537506261718207,6.121575117111206
Male,Right,1,22.4,0.0026600439555036,1.5918078114614769,6.121575117111206
Male,Right,1,22.4,0.0014333221751132,1.5606095291145454,6.121575117111206
Male,Right,3,22.4,0.0016216713791161,1.8904701937811008,6.121575117111206
Male,Right,3,22.4,-0.0019085418580378,1.6590101271672533,6.121575117111206
Male,Right,3,22.4,-0.001890700562027,1.754477850985911,6.121575117111206
Male,Right,3,22.4,-0.0005404202829164,1.6703618251408754,6.121575117111206
Male,Right,3,22.4,0.0001526058648438,1.8028119536216862,6.121575117111206
Male,Right,3,22.4,0.0036033916889457,1.643610369720082,6.121575117111206
Male,Right,3,22.4,-0.0051293682999357,1.6827219774320687,6.121575117111206
Male,Right,3,22.4,-0.0020325714700655,1.6754079404070004,6.121575117111206
Male,Right,3,22.4,-0.0019955945223603,1.6670793668294412,6.121575117111206
Male,Right,3,22.4,-0.0009499616684349,1.7046888793123687,6.121575117111206
Male,Right,3,22.4,-0.0027429968319903,1.8087828157837817,6.121575117111206
Male,Right,1,25.7,0.00323680623215,1.7381651286629725,6.121575117111206
Male,Right,1,25.7,0.0002563318921659,1.8860966715614138,6.121575117111206
Male,Right,1,25.7,0.0014592844157092,1.6399253821963322,6.121575117111206
Male,Right,1,25.7,-0.000648832637191,1.4839226336204472,6.121575117111206
Male,Right,1,25.7,0.003736138980783,1.7668315252854692,6.121575117111206
Male,Right,1,25.7,0.0021415773368494,1.5933635329188391,6.121575117111206
Male,Right,1,25.7,0.0001489550329339,1.9860726012239096,6.121575117111206
Male,Right,1,25.7,-0.0001870735797126,1.472375999688757,6.121575117111206
Male,Right,1,25.7,0.0008859821193591,1.639481731050944,6.121575117111206
Male,Right,1,25.7,0.0025703710000107,1.5256237671337223,6.121575117111206
Male,Right,1,25.7,0.0024970717751468,1.3819046088874136,6.121575117111206
Male,Right,1,25.7,-2.69937602460453e-05,1.517170334069265,6.121575117111206
Male,Right,1,25.7,0.0027637257626481,1.424154904999282,6.121575117111206
Male,Right,3,25.8,0.003209033833053,1.4218653247796116,6.121575117111206
Male,Right,3,25.8,-0.0024875925368036,1.4462663652531234,6.121575117111206
Male,Right,3,25.8,0.0044784654843944,1.4165775535858716,6.121575117111206
Male,Right,3,25.8,0.0014406778621197,1.6361689982271537,6.121575117111206
Male,Right,3,25.8,0.004752134208828,1.529943196153493,6.121575117111206
Male,Right,3,25.8,-0.0023278824517185,1.5680058481594152,6.121575117111206
Male,Right,3,25.8,-2.54871266467659e-05,1.502747727427938,6.121575117111206
Male,Right,3,25.8,-0.0005536482722786,1.6544569932008035,6.121575117111206
Male,Right,2,25.8,0.0026110223817673,1.6441024445488404,6.121575117111206
Male,Right,2,25.8,-0.0008468473990113,2.0428847493200686,6.121575117111206
Male,Right,2,25.8,0.0051701415807284,1.6965225325519804,6.121575117111206
Male,Right,2,25.8,0.0020017144858336,1.5696695586861666,6.121575117111206
Male,Right,2,25.8,0.0034612306186551,1.8541677957752387,6.121575117111206
Male,Right,2,25.8,0.0039482721226172,2.194574204315786,6.121575117111206
Male,Right,2,25.8,-0.0010207300153785,1.4130235900669814,6.121575117111206
Male,Right,2,25.8,-0.0011590303111552,1.5380174020568333,6.121575117111206
Male,Right,2,25.8,-0.0010013155023392,1.4043233971571705,6.121575117111206
Male,Right,2,25.8,-0.0010475514644438,1.962131909395249,6.121575117111206
Male,Right,2,25.8,0.0020564062484024,1.3516916954627194,6.121575117111206
Male,Right,2,20.5,-0.0022693137881102,1.2555928040235989,6.121575117111206
Male,Right,2,20.5,-0.0057940269319936,1.1299904915372165,6.121575117111206
Male,Right,2,20.5,-0.0052218038735324,0.928590891748837,6.121575117111206
Male,Right,2,20.5,-0.0029465573793767,1.0710488209913778,6.121575117111206
Male,Right,2,20.5,-0.004216205888382,1.508474218783779,6.121575117111206
Male,Right,2,20.5,-0.0037449495204846,0.9857413731565905,6.121575117111206
Male,Right,2,20.5,-0.00325888158121,1.3201096587321157,6.121575117111206
Male,Right,2,20.5,4.93408464183936e-06,0.9769144673171173,6.121575117111206
Male,Right,2,20.5,-0.0096173707874754,1.0612342349632848,6.121575117111206
Male,Right,2,20.5,-0.0066100194123167,1.2333620294244207,6.121575117111206
Male,Right,3,20.6,0.0032915864151787,1.409874425938907,6.121575117111206
Male,Right,3,20.6,-0.0028519020513823,1.6483544586152643,6.121575117111206
Male,Right,3,20.6,0.0018021697562373,1.2087895069582524,6.121575117111206
Male,Right,3,20.6,-0.0017499337968781,1.4259289544082392,6.121575117111206
Male,Right,3,20.6,-0.0067554127354286,1.1845044196544487,6.121575117111206
Male,Right,3,20.6,-0.0085368224308022,1.0336454207388086,6.121575117111206
Male,Right,3,20.6,-0.0054517440176051,1.033527959000477,6.121575117111206
Male,Right,3,20.6,-0.0080907461064827,1.0940221455379622,6.121575117111206
Male,Right,3,20.6,-0.0086951386394095,1.1806545812394558,6.121575117111206
Male,Right,3,20.6,-0.0099531463566626,1.329629018900946,6.121575117111206
Male,Right,3,20.6,-0.0081778669530773,0.9074619261980855,6.121575117111206
Male,Right,1,20.6,-0.0086309742922359,1.1851274963827345,6.121575117111206
Male,Right,1,20.6,-0.0141382542593786,1.0215272298906617,6.121575117111206
Male,Right,1,20.6,-0.0091391195164017,1.1898970414006573,6.121575117111206
Male,Right,1,20.6,-0.011945277264655,0.9628008838826791,6.121575117111206
Male,Right,1,20.6,-0.0057166686806546,1.1181518080027868,6.121575117111206
Male,Right,1,20.6,-0.0048881800281386,1.0173732440466188,6.121575117111206
Male,Right,1,20.6,-0.0006394702158707,0.9182946347405604,6.121575117111206
Male,Right,1,20.6,-0.0024998656442545,1.026446771705884,6.121575117111206
Male,Right,1,20.6,-0.0133143490334706,1.0297378345535075,6.121575117111206
Male,Right,1,20.6,-0.0069722356753106,1.024965378729613,6.121575117111206
Male,Right,1,20.6,-0.0011496803871178,0.9164094165729871,6.121575117111206
Male,Right,1,20.6,0.0004903222533208,1.4177172190848146,6.121575117111206
Male,Right,1,20.6,-0.0046329773819472,1.4813224632672575,6.121575117111206
Male,Right,1,20.6,-0.014896145184345,1.2493286657682556,6.121575117111206
Male,Right,2,30.6,0.0043870743323748,2.0233455180013413,6.121575117111206
Male,Right,2,30.6,-0.000226423342878,2.0638433544558135,6.121575117111206
Male,Right,2,30.6,0.0025556565082894,2.154334911487966,6.121575117111206
Male,Right,2,30.6,0.001134202089042,2.0463293502062734,6.121575117111206
Male,Right,2,30.6,0.0004375119885372,1.9446537597296893,6.121575117111206
Male,Right,2,30.6,0.000853780002604,1.945016882884664,6.121575117111206
Male,Right,2,30.6,0.0015579113070338,1.9314348637390524,6.121575117111206
Male,Right,2,30.6,0.0035114227132958,1.9611896506725337,6.121575117111206
Male,Right,2,30.6,-0.0023658746465835,1.9221983815908525,6.121575117111206
Male,Right,2,30.6,-0.0025728523148374,2.074596628440736,6.121575117111206
Male,Right,1,30.6,-0.005795716403356,2.001860879429271,6.121575117111206
Male,Right,1,30.6,-0.0049701253676482,2.1011464535655215,6.121575117111206
Male,Right,1,30.6,-0.0040335242763402,1.977804077856159,6.121575117111206
Male,Right,1,30.6,0.0044191684534436,2.1142006956237855,6.121575117111206
Male,Right,1,30.6,-0.0004396328508788,2.1292922146926383,6.121575117111206
Male,Right,1,30.6,-0.0045559558370575,2.0121313469107314,6.121575117111206
Male,Right,1,30.6,-0.0069382907735444,2.1139503919663256,6.121575117111206
Male,Right,1,30.6,-0.0041155004052418,2.054206294816868,6.121575117111206
Male,Right,1,30.6,-0.006080407400895,1.9579189773431473,6.121575117111206
Male,Right,1,30.6,-0.00287523133436,2.0300951488454064,6.121575117111206
Male,Right,1,30.6,-0.0040196697977588,2.0159538060299416,6.121575117111206
Male,Right,1,30.6,-0.0055766869678392,2.1596226987888882,6.121575117111206
Male,Right,1,30.6,-0.0040659856332774,2.0471551216165746,6.121575117111206
Male,Right,3,30.6,0.004904003936524,2.2376846839204125,6.121575117111206
Male,Right,3,30.6,-0.0032743494250823,2.0295609695720924,6.121575117111206
Male,Right,3,30.6,-0.0027483151166357,2.0096900027310363,6.121575117111206
Male,Right,3,30.6,-0.0014511235295514,1.9452844130407367,6.121575117111206
Male,Right,3,30.6,-0.0022733440783617,1.944045097470799,6.121575117111206
Male,Right,3,30.6,-0.0010271007600291,2.0184331875482884,6.121575117111206
Male,Right,3,30.6,0.0060612349248564,1.976459785211578,6.121575117111206
Male,Right,3,30.6,-0.0047480380463913,2.1169297685476134,6.121575117111206
Male,Right,3,30.6,0.0016100520744123,1.916586085113503,6.121575117111206
Male,Right,3,30.6,0.0007601535188517,1.984581519158451,6.121575117111206
Male,Right,3,30.6,0.0011080401419182,1.928588301358942,6.121575117111206
Male,Right,3,30.6,-0.0042989418331971,2.0202807328650314,6.121575117111206
Male,Right,2,25.6,-0.0092433117248916,1.49946458463806,6.121575117111206
Male,Right,2,25.6,-0.005257555496546,1.24998303431849,6.121575117111206
Male,Right,2,25.6,-0.0089264722761753,1.827829889837749,6.121575117111206
Male,Right,2,25.6,-0.0082067892796026,1.2852163814709328,6.121575117111206
Male,Right,2,25.6,-0.0086967307107217,1.4327190763664366,6.121575117111206
Male,Right,2,25.6,-0.0076508464746421,1.3033385365155041,6.121575117111206
Male,Right,2,25.6,-0.0067662178370896,1.4304150690886264,6.121575117111206
Male,Right,2,25.6,-0.0079316168237067,1.5301048563966062,6.121575117111206
Male,Right,2,25.6,-0.0077596805690134,1.3553903814308155,6.121575117111206
Male,Right,3,25.6,-0.0084163918581805,2.502212625332138,6.121575117111206
Male,Right,3,25.6,-0.009026173634179,2.5990220505525534,6.121575117111206
Male,Right,3,25.6,-0.0033739188029253,1.4607822297545838,6.121575117111206
Male,Right,3,25.6,-0.0091338562633671,1.469479286469881,6.121575117111206
Male,Right,3,25.6,-0.0070937748026818,1.4763188603061888,6.121575117111206
Male,Right,3,25.6,-0.0080276360658851,2.288919962429391,6.121575117111206
Male,Right,3,25.6,-0.0086942747978255,1.4729183538759227,6.121575117111206
Male,Right,3,25.6,-0.0085882673242257,1.443453340602656,6.121575117111206
Male,Right,3,25.6,-0.0074696588468212,1.3537963445771268,6.121575117111206
Male,Right,3,25.6,-0.0118277421343513,1.5046988479564964,6.121575117111206
Male,Right,3,25.6,-0.0116662793366832,2.5514086335167283,6.121575117111206
Male,Right,3,25.6,-0.0090611148945979,1.9056831919685122,6.121575117111206
Male,Right,1,25.5,-0.0078285258406923,1.5119491850113969,6.121575117111206
Male,Right,1,25.5,-0.0065705574021477,1.3615547216863564,6.121575117111206
Male,Right,1,25.5,-0.0066780598225959,1.4213693588017364,6.121575117111206
Male,Right,1,25.5,-0.0078053103432922,1.2046767158301463,6.121575117111206
Male,Right,1,25.5,-0.0074567425757925,1.6443290215065625,6.121575117111206
Male,Right,1,25.5,-0.0063987823845382,1.2326931922249058,6.121575117111206
Male,Right,1,25.5,-0.0046591692178414,1.4722676315258663,6.121575117111206
Male,Right,1,25.5,-0.0065105815223236,1.31684421756218,6.121575117111206
Male,Right,1,25.5,-0.0067497713609901,1.5229964670544718,6.121575117111206
Male,Right,1,25.5,-0.0081614804129194,1.2304090550922937,6.121575117111206
Male,Right,1,25.5,-0.0071945310716337,1.3711732830080239,6.121575117111206
Male,Right,2,25.1,0.0028761825150746,1.2192857599919469,6.121575117111206
Male,Right,2,25.1,0.0010188350230217,1.189636804583604,6.121575117111206
Male,Right,2,25.1,-2.44407605765933e-05,1.2935529891625623,6.121575117111206
Male,Right,2,25.1,0.0073950234670066,1.461915864585916,6.121575117111206
Male,Right,2,25.1,0.0004301647586563,1.2466606108818747,6.121575117111206
Male,Right,2,25.1,0.0028551214330221,1.6796743106121232,6.121575117111206
Male,Right,2,25.1,0.0009793841328711,1.2681560482599032,6.121575117111206
Male,Right,2,25.1,-0.0005040477115456,1.2089656092690173,6.121575117111206
Male,Right,3,25.1,0.0062278214520909,1.4627064579543987,6.121575117111206
Male,Right,3,25.1,0.001496156375654,1.2829675663907618,6.121575117111206
Male,Right,3,25.1,0.0002864676527719,1.2312011080373546,6.121575117111206
Male,Right,3,25.1,0.0019259814006954,1.2653552090234446,6.121575117111206
Male,Right,3,25.1,0.0007212147284933,1.3448058580600317,6.121575117111206
Male,Right,3,25.1,0.004584777889005,1.2483235255600016,6.121575117111206
Male,Right,3,25.1,0.002285539321005,1.5280572472616207,6.121575117111206
Male,Right,3,25.1,0.0022647953389313,1.2416979531582892,6.121575117111206
Male,Right,3,25.1,-0.0012808004969207,1.4014910202345063,6.121575117111206
Male,Right,1,24.9,-0.0002418587000281,1.2836785952783623,6.121575117111206
Male,Right,1,24.9,-0.0025943406949989,1.2011638642702316,6.121575117111206
Male,Right,1,24.9,-0.0008674563952715,1.4194359959824638,6.121575117111206
Male,Right,1,24.9,5.86855474987597e-05,1.440471083113056,6.121575117111206
Male,Right,1,24.9,-0.0011975473846495,1.3822895983295127,6.121575117111206
Male,Right,1,24.9,0.0002051811598059,1.3835099686671726,6.121575117111206
Male,Right,1,24.9,-0.0010626283890074,1.268338603940066,6.121575117111206
Male,Right,1,24.9,0.000914535140143,1.3682983749175268,6.121575117111206
Male,Right,2,27.6,0.002902524643742,1.5763924360561532,6.121575117111206
Male,Right,2,27.6,0.0050204382272104,1.5995118585957449,6.121575117111206
Male,Right,2,27.6,0.001715668477204,1.676761968336764,6.121575117111206
Male,Right,2,27.6,0.0047762109998427,1.6190751556798848,6.121575117111206
Male,Right,2,27.6,0.0020974373172933,1.6191152148506902,6.121575117111206
Male,Right,2,27.6,0.0032692901527061,1.6752831619170045,6.121575117111206
Male,Right,2,27.6,0.0002157350228528,1.545370713116504,6.121575117111206
Male,Right,2,27.6,0.0051778074012785,1.5602319876645712,6.121575117111206
Male,Right,2,27.6,0.0015888697447363,1.563878782188407,6.121575117111206
Male,Right,2,27.6,0.002880474843756,1.5364596185907031,6.121575117111206
Male,Right,2,27.6,0.0023081559496907,1.5786789324982111,6.121575117111206
Male,Right,2,27.6,0.0049531737889913,1.559830619543154,6.121575117111206
Male,Right,1,27.6,0.0035886356299253,1.6164199102219126,6.121575117111206
Male,Right,1,27.6,0.0050866786076604,1.5880384330088455,6.121575117111206
Male,Right,1,27.6,0.0052669228441567,1.5670164344047959,6.121575117111206
Male,Right,1,27.6,0.0039465959885449,1.6567068092922803,6.121575117111206
Male,Right,1,27.6,0.0007465150266891,1.5940345667196933,6.121575117111206
Male,Right,1,27.6,0.0043939304811783,1.7104493294747347,6.121575117111206
Male,Right,1,27.6,0.0019716926181717,1.575298392393333,6.121575117111206
Male,Right,1,27.6,0.0014249377772968,1.5620919672798312,6.121575117111206
Male,Right,1,27.6,0.0011847203527174,1.7490621976348586,6.121575117111206
Male,Right,1,27.6,0.0026812070324393,1.7113713697507973,6.121575117111206
Male,Right,1,27.6,0.0008238446507417,1.6065060711954129,6.121575117111206
Male,Right,1,27.6,0.0016620743082032,1.575747367041959,6.121575117111206
Male,Right,1,27.6,0.0015049177853596,1.5763211553044043,6.121575117111206
Male,Right,3,27.6,0.00481341571264,1.555986124648834,6.121575117111206
Male,Right,3,27.6,-0.0016278747810549,1.6190122338423776,6.121575117111206
Male,Right,3,27.6,0.005257819294115,1.6132901211558872,6.121575117111206
Male,Right,3,27.6,0.004855720662319,1.6134272989447842,6.121575117111206
Male,Right,3,27.6,0.0072948808836212,1.712563639978996,6.121575117111206
Male,Right,3,27.6,0.0038065760468608,1.5927970457971607,6.121575117111206
Male,Right,3,27.6,0.0077426663048377,1.90931519634041,6.121575117111206
Male,Right,3,27.6,0.0011277394686828,1.6285263203863833,6.121575117111206
Male,Right,3,27.6,0.0030331723263502,1.772652628147655,6.121575117111206
Male,Right,3,27.6,0.0065629452948097,1.6716725922548166,6.121575117111206
Male,Right,3,27.6,0.0064378103022614,1.7269363613168915,6.121575117111206
Male,Right,3,27.6,0.0030354928617949,1.583080140057922,6.121575117111206
Male,Right,3,27.6,0.0045696037149126,1.9219975374728127,6.121575117111206
Male,Right,2,24.4,-0.0038575530082936,1.1598707512099335,6.121575117111206
Male,Right,2,24.4,-0.0042644379665054,1.2772239648526797,6.121575117111206
Male,Right,2,24.4,-0.0029212584471458,1.5348572427121816,6.121575117111206
Male,Right,2,24.4,-0.0029260906984726,1.17984607364403,6.121575117111206
Male,Right,2,24.4,-0.002569514786959,1.1322389458650846,6.121575117111206
Male,Right,2,24.4,-0.0032372971096846,1.116441428530578,6.121575117111206
Male,Right,2,24.4,-0.002190912023104,1.178294358688926,6.121575117111206
Male,Right,2,24.4,-0.0029918125402446,1.2702090027211939,6.121575117111206
Male,Right,2,24.4,-0.0045941892783502,1.0189757939918198,6.121575117111206
Male,Right,3,24.4,-0.0030492942003482,1.2893481370257107,6.121575117111206
Male,Right,3,24.4,-0.0070738282184962,1.3446700819081512,6.121575117111206
Male,Right,3,24.4,-0.0057147181996204,1.3494079184980003,6.121575117111206
Male,Right,3,24.4,-0.0006679812209358,1.211626986510688,6.121575117111206
Male,Right,3,24.4,-0.0039531977035284,1.4803229976691712,6.121575117111206
Male,Right,3,24.4,0.0016388651675565,1.1225879796472518,6.121575117111206
Male,Right,3,24.4,-0.0049195539275214,1.78454509476222,6.121575117111206
Male,Right,3,24.4,-0.0020267469805084,1.2598639597877677,6.121575117111206
Male,Right,3,24.4,-0.0017949068713083,1.4016098957107657,6.121575117111206
Male,Right,1,24.4,-0.0004853562020575,1.177723585920464,6.121575117111206
Male,Right,1,24.4,-0.0029833224501412,1.1023506585996634,6.121575117111206
Male,Right,1,24.4,0.0004646021163998,1.1508804391293486,6.121575117111206
Male,Right,1,24.4,-0.0019844075079522,1.0686378059177877,6.121575117111206
Male,Right,1,24.4,-0.0003816981456214,1.0896247204768712,6.121575117111206
Male,Right,1,24.4,-0.0028917236248988,1.1902500761096966,6.121575117111206
Male,Right,1,24.4,-0.0003880902198191,1.0765371317602666,6.121575117111206
Male,Right,1,24.4,-0.0001561331697736,1.151285462848564,6.121575117111206
Male,Right,2,26.5,0.0032057730683501,1.1787729188252178,6.121575117111206
Male,Right,2,26.5,0.0050334622239536,1.173441992869655,6.121575117111206
Male,Right,2,26.5,0.002732971497763,1.1598021164266437,6.121575117111206
Male,Right,2,26.5,0.0023548659504447,1.1877569356066184,6.121575117111206
Male,Right,2,26.5,0.0056132532252836,1.177959450847441,6.121575117111206
Male,Right,2,26.5,0.0024520430954435,1.1978497155290193,6.121575117111206
Male,Right,2,26.5,0.0035924107917394,1.1175061061827662,6.121575117111206
Male,Right,2,26.5,0.0036108186904797,1.1727685145248679,6.121575117111206
Male,Right,3,26.5,0.0068927786349601,1.2898716688884095,6.121575117111206
Male,Right,3,26.5,0.003263114098873,1.367963254005999,6.121575117111206
Male,Right,3,26.5,0.0053585498008844,1.3044272619369353,6.121575117111206
Male,Right,3,26.5,0.0066236168120187,1.2578740661960954,6.121575117111206
Male,Right,3,26.5,0.0061482843050215,1.2011008323254606,6.121575117111206
Male,Right,3,26.5,0.0048771529444129,1.3185925054642313,6.121575117111206
Male,Right,3,26.5,0.0018252078565019,1.3622294159507102,6.121575117111206
Male,Right,3,26.5,0.0045167862501314,1.5175561864649965,6.121575117111206
Male,Right,3,26.5,-0.000869161495252,1.2877045012210004,6.121575117111206
Male,Right,1,26.5,0.0088460978366747,1.2577008201827018,6.121575117111206
Male,Right,1,26.5,0.0086782259453769,1.328072786645807,6.121575117111206
Male,Right,1,26.5,0.0051303762785181,1.1598311273369484,6.121575117111206
Male,Right,1,26.5,0.0076061863332467,1.1864794439007493,6.121575117111206
Male,Right,1,26.5,0.0044921885496163,1.2863735644581349,6.121575117111206
Male,Right,1,26.5,0.0084807021048545,1.246597378289718,6.121575117111206
Male,Right,1,26.5,0.0067622633334636,1.1788860829062267,6.121575117111206
Male,Right,1,26.5,0.0034515011845009,1.3615076792262175,6.121575117111206
Male,Right,1,26.5,0.0029468112897452,1.1717965174215514,6.121575117111206
Male,Right,1,26.5,0.0039138669755258,1.2509021941572085,6.121575117111206
Male,Right,2,26.2,-0.0003756092769383,1.1777940438360797,6.121575117111206
Male,Right,2,26.2,7.07092760254387e-05,1.2649724788739474,6.121575117111206
Male,Right,2,26.2,-0.0013522914098268,1.1587104354817215,6.121575117111206
Male,Right,2,26.2,0.0010868102927723,1.3360139343794606,6.121575117111206
Male,Right,2,26.2,0.0015717794573909,1.1979215048506329,6.121575117111206
Male,Right,2,26.2,-0.0013721458067632,1.198142419293175,6.121575117111206
Male,Right,2,26.2,-0.0006662456373,1.2497944035349473,6.121575117111206
Male,Right,2,26.2,0.0001557069408034,1.2219172666908151,6.121575117111206
Male,Right,2,26.2,-0.0002641331349893,1.1594224350507012,6.121575117111206
Male,Right,2,26.2,-0.0008973933736588,1.2626639390525536,6.121575117111206
Male,Right,3,26.2,0.0011492405975416,1.3307426421890245,6.121575117111206
Male,Right,3,26.2,-0.0015466691029233,1.2727074657397617,6.121575117111206
Male,Right,3,26.2,0.0017740876068347,1.2959385075907432,6.121575117111206
Male,Right,3,26.2,-0.0042281250991027,1.1597826860224694,6.121575117111206
Male,Right,3,26.2,0.0006646068010905,1.2869282690544732,6.121575117111206
Male,Right,3,26.2,-0.0005997184763239,1.1753712170910096,6.121575117111206
Male,Right,3,26.2,0.0005837777114135,1.3642403859578722,6.121575117111206
Male,Right,3,26.2,-0.0008818318851073,1.2367806225713722,6.121575117111206
Male,Right,3,26.2,-0.0018357056157849,1.207598093103471,6.121575117111206
Male,Right,3,26.2,-0.0010457892471005,1.332855731093409,6.121575117111206
Male,Right,1,26.2,0.0029317194745263,1.1673268527961986,6.121575117111206
Male,Right,1,26.2,0.0028963641982688,1.1592930150039689,6.121575117111206
Male,Right,1,26.2,0.0041817653105179,1.1946489846520578,6.121575117111206
Male,Right,1,26.2,0.0028893935338262,1.270542779495716,6.121575117111206
Male,Right,1,26.2,0.0039846210763393,1.2362427841494947,6.121575117111206
Male,Right,1,26.2,0.0011962245598311,1.1797271662498077,6.121575117111206
Male,Right,1,26.2,0.0003351877419923,1.1813142080030883,6.121575117111206
Male,Right,1,26.2,0.0019542308164607,1.1555208387152807,6.121575117111206
Male,Right,2,22.6,-0.0002210192090973,1.5733794621868813,6.121575117111206
Male,Right,2,22.6,-0.0006522093400236,1.596686504434641,6.121575117111206
Male,Right,2,22.6,-0.0027552791844786,1.4953357552825208,6.121575117111206
Male,Right,2,22.6,0.0010261121301059,1.5392007500324771,6.121575117111206
Male,Right,2,22.6,0.0004483130311442,1.5470453940512265,6.121575117111206
Male,Right,2,22.6,-0.002937046964839,1.4872764777568181,6.121575117111206
Male,Right,2,22.6,-0.0004356946992419,1.5670266391392889,6.121575117111206
Male,Right,2,22.6,-0.0013943918269242,1.4752681328969217,6.121575117111206
Male,Right,2,22.6,-0.000795105583798,1.4839272734357978,6.121575117111206
Male,Right,3,22.6,-0.001415667782443,1.4976891920436304,6.121575117111206
Male,Right,3,22.6,-0.0021291308163153,1.5023856972469034,6.121575117111206
Male,Right,3,22.6,-0.0014708225106566,1.4684342370553223,6.121575117111206
Male,Right,3,22.6,-0.0013789494884524,1.5235894633277738,6.121575117111206
Male,Right,3,22.6,-0.0005931386714213,1.4348292015862445,6.121575117111206
Male,Right,3,22.6,-0.0016752815422354,1.5182249460124966,6.121575117111206
Male,Right,3,22.6,-0.0027267271340836,1.525950737889109,6.121575117111206
Male,Right,3,22.6,-0.000975980462435,1.4096819025973748,6.121575117111206
Male,Right,1,22.6,-0.0001324050113037,1.497142393607207,6.121575117111206
Male,Right,1,22.6,0.0021131314050616,1.672814079243268,6.121575117111206
Male,Right,1,22.6,0.0010369484407082,1.5482532249758705,6.121575117111206
Male,Right,1,22.6,0.0009156825310288,1.5055492158685821,6.121575117111206
Male,Right,1,22.6,0.002646227976374,1.5193111918109266,6.121575117111206
Male,Right,1,22.6,0.0021442924098224,1.5033858910742341,6.121575117111206
Male,Right,1,22.6,0.001684300462187,1.5443780267665084,6.121575117111206
Male,Right,2,22.5,-0.0016440377819603,1.5505833928530368,6.121575117111206
Male,Right,2,22.5,-0.0010075228885647,1.5707457152765116,6.121575117111206
Male,Right,2,22.5,-0.0031796777006189,1.7582634588330268,6.121575117111206
Male,Right,2,22.5,-0.0007075038298424,1.5905872685817615,6.121575117111206
Male,Right,2,22.5,-0.0028012129057824,1.4892019067983342,6.121575117111206
Male,Right,2,22.5,-0.0026621234311558,1.5226623731587452,6.121575117111206
Male,Right,2,22.5,-0.0018150652570656,1.5609375687355456,6.121575117111206
Male,Right,2,22.5,-0.0021217155288021,1.66562109819661,6.121575117111206
Male,Right,2,22.5,-0.0005207481151309,1.5643979947390105,6.121575117111206
Male,Right,2,22.5,-0.0006444016891346,1.5776169969311518,6.121575117111206
Male,Right,3,22.5,-0.0035386868694026,1.5612673777444914,6.121575117111206
Male,Right,3,22.5,-0.0026617357102061,1.8237785135934046,6.121575117111206
Male,Right,3,22.5,-0.002510576246558,1.6402415861780364,6.121575117111206
Male,Right,3,22.5,-0.0012257384575447,1.581455374470678,6.121575117111206
Male,Right,3,22.5,-0.0037301670077817,1.7544745655838396,6.121575117111206
Male,Right,3,22.5,-0.0022888742094795,1.5724722014003105,6.121575117111206
Male,Right,3,22.5,-0.0023365978164766,1.626215080832428,6.121575117111206
Male,Right,3,22.5,-0.0007862077507494,1.7737752694891447,6.121575117111206
Male,Right,3,22.5,-0.0020973267227298,1.5753730391291465,6.121575117111206
Male,Right,3,22.5,0.0002197827147069,1.5410692340324512,6.121575117111206
Male,Right,3,22.5,-0.0012091720101261,1.6473248041020507,6.121575117111206
Male,Right,1,22.5,0.0006545681817445,1.5574945435049075,6.121575117111206
Male,Right,1,22.5,-0.0008005599784365,1.5017569980913588,6.121575117111206
Male,Right,1,22.5,-0.0002847103591827,1.6347383464274,6.121575117111206
Male,Right,1,22.5,-0.0014569942315202,1.5441339655452258,6.121575117111206
Male,Right,1,22.5,0.0010413860391929,1.6087560084555232,6.121575117111206
Male,Right,1,22.5,-0.0019569661442278,1.578134190823737,6.121575117111206
Male,Right,1,22.5,-0.0001253539255231,1.5844381189002996,6.121575117111206
Male,Right,1,22.5,-0.000410935309628,1.5282890889573508,6.121575117111206
Male,Right,1,22.5,-0.0024169692985549,1.5724848777992408,6.121575117111206
Male,Right,2,23.4,0.0006090482738855,1.3979571878532329,6.121575117111206
Male,Right,2,23.4,-0.001033968078048,1.4737021034308666,6.121575117111206
Male,Right,2,23.4,-0.001866383770351,1.0174382760598226,6.121575117111206
Male,Right,2,23.4,-0.0039183881544997,1.197033615298614,6.121575117111206
Male,Right,2,23.4,-0.0034927611200167,1.0669486800224561,6.121575117111206
Male,Right,2,23.4,0.0021223038732216,1.0669590026509372,6.121575117111206
Male,Right,2,23.4,-0.0006191842166718,1.0951940448280095,6.121575117111206
Male,Right,2,23.4,-0.0028199135102472,1.1612227028441238,6.121575117111206
Male,Right,2,23.4,0.0006054363070563,1.172885951717767,6.121575117111206
Male,Right,2,23.4,0.0011643688186309,1.1356276683913398,6.121575117111206
Male,Right,3,23.3,-0.0088798810184527,0.9893481805988726,6.121575117111206
Male,Right,3,23.3,0.002393619672448,1.1392015828842017,6.121575117111206
Male,Right,3,23.3,-0.0044181654954281,1.3329448739889258,6.121575117111206
Male,Right,3,23.3,-0.0023386875533808,1.3368359201552682,6.121575117111206
Male,Right,3,23.3,-0.0052756762199727,1.1086809712812449,6.121575117111206
Male,Right,3,23.3,-0.0026186481982082,1.3661647081313193,6.121575117111206
Male,Right,3,23.3,-0.0038602793172494,1.2802775652077436,6.121575117111206
Male,Right,3,23.3,-0.000646355424343,1.6189592887733981,6.121575117111206
Male,Right,3,23.3,-0.0068293158657714,1.0260165493166347,6.121575117111206
Male,Right,3,23.3,-0.0080422614231326,1.2489253659904205,6.121575117111206
Male,Right,1,23.4,-0.0030127026452348,1.0937729109102512,6.121575117111206
Male,Right,1,23.4,-0.0014613702322868,1.1388108233832055,6.121575117111206
Male,Right,1,23.4,-0.0019156835600524,0.9840428709519584,6.121575117111206
Male,Right,1,23.4,-0.0045919793786529,1.1287608299235006,6.121575117111206
Male,Right,1,23.4,-0.0010265287249531,1.0266085127022617,6.121575117111206
Male,Right,1,23.4,-0.0027131447268405,0.9900467652677625,6.121575117111206
Male,Right,1,23.4,-0.0025038468352255,1.0483366653198443,6.121575117111206
Male,Right,1,23.4,-0.0018562799013695,1.0666595891528676,6.121575117111206
Male,Right,1,23.4,-0.0007338483055968,1.1112167426978459,6.121575117111206
Male,Right,2,23.1,-0.0037964049913014,1.6450067770055083,6.121575117111206
Male,Right,2,23.1,-0.0051102285042313,1.5395551824560014,6.121575117111206
Male,Right,2,23.1,-0.0006938426166631,1.5840428372150606,6.121575117111206
Male,Right,2,23.1,-0.0082277482654332,1.486850426425979,6.121575117111206
Male,Right,2,23.1,-0.0039768315481762,1.7237163638619613,6.121575117111206
Male,Right,2,23.1,-0.0093177856316769,1.5883083656696027,6.121575117111206
Male,Right,2,23.1,-0.0063438389519946,1.6198338219675112,6.121575117111206
Male,Right,2,23.1,-0.0031455856170095,1.5053073923412505,6.121575117111206
Male,Right,2,23.1,-0.004695468458767,1.4931003790228456,6.121575117111206
Male,Right,2,33.9,0.0005196467789522,2.003122183354152,6.121575117111206
Male,Right,2,33.9,3.10244909535961e-05,1.849147047282042,6.121575117111206
Male,Right,2,33.9,0.0003041663649227,2.030639827197726,6.121575117111206
Male,Right,2,33.9,0.0005988630927147,2.201191534678224,6.121575117111206
Male,Right,2,33.9,0.0020021026395702,2.058123372618587,6.121575117111206
Male,Right,2,33.9,0.0008207514646323,1.9594159459018794,6.121575117111206
Male,Right,2,33.9,0.0002862576617398,2.1197257274677708,6.121575117111206
Male,Right,2,33.9,0.0003087213537641,1.9813671189978104,6.121575117111206
Male,Right,2,33.9,-0.0019425522250395,2.25193997548066,6.121575117111206
Male,Right,2,33.9,0.0011027943661955,2.09449551479073,6.121575117111206
Male,Right,2,33.9,0.0018118685328704,2.3250106966079276,6.121575117111206
Male,Right,2,33.9,-0.0004408264973668,1.9506338849996672,6.121575117111206
Male,Right,2,33.9,0.0001211839269935,2.0859913120291167,6.121575117111206
Male,Right,1,33.9,0.0016328917197003,1.9138444934985863,6.121575117111206
Male,Right,1,33.9,0.0012463935746736,1.9305786313207813,6.121575117111206
Male,Right,1,33.9,0.0020988561328733,1.8804043778533526,6.121575117111206
Male,Right,1,33.9,0.0016440283892252,1.9420013851320121,6.121575117111206
Male,Right,1,33.9,0.0004152619177596,1.857571179122778,6.121575117111206
Male,Right,1,33.9,0.0003153795429121,1.9000774522613313,6.121575117111206
Male,Right,1,33.9,-5.17542361862655e-05,1.873937160119385,6.121575117111206
Male,Right,1,33.9,0.0016302413019933,2.1397251183244945,6.121575117111206
Male,Right,1,33.9,0.0008788264042822,1.9238997363485606,6.121575117111206
Male,Right,1,33.9,0.0020897788169075,1.969289284656469,6.121575117111206
Male,Right,1,33.9,-0.0003241934668686,1.9412692258268658,6.121575117111206
Male,Right,1,33.9,0.0014788309321256,1.913661204401544,6.121575117111206
Male,Right,3,33.9,0.0006962477938535,2.1941678392857815,6.121575117111206
Male,Right,3,33.9,0.0013810303402553,2.211397658955721,6.121575117111206
Male,Right,3,33.9,0.0012898497767512,2.02327752625203,6.121575117111206
Male,Right,3,33.9,-0.000473581663998,2.0536439294536692,6.121575117111206
Male,Right,3,33.9,-0.0012462870886971,2.007197043804098,6.121575117111206
Male,Right,3,33.9,-0.0001005309463682,2.1808041952656216,6.121575117111206
Male,Right,3,33.9,-0.0024638692468291,1.970828759572854,6.121575117111206
Male,Right,3,33.9,-0.0016738474075693,2.0716957187714935,6.121575117111206
Male,Right,3,33.9,0.0003255709519951,2.045640284459688,6.121575117111206
Male,Right,3,33.9,-0.0016205872978592,2.0440783064394763,6.121575117111206
Male,Right,3,33.9,-0.0011963916551717,2.0245207416405306,6.121575117111206
Male,Right,3,33.9,0.0019670482982208,1.9264003549241313,6.121575117111206
Male,Right,2,23.9,-0.0006432813799536,1.4421572135773417,6.121575117111206
Male,Right,2,23.9,0.0021315088704774,1.384462573813423,6.121575117111206
Male,Right,2,23.9,-0.0005087508122653,1.4096130771037247,6.121575117111206
Male,Right,2,23.9,0.0025818566395553,1.3807910308491684,6.121575117111206
Male,Right,2,23.9,-0.0034512613547176,1.4406080735124627,6.121575117111206
Male,Right,2,23.9,0.0015997864695166,1.3973416896560205,6.121575117111206
Male,Right,2,23.9,-0.001819075429712,1.410089864550083,6.121575117111206
Male,Right,2,23.9,0.0005235970041893,1.3186937992676895,6.121575117111206
Male,Right,2,23.9,0.0022159321324522,1.3087696575500396,6.121575117111206
Male,Right,1,23.9,0.0020979576304205,1.321071392538262,6.121575117111206
Male,Right,1,23.9,-0.0003033134159051,1.331253401583572,6.121575117111206
Male,Right,1,23.9,-0.0012418111213523,1.3143855143490768,6.121575117111206
Male,Right,1,23.9,0.0009169761719727,1.2964580529294658,6.121575117111206
Male,Right,1,23.9,-2.8361901707448e-06,1.3354217076687533,6.121575117111206
Male,Right,1,23.9,0.003519364869244,1.3847807632747589,6.121575117111206
Male,Right,1,23.9,0.0025033725308732,1.3346869251985531,6.121575117111206
Male,Right,1,23.9,0.0009511752421753,1.476138218759441,6.121575117111206
Male,Right,1,23.9,0.000862324934625,1.3320334760508252,6.121575117111206
Male,Right,1,23.9,-3.31920303727985e-05,1.3636256222758818,6.121575117111206
Male,Right,1,23.9,0.0015944439705995,1.309981635247845,6.121575117111206
Male,Right,1,23.9,-0.0001753502175159,1.3244728383832152,6.121575117111206
Male,Right,3,23.9,-0.0001024623131048,1.4318398816337727,6.121575117111206
Male,Right,3,23.9,0.0019885008767396,1.3404354195297385,6.121575117111206
Male,Right,3,23.9,-0.0009252558247253,1.4391020827525127,6.121575117111206
Male,Right,3,23.9,-2.45213057177411e-05,1.378322015636691,6.121575117111206
Male,Right,3,23.9,0.0023375066018539,1.4428267202016545,6.121575117111206
Male,Right,3,23.9,-0.0028428600111733,1.4043318550490564,6.121575117111206
Male,Right,3,23.9,-0.0086638402312228,1.399946760708856,6.121575117111206
Male,Right,3,23.9,-0.0015375722481402,1.4634452474695292,6.121575117111206
Male,Right,3,23.9,-0.0061345844095619,1.4912099740989402,6.121575117111206
Male,Right,3,23.9,-0.0018659070659844,1.5051184236331716,6.121575117111206
Male,Right,3,23.9,-0.0035747285061429,1.388237670919496,6.121575117111206
Male,Right,1,23.1,0.0040888350522952,2.3734061396864514,6.121575117111206
Male,Right,1,23.1,0.004676841524603,2.5032902264026426,6.121575117111206
Male,Right,1,23.1,0.0025824528571804,2.3852146985916733,6.121575117111206
Male,Right,1,23.1,0.0030989891426537,2.4157070003519125,6.121575117111206
Male,Right,1,23.1,0.0012730515385173,2.44698891926253,6.121575117111206
Male,Right,1,23.1,0.000605478013358,2.6039544652638362,6.121575117111206
Male,Right,1,23.1,0.0045462856213204,2.3992861282000315,6.121575117111206
Male,Right,1,23.1,0.0022585333419287,2.7520374796275098,6.121575117111206
Male,Right,3,23.1,0.0001057261800362,2.4033321703654664,6.121575117111206
Male,Right,3,23.1,0.0040655298146669,2.5802930555253227,6.121575117111206
Male,Right,3,23.1,0.0036511564139547,2.418203191252584,6.121575117111206
Male,Right,3,23.1,0.0049681307190766,2.5779167598783763,6.121575117111206
Male,Right,3,23.1,0.0058086053602457,2.431652463939538,6.121575117111206
Male,Right,3,23.1,0.0050503433346791,2.560239450951763,6.121575117111206
Male,Right,3,23.1,0.0021186908583847,2.454596837713499,6.121575117111206
Male,Right,3,23.1,0.0036419504116583,2.833276493111867,6.121575117111206
Male,Right,3,23.1,0.0041954851326375,2.7603822893435956,6.121575117111206
Male,Right,3,23.1,0.0053175542042116,2.5152241480190254,6.121575117111206
Male,Right,2,23.1,0.0031658410186707,2.5411350062801055,6.121575117111206
Male,Right,2,23.1,0.0034422365245168,2.370797856478357,6.121575117111206
Male,Right,2,23.1,0.0019878905327598,2.5146153995158156,6.121575117111206
Male,Right,2,23.1,0.0033189756112142,2.4114259455588183,6.121575117111206
Male,Right,2,23.1,0.0026127447806565,2.505562395298332,6.121575117111206
Male,Right,2,23.1,0.0037375745463167,2.510413791460072,6.121575117111206
Male,Right,2,23.1,0.0044794756908514,2.367570995881324,6.121575117111206
Male,Right,2,23.1,0.0010413529348338,2.5052130721681998,6.121575117111206
Male,Right,2,23.1,0.003723058309354,2.5329606169740266,6.121575117111206
Male,Right,2,23.1,0.0017202649134525,2.4032587282933,6.121575117111206
Male,Right,2,23.1,0.0023257050958678,2.468836645619294,6.121575117111206
Male,Right,2,23.1,0.0027900939101656,2.527544125357037,6.121575117111206
