Female,Left,2,27.4,0.0150759415060545,3.7865016074705986,6.856551885604858
Female,Left,2,27.4,0.0131040265470982,3.716463006977859,6.856551885604858
Female,Left,2,27.4,0.0205633881089608,3.7841464716767117,6.856551885604858
Female,Left,2,27.4,0.0019822565473465,3.848744436204298,6.856551885604858
Female,Left,2,27.4,0.0163097634648466,3.8121854294218704,6.856551885604858
Female,Left,2,27.4,0.0137555908744405,3.8081183060482378,6.856551885604858
Female,Left,2,27.4,0.0174265984681375,3.8981347245194837,6.856551885604858
Female,Left,2,27.4,0.0053803856412254,3.853930560203484,6.856551885604858
Female,Left,2,27.4,0.0198264143436452,3.8263544771140996,6.856551885604858
Female,Left,3,27.4,0.0161177632977783,3.9003409429605815,6.856551885604858
Female,Left,3,27.4,0.0122831232039201,3.7927434070667023,6.856551885604858
Female,Left,3,27.4,0.0270944321677928,3.8926691580396224,6.856551885604858
Female,Left,3,27.4,0.0037431425941477,3.7053499751715417,6.856551885604858
Female,Left,3,27.4,0.0095583991598297,3.7302587228522217,6.856551885604858
Female,Left,3,27.4,0.0155188828741947,3.8241497706033307,6.856551885604858
Female,Left,3,27.4,0.0062054681638271,3.847702447472921,6.856551885604858
Female,Left,3,27.4,0.0053410538859942,3.7331140196622017,6.856551885604858
Female,Left,1,27.4,0.0174664611722752,3.8413252178320683,6.856551885604858
Female,Left,1,27.4,0.0097436062037604,3.686877920629444,6.856551885604858
Female,Left,1,27.4,0.0188207441730115,3.6190925043767423,6.856551885604858
Female,Left,1,27.4,0.0146196361468825,3.643154944255526,6.856551885604858
Female,Left,1,27.4,0.0172743051753254,3.5432862482016505,6.856551885604858
Female,Left,1,27.4,0.0036414995597519,3.6532392286416036,6.856551885604858
Female,Left,1,27.4,0.007711074268941,3.6158033875413307,6.856551885604858
Female,Left,1,27.4,0.0143191553350544,3.504096971167734,6.856551885604858
Female,Left,1,27.4,0.0102720565068333,3.6435101668974226,6.856551885604858
Female,Left,2,27.3,0.0065341471256695,3.536426562792315,6.856551885604858
Female,Left,2,27.3,0.0109194112616166,3.554716248119363,6.856551885604858
Female,Left,2,27.3,-0.0016251987879865,3.564793778188493,6.856551885604858
Female,Left,2,27.3,0.0049232702888566,3.6540911116885226,6.856551885604858
Female,Left,2,27.3,0.0057335316003816,3.526155302262439,6.856551885604858
Female,Left,2,27.3,0.0048586603452321,3.4705612490236737,6.856551885604858
Female,Left,2,27.3,0.0074811800755041,3.455584263684525,6.856551885604858
Female,Left,2,27.3,0.0089335344961936,3.562177047786728,6.856551885604858
Female,Left,2,27.3,0.0049693348765255,3.5479136573923413,6.856551885604858
Female,Left,2,27.3,0.0026055206982163,3.6659379106629704,6.856551885604858
Female,Left,3,27.3,0.0083455975288629,3.6466270066899513,6.856551885604858
Female,Left,3,27.3,-0.0024666261097018,3.6130462958575102,6.856551885604858
Female,Left,3,27.3,0.0051003756939668,3.608610171382022,6.856551885604858
Female,Left,3,27.3,-0.002473231481176,3.6664863526137212,6.856551885604858
Female,Left,3,27.3,0.0050956976521794,3.5992621910985907,6.856551885604858
Female,Left,3,27.3,0.0002489220305482,3.7350196385574264,6.856551885604858
Female,Left,3,27.3,0.0032885958469025,3.732362499058826,6.856551885604858
Female,Left,3,27.3,0.0034669409344948,3.6266323377217233,6.856551885604858
Female,Left,3,27.3,-0.0012992251259789,3.6136953991972307,6.856551885604858
Female,Left,1,27.3,0.011792778693695,3.502207324151909,6.856551885604858
Female,Left,1,27.3,0.0042852369180474,3.4534405774986157,6.856551885604858
Female,Left,1,27.3,0.0090139987809883,3.64327898243467,6.856551885604858
Female,Left,1,27.3,0.0088887570530352,3.450992523241267,6.856551885604858
Female,Left,1,27.3,0.0087077879235296,3.6239121730305457,6.856551885604858
Female,Left,1,27.3,0.0074582333414151,3.60417460726842,6.856551885604858
Female,Left,1,27.3,0.0105185374267587,3.452466768412201,6.856551885604858
Female,Left,1,27.3,0.0072272380314488,3.630358472284019,6.856551885604858
Female,Left,2,40.5,0.0141385358595501,3.9553939439636054,6.856551885604858
Female,Left,2,40.5,0.0070778501733689,3.9742429790970797,6.856551885604858
Female,Left,2,40.5,0.0134318189976535,3.5982106501275046,6.856551885604858
Female,Left,2,40.5,0.0120580517765052,3.881056304579356,6.856551885604858
Female,Left,2,40.5,0.0138864073651704,3.674078930641541,6.856551885604858
Female,Left,2,40.5,0.0120205496709219,3.8860349124315476,6.856551885604858
Female,Left,2,40.5,0.015943059185848,3.577015100364526,6.856551885604858
Female,Left,2,40.5,0.0158948032016421,3.8617576696481324,6.856551885604858
Female,Left,3,40.5,0.0076423741658779,3.55815865994144,6.856551885604858
Female,Left,3,40.5,0.018950172560677,3.8715880273373307,6.856551885604858
Female,Left,3,40.5,0.023552734191456,4.015061710555542,6.856551885604858
Female,Left,3,40.5,0.0267651716613016,3.9938483634616118,6.856551885604858
Female,Left,3,40.5,0.0177319710726375,3.6016563008798244,6.856551885604858
Female,Left,3,40.5,0.0128568823963359,3.543185004099832,6.856551885604858
Female,Left,3,40.5,0.0236686827128194,3.5776858632313475,6.856551885604858
Female,Left,3,40.5,0.0200791570356702,3.5227816287953395,6.856551885604858
Female,Left,1,40.5,0.0114314664097853,3.772130663963641,6.856551885604858
Female,Left,1,40.5,0.0101368418365781,3.7435835996062843,6.856551885604858
Female,Left,1,40.5,0.0056771867352076,3.693964006298665,6.856551885604858
Female,Left,1,40.5,0.0062232134415095,3.6478432560551663,6.856551885604858
Female,Left,1,40.5,0.0021713654944568,3.6487419810881665,6.856551885604858
Female,Left,1,40.5,0.006263089789332,3.748063640405018,6.856551885604858
Female,Left,1,40.5,0.0036135635726557,3.6128176046760307,6.856551885604858
Female,Left,2,40.3,0.0035888338641472,3.6573924805975526,6.856551885604858
Female,Left,2,40.3,-0.0046202098213421,3.743459414174969,6.856551885604858
Female,Left,2,40.3,0.0031083542591753,3.5312220093706883,6.856551885604858
Female,Left,2,40.3,0.0002761843828029,3.6990032851819845,6.856551885604858
Female,Left,2,40.3,0.0026868358503613,3.517518319953838,6.856551885604858
Female,Left,2,40.3,-0.0014753634820184,3.6616544560776143,6.856551885604858
Female,Left,2,40.3,0.0022164311148797,3.7810399478739827,6.856551885604858
Female,Left,2,40.3,0.0013942845355526,3.5491071086124615,6.856551885604858
Female,Left,3,40.3,0.0052575301117488,3.678247107005957,6.856551885604858
Female,Left,3,40.3,0.0013319560195628,3.6810265719585007,6.856551885604858
Female,Left,3,40.3,0.0033501636669674,3.735051242973943,6.856551885604858
Female,Left,3,40.3,0.0037464152265531,3.650694713163148,6.856551885604858
Female,Left,3,40.3,0.0057714258942466,3.653309521075265,6.856551885604858
Female,Left,3,40.3,0.0033554739675449,3.5413909438147764,6.856551885604858
Female,Left,3,40.3,0.0012345776373131,3.7435406828927604,6.856551885604858
Female,Left,3,40.3,-0.0031563074186514,3.685516725124494,6.856551885604858
Female,Left,3,40.3,0.0015286198890713,3.7732748847733846,6.856551885604858
Female,Left,3,40.3,0.0046771059149099,3.692312038084044,6.856551885604858
Female,Left,1,40.3,-0.0004284906572332,3.5768870573778146,6.856551885604858
Female,Left,1,40.3,-0.0007902827718095,3.633214754215051,6.856551885604858
Female,Left,1,40.3,0.0015862177483141,3.650080824887975,6.856551885604858
Female,Left,1,40.3,0.0006248267748976,3.6882363876654867,6.856551885604858
Female,Left,2,22.2,0.0201319300286423,3.0649919032955184,6.856551885604858
Female,Left,2,22.2,0.0158134331954925,2.9599228569175464,6.856551885604858
Female,Left,2,22.2,0.0136241868187942,2.9350143019036397,6.856551885604858
Female,Left,2,22.2,0.0206364618427422,2.9630994717997567,6.856551885604858
Female,Left,2,22.2,0.0246832640310755,2.996882087062755,6.856551885604858
Female,Left,2,22.2,0.0241225772630227,2.969806658849493,6.856551885604858
Female,Left,2,22.2,0.0234555209520203,2.9755833207504,6.856551885604858
Female,Left,2,22.2,0.022656144248063,2.914502613322709,6.856551885604858
Female,Left,2,22.2,0.0224405813286397,2.992955887760278,6.856551885604858
Female,Left,2,22.2,0.0229822537134158,2.970395907709468,6.856551885604858
Female,Left,1,22.2,0.0213092483503025,3.096461640970954,6.856551885604858
Female,Left,1,22.2,0.0196674139039541,3.408092402437592,6.856551885604858
Female,Left,1,22.2,0.0228493520743986,3.183323916101723,6.856551885604858
Female,Left,1,22.2,0.0244252753690435,3.1317151471724545,6.856551885604858
Female,Left,1,22.2,0.0221695127945401,3.065209054935715,6.856551885604858
Female,Left,1,22.2,0.0256487956921031,3.0949108974396147,6.856551885604858
Female,Left,1,22.2,0.0253875861477094,3.192281530378697,6.856551885604858
Female,Left,1,22.2,0.0212735443408413,3.0289239101056866,6.856551885604858
Female,Left,1,22.2,0.0237231029434601,3.036521320885093,6.856551885604858
Female,Left,1,22.2,0.025585070730052,3.0985471337200647,6.856551885604858
Female,Left,1,22.2,0.022816667865882,3.0470674132276656,6.856551885604858
Female,Left,3,22.2,0.0217502410055503,2.952304276074706,6.856551885604858
Female,Left,3,22.2,0.0133863639653872,3.0552437811159354,6.856551885604858
Female,Left,3,22.2,0.017826268372876,3.0471565420965727,6.856551885604858
Female,Left,3,22.2,0.0261155282521195,3.054172003163286,6.856551885604858
Female,Left,3,22.2,0.0236179840978791,2.954234237126407,6.856551885604858
Female,Left,3,22.2,0.0222111146191875,3.0435143344521864,6.856551885604858
Female,Left,3,22.2,0.0244410670809628,3.1050556449857774,6.856551885604858
Female,Left,3,22.2,0.0227423153387154,2.9287928095647553,6.856551885604858
Female,Left,3,22.2,0.0248761904350058,3.2228600688628943,6.856551885604858
Female,Left,3,22.2,0.024176909191664,3.4621658988991184,6.856551885604858
Female,Left,3,22.2,0.0167932791621354,3.2781278024900806,6.856551885604858
Female,Left,3,22.2,0.0235744272217559,3.076354741269041,6.856551885604858
Female,Left,3,22.2,0.0261974090344549,3.2946255378179834,6.856551885604858
Female,Left,3,22.2,0.0287692319147416,3.125817960297498,6.856551885604858
Female,Left,3,21.8,0.0194028215896163,3.0485561995562356,6.856551885604858
Female,Left,3,21.8,0.0280434220754218,3.0004254062559372,6.856551885604858
Female,Left,3,21.8,0.0250566094380938,2.997965820939465,6.856551885604858
Female,Left,3,21.8,0.0227799796933634,2.9677580552237184,6.856551885604858
Female,Left,3,21.8,0.0248070753841705,3.0302398564773987,6.856551885604858
Female,Left,3,21.8,0.0227410141619984,3.2321620496731387,6.856551885604858
Female,Left,3,21.8,0.0250456817766839,2.9958918775735985,6.856551885604858
Female,Left,3,21.8,0.0274261494733642,3.2819423978159334,6.856551885604858
Female,Left,3,21.8,0.0291374386727581,3.0207559571153917,6.856551885604858
Female,Left,3,21.8,0.0242052655751502,3.309599771968064,6.856551885604858
Female,Left,3,21.8,0.0228372327743712,3.2650739017736083,6.856551885604858
Female,Left,3,21.8,0.0248773090648973,2.9701918621454815,6.856551885604858
Female,Left,2,22.5,0.0296001804746279,2.423924520216851,6.856551885604858
Female,Left,2,22.5,0.0290296122756606,2.6470667833595747,6.856551885604858
Female,Left,2,22.5,0.0185588904167309,2.5895144236806744,6.856551885604858
Female,Left,2,22.5,0.0441293997668229,2.560482048387605,6.856551885604858
Female,Left,2,22.5,0.0405750909793644,2.8764726893777732,6.856551885604858
Female,Left,2,22.5,0.0359881574884867,2.9153757757594185,6.856551885604858
Female,Left,2,22.5,0.0368928192058277,2.629522102557004,6.856551885604858
Female,Left,2,22.5,0.035524568964162,2.4860504040634073,6.856551885604858
Female,Left,2,22.5,0.0373845232666995,2.5252939572858755,6.856551885604858
Female,Left,2,22.5,0.0360667430877458,2.3591195800126705,6.856551885604858
Female,Left,2,22.5,0.0217113268747938,2.435473483577305,6.856551885604858
Female,Left,2,22.5,-0.0030537087828199,2.322534426435671,6.856551885604858
Female,Left,2,22.5,0.0064616721790276,2.504724493973427,6.856551885604858
Female,Left,1,22.5,0.027703065407021,2.3306650141031495,6.856551885604858
Female,Left,1,22.5,0.0230152028070422,2.3251305509984688,6.856551885604858
Female,Left,1,22.5,0.0341911845139507,2.35658781567091,6.856551885604858
Female,Left,1,22.5,0.0291377482204253,2.314037315010444,6.856551885604858
Female,Left,1,22.5,0.0147916581862138,2.3328595489650943,6.856551885604858
Female,Left,1,22.5,0.0292624156287605,2.3478692261250487,6.856551885604858
Female,Left,1,22.5,0.0318133820164848,2.382127866875333,6.856551885604858
Female,Left,1,22.5,0.0287522417166134,2.2824550897464833,6.856551885604858
Female,Left,1,22.5,0.0336441473532669,2.3789661790181373,6.856551885604858
Female,Left,1,22.5,0.0268245949032939,2.3374827547047508,6.856551885604858
Female,Left,1,22.5,0.0274849842194905,2.3060763352152422,6.856551885604858
Female,Left,1,22.5,0.0365938537006801,2.3714214978800507,6.856551885604858
Female,Left,1,22.5,0.0239272060279341,2.3532505996757758,6.856551885604858
Female,Left,3,22.5,0.0123820141957387,2.91642430088369,6.856551885604858
Female,Left,3,22.5,0.0248135172444936,2.637540330553841,6.856551885604858
Female,Left,3,22.5,0.029383568265729,2.831801178430517,6.856551885604858
Female,Left,3,22.5,0.0331194760377704,2.7885953406159874,6.856551885604858
Female,Left,3,22.5,0.0324452102293363,2.639276838780501,6.856551885604858
Female,Left,3,22.5,0.0248327932691726,2.46764819968331,6.856551885604858
Female,Left,3,22.5,0.0256492580771892,2.4381690651895815,6.856551885604858
Female,Left,3,22.5,0.0258668345620408,2.6259835275923993,6.856551885604858
Female,Left,3,22.5,0.0400914197912234,2.550374625226514,6.856551885604858
Female,Left,3,22.5,0.0438226729330972,2.625924939889321,6.856551885604858
Female,Left,3,22.5,0.0463966330172703,2.777953564522832,6.856551885604858
Female,Left,2,21.5,0.0158960417723454,3.0981665653592487,6.856551885604858
Female,Left,2,21.5,0.0131117861408877,3.067798757373654,6.856551885604858
Female,Left,2,21.5,0.0059180527490827,3.1679089677613312,6.856551885604858
Female,Left,2,21.5,0.0079859181448047,3.1258365054028285,6.856551885604858
Female,Left,2,21.5,0.0031873698738695,3.138603211091238,6.856551885604858
Female,Left,2,21.5,-0.0030619280492429,3.086187665841541,6.856551885604858
Female,Left,2,21.5,0.014962574367779,3.140378683326371,6.856551885604858
Female,Left,2,21.5,0.0118102552057838,3.076934425484224,6.856551885604858
Female,Left,2,21.5,0.0138597040775278,3.1518654214015545,6.856551885604858
Female,Left,2,21.5,0.0123712178374544,3.1177032917039575,6.856551885604858
Female,Left,2,21.5,0.0073874731864522,3.0906056948845286,6.856551885604858
Female,Left,2,21.5,0.0108660534266671,3.0624020258456457,6.856551885604858
Female,Left,1,21.5,0.0148711008017547,3.1795246083421564,6.856551885604858
Female,Left,1,21.5,0.0102765687290357,3.2447646000033092,6.856551885604858
Female,Left,1,21.5,0.0165519960113148,2.997888642010736,6.856551885604858
Female,Left,1,21.5,0.013525286344457,3.332972966643829,6.856551885604858
Female,Left,1,21.5,0.0100377727033096,3.1588756945004683,6.856551885604858
Female,Left,1,21.5,0.0081480021522634,3.0490530399539066,6.856551885604858
Female,Left,1,21.5,0.0163202954915665,3.077903558173997,6.856551885604858
Female,Left,1,21.5,0.0191217378231706,3.359558226155126,6.856551885604858
Female,Left,1,21.5,0.0171166891756572,3.1209049353691665,6.856551885604858
Female,Left,1,21.5,0.0177559414774647,3.1937474767525402,6.856551885604858
Female,Left,1,21.5,0.0194797413010736,3.2159949167692647,6.856551885604858
Female,Left,1,21.5,0.0178778770881175,3.3635047182838287,6.856551885604858
Female,Left,1,21.5,0.0154007526495124,3.272558720190909,6.856551885604858
Female,Left,1,21.5,0.0181722020918332,3.0931639243793927,6.856551885604858
Female,Left,3,21.5,-0.0016126875940534,3.2279548744549875,6.856551885604858
Female,Left,3,21.5,0.0125086957292408,3.2050961598304473,6.856551885604858
Female,Left,3,21.5,-0.0083455194201201,3.3577023007522446,6.856551885604858
Female,Left,3,21.5,0.0039064209464159,3.8013617794411783,6.856551885604858
Female,Left,3,21.5,0.0234317838256853,3.3441644091092737,6.856551885604858
Female,Left,3,21.5,0.0166034829326247,3.311921404884013,6.856551885604858
Female,Left,3,21.5,0.0195719686699793,3.4881718498281837,6.856551885604858
Female,Left,3,21.5,0.0119526763251186,3.482585653997318,6.856551885604858
Female,Left,3,21.5,0.009221837414826,3.318956570559074,6.856551885604858
Female,Left,3,21.5,0.0111498858890431,3.435155421194088,6.856551885604858
Female,Left,3,21.5,7.83012760236351e-05,3.3364484478444854,6.856551885604858
Female,Left,3,21.5,0.0049164020604423,3.51898495030216,6.856551885604858
Female,Left,3,21.5,0.0074854487894076,3.3899717654250856,6.856551885604858
Female,Left,3,21.5,0.0122901382366779,3.5479784766593228,6.856551885604858
Female,Left,1,20.7,0.02013965737631,3.551432101846632,6.856551885604858
Female,Left,1,20.7,0.0188283443318296,3.6701202561594015,6.856551885604858
Female,Left,1,20.7,0.0222460485981124,3.542575863672834,6.856551885604858
Female,Left,1,20.7,0.015252875974279,3.679131269125228,6.856551885604858
Female,Left,1,20.7,0.0263897061275555,3.560708108918822,6.856551885604858
Female,Left,1,20.7,0.0179309799407405,3.553781352669022,6.856551885604858
Female,Left,1,20.7,0.0270406070321596,3.6569925316737946,6.856551885604858
Female,Left,1,20.7,0.0255053766707545,3.6972695892116403,6.856551885604858
Female,Left,1,20.7,0.0234848452241388,3.581090992347353,6.856551885604858
Female,Left,1,20.7,0.023734991406673,3.5381522125776947,6.856551885604858
Female,Left,3,20.7,0.0040921812912086,3.563836340542009,6.856551885604858
Female,Left,3,20.7,0.0046203296758531,3.5515057507526366,6.856551885604858
Female,Left,3,20.7,0.0178957148669119,3.6361375428004643,6.856551885604858
Female,Left,3,20.7,-0.002845401431916,3.7787070312277375,6.856551885604858
Female,Left,3,20.7,-0.0071239811803577,3.8150065812176366,6.856551885604858
Female,Left,3,20.7,0.0135315320392541,3.9275546348399826,6.856551885604858
Female,Left,3,20.7,0.0004213521730399,3.922280356895547,6.856551885604858
Female,Left,3,20.7,0.0057875610672769,3.757397761433591,6.856551885604858
Female,Left,3,20.7,-0.0133451673341606,3.8236217075674905,6.856551885604858
Female,Left,3,20.7,0.0031040295153,3.8047251492206993,6.856551885604858
Female,Left,3,20.7,0.0062633356855365,3.5762195287244065,6.856551885604858
Female,Left,3,20.7,-0.0074062975917161,3.5671338602696694,6.856551885604858
Female,Left,2,20.7,0.0050308407180501,3.5016944041977656,6.856551885604858
Female,Left,2,20.7,-0.0052238613590493,3.6139550952790236,6.856551885604858
Female,Left,2,20.7,0.0168675525254091,3.567812635742617,6.856551885604858
Female,Left,2,20.7,-0.0065144539997413,3.5183992522270433,6.856551885604858
Female,Left,2,20.7,0.0110507447111625,3.478491089900062,6.856551885604858
Female,Left,2,20.7,-0.0059201721096101,3.6013776765664454,6.856551885604858
Female,Left,2,20.7,-0.0187140231037962,3.5111661935578353,6.856551885604858
Female,Left,2,20.7,0.0165064050044899,3.0995515635008224,6.856551885604858
Female,Left,2,20.7,-0.0028507687132316,3.0816198086454376,6.856551885604858
Female,Left,2,20.7,0.0017602996709897,3.0289916758577076,6.856551885604858
Female,Left,2,20.7,0.0112754443590897,3.0230479683540485,6.856551885604858
Female,Left,2,20.7,-0.0017085372739951,3.1685093332481857,6.856551885604858
Female,Left,2,20.7,0.0243625646446335,3.08229581352748,6.856551885604858
Female,Left,3,20.7,-0.0097181323792825,3.1296684412199003,6.856551885604858
Female,Left,3,20.7,0.0122051011749974,3.544143550679758,6.856551885604858
Female,Left,3,20.7,0.0153109337824251,3.3954154914031642,6.856551885604858
Female,Left,3,20.7,-0.0026754150321654,3.0965294886208414,6.856551885604858
Female,Left,3,20.7,-0.0137286470433212,3.3531789137331653,6.856551885604858
Female,Left,3,20.7,0.0002238176545,3.1092953914716706,6.856551885604858
Female,Left,3,20.7,-0.0236287663284718,3.2054935272311442,6.856551885604858
Female,Left,1,20.7,0.0035527754061422,2.9316765789956403,6.856551885604858
Female,Left,1,20.7,0.002290751708354,2.9341665899566167,6.856551885604858
Female,Left,1,20.7,0.0048937814270705,3.3893398739573484,6.856551885604858
Female,Left,1,20.7,-0.0019916583385206,3.189189188327714,6.856551885604858
Female,Left,1,20.7,0.018194056738736,2.881020193138233,6.856551885604858
Female,Left,1,20.7,0.0115403418331422,3.2819557009676683,6.856551885604858
Female,Left,1,20.7,0.0053810010500058,3.39763102160582,6.856551885604858
Female,Left,2,20.4,-0.0071538716392825,3.1968448128267046,6.856551885604858
Female,Left,2,20.4,0.0008089205523505,3.183912368845669,6.856551885604858
Female,Left,2,20.4,-0.0019466661589801,3.3611650738131713,6.856551885604858
Female,Left,2,20.4,-0.0104099833800915,3.2149178947455814,6.856551885604858
Female,Left,2,20.4,-0.0109549952176877,3.474449635544676,6.856551885604858
Female,Left,2,20.4,-0.0012428655367149,2.9309613146611997,6.856551885604858
Female,Left,2,20.4,-0.0136052505652749,3.5013569535822238,6.856551885604858
Female,Left,2,20.4,-0.0009794194109052,3.3361475062167707,6.856551885604858
Female,Left,2,20.4,9.47978770740525e-05,2.9458051068280153,6.856551885604858
Female,Left,2,20.4,-0.0073222028049151,3.4429895018580727,6.856551885604858
Female,Left,2,20.4,-0.004129300374402,2.928143564523383,6.856551885604858
Female,Left,2,20.4,0.000375652040632,3.1961387782103694,6.856551885604858
Female,Left,2,20.4,-0.0034320162111112,3.035934534505393,6.856551885604858
Female,Left,3,20.4,-0.0154291057036128,3.2504499881684565,6.856551885604858
Female,Left,3,20.4,-0.0007241598544298,3.091799547646829,6.856551885604858
Female,Left,3,20.4,-0.0017106865153491,3.151775269233345,6.856551885604858
Female,Left,3,20.4,-0.0017666156062744,3.086938289971693,6.856551885604858
Female,Left,3,20.4,-0.0031554738778098,3.2002476928455916,6.856551885604858
Female,Left,3,20.4,-0.0081695937439122,3.2009072560884113,6.856551885604858
Female,Left,3,20.4,-0.0143897515564411,3.423085855498424,6.856551885604858
Female,Left,3,20.4,-0.0051636760275403,3.1277772377244797,6.856551885604858
Female,Left,3,20.4,-0.0137491590371176,3.538313457814625,6.856551885604858
Female,Left,3,20.4,-0.0075591771328534,3.434358666893037,6.856551885604858
Female,Left,1,20.4,-0.0061710463185763,3.4287703733278985,6.856551885604858
Female,Left,1,20.4,0.0044849825647073,3.3468078317068146,6.856551885604858
Female,Left,1,20.4,0.0003266619733089,2.846348674737498,6.856551885604858
Female,Left,1,20.4,-0.0056312887559533,3.527467129492076,6.856551885604858
Female,Left,1,20.4,0.000212120286229,3.208216698819861,6.856551885604858
Female,Left,1,20.4,-0.0038910336037836,3.1498059331116206,6.856551885604858
Female,Left,1,20.4,-0.0101917827721159,3.071402192089022,6.856551885604858
Female,Left,1,20.4,-0.0010715803693054,3.2556866837066267,6.856551885604858
Female,Left,1,20.4,-0.0122779602899567,3.2569058117910434,6.856551885604858
Female,Left,1,20.4,-0.0020514240378273,2.9971839834195553,6.856551885604858
Female,Left,1,20.4,-0.000720415233751,3.0276524061149397,6.856551885604858
Female,Left,1,20.4,-0.0004136168127185,2.964775735153565,6.856551885604858
Female,Left,1,20.4,0.00048097357801,2.912135709526575,6.856551885604858
Female,Left,2,19.5,0.0068601845221118,3.248995908157319,6.856551885604858
Female,Left,2,19.5,0.0198786342370815,3.1949871180427634,6.856551885604858
Female,Left,2,19.5,0.0003382394950381,3.167390860978811,6.856551885604858
Female,Left,2,19.5,0.0152542829807976,3.3148292149276015,6.856551885604858
Female,Left,2,19.5,0.0017546203125805,3.476552451008941,6.856551885604858
Female,Left,2,19.5,0.0016686838104994,3.192703350584352,6.856551885604858
Female,Left,2,19.5,-0.0012052083364669,3.2659415514253842,6.856551885604858
Female,Left,2,19.5,-0.0139258770265695,3.291482121924619,6.856551885604858
Female,Left,2,19.5,-0.0036160459115637,3.2881572801505112,6.856551885604858
Female,Left,2,19.5,-0.0073309465542256,3.2725444280086244,6.856551885604858
Female,Left,1,19.5,0.0080508122898487,3.1316856922208403,6.856551885604858
Female,Left,1,19.5,-0.0019482743942624,3.1292868106146363,6.856551885604858
Female,Left,1,19.5,-0.0106176120686431,3.346142361197909,6.856551885604858
Female,Left,1,19.5,0.0100429661049942,3.1468384604452777,6.856551885604858
Female,Left,1,19.5,0.0142713884962278,3.1453159463492852,6.856551885604858
Female,Left,1,19.5,0.011154021660384,3.1026876874697376,6.856551885604858
Female,Left,3,19.5,-0.0018342220597731,3.4026633222581153,6.856551885604858
Female,Left,3,19.5,-0.0285436087412694,3.559936512180838,6.856551885604858
Female,Left,3,19.5,-0.0274270111675136,3.5416170332821655,6.856551885604858
Female,Left,3,19.5,-0.0283061246084955,3.8967582056025933,6.856551885604858
Female,Left,3,19.5,0.0003149516585988,4.247625800841976,6.856551885604858
Female,Left,3,19.5,0.004690305150707,3.584249225825362,6.856551885604858
Female,Left,3,19.5,-0.0400430195040201,3.543591352081738,6.856551885604858
Female,Left,3,19.5,-0.0158286582219945,3.375544550189365,6.856551885604858
Female,Left,3,19.5,0.0152431995114399,3.601021392528427,6.856551885604858
Female,Left,3,19.5,-0.0159717582890338,3.755613451194117,6.856551885604858
Female,Left,3,19.5,-0.0358650299443928,3.634945143044038,6.856551885604858
Female,Left,3,19.5,-0.0166238805449399,3.317178228629554,6.856551885604858
Female,Left,2,24.1,0.0227280624162074,2.15156305582269,6.856551885604858
Female,Left,2,24.1,0.0318662932289313,2.122258450665854,6.856551885604858
Female,Left,2,24.1,0.022806269666424,2.1608388229884437,6.856551885604858
Female,Left,2,24.1,0.0289180738853464,2.1131998149124387,6.856551885604858
Female,Left,2,24.1,0.0283313175711016,2.0924449907159923,6.856551885604858
Female,Left,2,24.1,0.0294496872239303,2.1031546679848963,6.856551885604858
Female,Left,2,24.1,0.0141653854214632,2.191364280602691,6.856551885604858
Female,Left,2,24.1,0.0259906904665135,2.0595801836205534,6.856551885604858
Female,Left,2,24.1,0.0243365853033001,2.2067256340615033,6.856551885604858
Female,Left,1,24.1,0.0076367230690364,2.450633344993886,6.856551885604858
Female,Left,1,24.1,0.0148278572472432,2.311008218587288,6.856551885604858
Female,Left,1,24.1,0.0096524843041519,2.196163375441801,6.856551885604858
Female,Left,1,24.1,0.0097280262910921,2.3468347547637936,6.856551885604858
Female,Left,1,24.1,0.0135074124795694,2.4506221981357377,6.856551885604858
Female,Left,1,24.1,0.0147132876110008,2.495565591064109,6.856551885604858
Female,Left,1,24.1,0.0073450323663456,2.296829676109176,6.856551885604858
Female,Left,1,24.1,0.0111879436940098,2.7542260712144633,6.856551885604858
Female,Left,1,24.1,0.0186364134450936,2.27105171594757,6.856551885604858
Female,Left,3,24.1,0.0250535834605685,2.236068258641382,6.856551885604858
Female,Left,3,24.1,-0.0220351827980133,2.8815151888220387,6.856551885604858
Female,Left,3,24.1,0.0210375096856636,2.2816405751766267,6.856551885604858
Female,Left,3,24.1,0.0008178293618706,2.514613838138732,6.856551885604858
Female,Left,3,24.1,0.0224471019353621,2.1407555004676095,6.856551885604858
Female,Left,3,24.1,0.020856089470556,2.166491887337854,6.856551885604858
Female,Left,3,24.1,0.0305944160432659,2.2515248058076365,6.856551885604858
Female,Left,3,24.1,0.0221319221045862,2.1815764321371276,6.856551885604858
Female,Left,3,24.1,0.0191847875685251,2.156823937634626,6.856551885604858
Female,Left,3,24.1,0.0300884333446466,2.1371658057483596,6.856551885604858
Female,Left,3,24.1,0.0122572641828896,2.5316975477990113,6.856551885604858
Female,Left,3,24.1,-0.0129936985736224,2.3920214660353523,6.856551885604858
Female,Left,3,24.1,0.00160335429456,2.511842711263147,6.856551885604858
Female,Left,1,29.2,0.0121881799344279,3.572327239176614,6.856551885604858
Female,Left,1,29.2,-1.27356431904845e-05,3.4746268725736043,6.856551885604858
Female,Left,1,29.2,0.0203153994869371,3.497001914526846,6.856551885604858
Female,Left,1,29.2,0.0013526574241448,3.565756372286855,6.856551885604858
Female,Left,1,29.2,0.0077836088265887,3.4772756398246383,6.856551885604858
Female,Left,1,29.2,0.0044098764998503,3.556949632849481,6.856551885604858
Female,Left,1,29.2,0.0054719176423842,3.573849073482881,6.856551885604858
Female,Left,1,29.2,0.0141729415175875,3.5597731304030695,6.856551885604858
Female,Left,3,29.2,-0.0093099532727843,3.5030985205371596,6.856551885604858
Female,Left,3,29.2,0.0077073721006096,3.4951280548995363,6.856551885604858
Female,Left,3,29.2,-0.0135817849062803,3.599074183158161,6.856551885604858
Female,Left,3,29.2,0.0093534200267929,3.5759236156599568,6.856551885604858
Female,Left,3,29.2,-0.0025293972338968,3.470424837208682,6.856551885604858
Female,Left,3,29.2,0.0116239864378735,3.5410839784616828,6.856551885604858
Female,Left,3,29.2,0.0028317741329348,3.4498882108179196,6.856551885604858
Female,Left,3,29.2,0.0049560579698573,3.4692637396157178,6.856551885604858
Female,Left,3,29.2,0.0115729075349559,3.6066358725609597,6.856551885604858
Female,Left,3,29.2,0.0151497990237893,3.630517101800472,6.856551885604858
Female,Left,3,29.2,0.0130100319029224,3.602750573367523,6.856551885604858
Female,Left,2,29.2,-0.0004815460432712,3.494269423031888,6.856551885604858
Female,Left,2,29.2,0.0117692283130579,3.5665348105011176,6.856551885604858
Female,Left,2,29.2,-3.83455743764795e-05,3.4952514191206983,6.856551885604858
Female,Left,2,29.2,0.0032437728514371,3.51072760746054,6.856551885604858
Female,Left,2,29.2,0.0012188915716013,3.409894588064579,6.856551885604858
Female,Left,2,29.2,-0.0002522630022363,3.501264951929868,6.856551885604858
Female,Left,2,29.2,0.000756512427608,3.5190463683465194,6.856551885604858
Female,Left,2,29.2,0.0008526326721713,3.559054740733309,6.856551885604858
Female,Left,2,29.2,0.0023944382146305,3.672249164717602,6.856551885604858
Female,Left,2,29.2,0.0051081555528307,3.596206304172976,6.856551885604858
Female,Left,2,29.2,0.0109499188578417,3.5080390421694108,6.856551885604858
Female,Left,2,29.2,-0.0004446165459848,3.572792237135653,6.856551885604858
Female,Left,2,20.8,0.0103573439768809,1.9732362536032806,6.856551885604858
Female,Left,2,20.8,0.0102968937872602,2.12505289799586,6.856551885604858
Female,Left,2,20.8,-0.0028897830454505,2.161356936977221,6.856551885604858
Female,Left,2,20.8,-0.0078093325924274,2.034814913796876,6.856551885604858
Female,Left,2,20.8,-0.0027827174658227,1.9981322781625173,6.856551885604858
Female,Left,2,20.8,9.53613173231864e-06,1.9134523029523471,6.856551885604858
Female,Left,2,20.8,0.0197335065959716,1.9502305792050338,6.856551885604858
Female,Left,2,20.8,-0.0031990830177437,1.8572916121320193,6.856551885604858
Female,Left,2,20.8,0.0046105989153756,1.9697796089790536,6.856551885604858
Female,Left,2,20.8,-0.0255593738487463,2.051742355039878,6.856551885604858
Female,Left,1,20.8,-0.0177426160003175,2.204350503505585,6.856551885604858
Female,Left,1,20.8,-0.0367620231153365,2.187678041353525,6.856551885604858
Female,Left,1,20.8,-0.0052668494977368,1.9426568083006732,6.856551885604858
Female,Left,3,20.8,0.0214951025290442,2.389739549024455,6.856551885604858
Female,Left,3,20.8,0.0131096954640288,2.168134804814704,6.856551885604858
Female,Left,3,20.8,0.0012146423598162,1.9511820201091172,6.856551885604858
Female,Left,3,20.8,0.0249585075403443,2.0681433608132997,6.856551885604858
Female,Left,3,20.8,0.0176351296284103,2.0221541632207205,6.856551885604858
Female,Left,3,20.8,0.0046058037878395,1.8734870485554418,6.856551885604858
Female,Left,3,20.8,0.0147515941726455,1.995914964223123,6.856551885604858
Female,Left,3,20.8,0.0156629885584274,2.0004083249650484,6.856551885604858
Female,Left,3,20.8,0.0044938921972172,2.0175124063014582,6.856551885604858
Female,Left,3,20.8,0.000698409215697,1.9361297457399933,6.856551885604858
Female,Left,3,20.8,0.0109299185996547,2.041995045894139,6.856551885604858
Female,Left,3,20.8,0.0131158229061012,2.2191575984212886,6.856551885604858
Female,Left,2,21.0,0.027313798457174,2.5508981823253682,6.856551885604858
Female,Left,2,21.0,0.0304151099643858,2.542756389697185,6.856551885604858
Female,Left,2,21.0,0.028100766199226,2.3854819250284747,6.856551885604858
Female,Left,2,21.0,0.0276584757761134,2.480533020224001,6.856551885604858
Female,Left,2,21.0,0.0281550002040828,2.3807623340927964,6.856551885604858
Female,Left,2,21.0,0.0315248807057983,2.5017018486896148,6.856551885604858
Female,Left,2,21.0,0.0258549915202096,2.522300582319895,6.856551885604858
Female,Left,2,21.0,0.0278271721500016,2.471284878733351,6.856551885604858
Female,Left,3,21.0,0.0307851834620648,2.5906989256001625,6.856551885604858
Female,Left,3,21.0,0.025684534646482,2.4504667038782446,6.856551885604858
Female,Left,3,21.0,0.0270906655353476,2.4460879169066114,6.856551885604858
Female,Left,3,21.0,0.0203903117195812,2.522667615315179,6.856551885604858
Female,Left,3,21.0,0.0235685731664472,2.433310547371848,6.856551885604858
Female,Left,3,21.0,0.029323218688936,2.506206821642259,6.856551885604858
Female,Left,3,21.0,0.0287594316689936,2.5190271011449163,6.856551885604858
Female,Left,3,21.0,0.0316373859735616,2.4831612482794823,6.856551885604858
Female,Left,1,21.0,0.0169178367524793,2.348611645864593,6.856551885604858
Female,Left,1,21.0,0.0112758432875592,2.35999023108216,6.856551885604858
Female,Left,1,21.0,0.0143206223765825,2.339010789832797,6.856551885604858
Female,Left,1,21.0,0.0198749993122153,2.381263630571655,6.856551885604858
Female,Left,1,21.0,0.0238350086618479,2.4340913224915743,6.856551885604858
Female,Left,1,21.0,0.0207784855630804,2.354013327740125,6.856551885604858
Female,Left,1,21.0,0.0226927102855307,2.2931584850044042,6.856551885604858
Female,Left,1,21.0,-0.0046193616407483,2.3554017647516075,6.856551885604858
Female,Left,1,21.0,0.0288473069392976,2.359930558791388,6.856551885604858
Female,Left,1,21.0,0.0256578472540998,2.345645693435867,6.856551885604858
Female,Left,2,20.8,0.0041412527878423,2.5052593994961456,6.856551885604858
Female,Left,2,20.8,0.0102673670804606,2.483163205685698,6.856551885604858
Female,Left,2,20.8,0.0039854409853424,2.4096611891023185,6.856551885604858
Female,Left,2,20.8,0.0039699558715874,2.5196507016020573,6.856551885604858
Female,Left,2,20.8,0.0051585286067001,2.466326262696936,6.856551885604858
Female,Left,2,20.8,-0.0003839827482419,2.456613180918478,6.856551885604858
Female,Left,2,20.8,0.0091047987272127,2.422713888098262,6.856551885604858
Female,Left,2,20.8,0.0062749932397495,2.481667148463318,6.856551885604858
Female,Left,1,20.8,0.0076313612027737,2.2900490073220814,6.856551885604858
Female,Left,1,20.8,0.0040529142279365,2.3378742836218964,6.856551885604858
Female,Left,1,20.8,0.0074985479373958,2.3136640350619007,6.856551885604858
Female,Left,1,20.8,0.0067196904414626,2.295769097996595,6.856551885604858
Female,Left,1,20.8,-0.0021076623120863,2.3391345890274993,6.856551885604858
Female,Left,1,20.8,0.0081922666343972,2.22155113315197,6.856551885604858
Female,Left,1,20.8,0.0012329393545363,2.320743810426478,6.856551885604858
Female,Left,1,20.8,0.0081067074919669,2.241018879667077,6.856551885604858
Female,Left,1,20.8,0.0027837121670575,2.2677571663168465,6.856551885604858
Female,Left,3,20.8,0.0130412225187871,2.403015972048733,6.856551885604858
Female,Left,3,20.8,0.0096407300143474,2.3286937715710305,6.856551885604858
Female,Left,3,20.8,0.006657398207896,2.4241383056778463,6.856551885604858
Female,Left,3,20.8,0.0078095896114029,2.3312729901822746,6.856551885604858
Female,Left,3,20.8,0.0103519625644829,2.384615636277869,6.856551885604858
Female,Left,3,20.8,0.0083118808654398,2.3435992895438726,6.856551885604858
Female,Left,3,20.8,0.0096757321455355,2.3299328265382786,6.856551885604858
Female,Left,3,20.8,0.007321073562226,2.438166911066298,6.856551885604858
Female,Left,3,20.8,0.0122095309636168,2.2650023073631456,6.856551885604858
Female,Left,2,19.7,0.0211799661571417,2.3888099805479834,6.856551885604858
Female,Left,2,19.7,0.0206863944989697,2.3964022733180674,6.856551885604858
Female,Left,2,19.7,0.0075711617528623,2.2145905756422812,6.856551885604858
Female,Left,2,19.7,0.0177012410873788,2.4039530139953134,6.856551885604858
Female,Left,2,19.7,0.0140924494928566,2.2978158237381954,6.856551885604858
Female,Left,2,19.7,0.0225305381018996,2.3528454540528494,6.856551885604858
Female,Left,2,19.7,0.0059985039423136,2.2629155744832032,6.856551885604858
Female,Left,2,19.7,0.018422117676035,2.364602390481133,6.856551885604858
Female,Left,2,19.7,0.010417122248321,2.410933615382533,6.856551885604858
Female,Left,2,19.7,0.0052778518583679,2.453836293945707,6.856551885604858
Female,Left,2,19.7,-0.0029091360993124,2.354019882165691,6.856551885604858
Female,Left,2,19.7,0.0208858841689306,2.3594031641508733,6.856551885604858
Female,Left,2,19.7,0.0185122932857637,2.340404785364517,6.856551885604858
Female,Left,1,19.7,0.0312913917584141,2.4522074675392056,6.856551885604858
Female,Left,1,19.7,0.0274333024306495,2.506344665924553,6.856551885604858
Female,Left,1,19.7,0.0280990063338832,2.428548462070586,6.856551885604858
Female,Left,1,19.7,0.024615961057247,2.3543108751947894,6.856551885604858
Female,Left,1,19.7,0.0269064394139861,2.4020123694604143,6.856551885604858
Female,Left,1,19.7,0.0291930482135517,2.6786520678888506,6.856551885604858
Female,Left,1,19.7,0.02426518788577,2.5739609418106637,6.856551885604858
Female,Left,1,19.7,0.0179777253952566,2.406937538149714,6.856551885604858
Female,Left,1,19.7,0.025044699175251,2.370879544967461,6.856551885604858
Female,Left,1,19.7,0.0200625916975613,2.407595353081445,6.856551885604858
Female,Left,3,19.7,0.0027888701308056,2.4396636976415365,6.856551885604858
Female,Left,3,19.7,-0.0107134787060756,2.303230352144515,6.856551885604858
Female,Left,3,19.7,0.0147222597798843,2.623619252156237,6.856551885604858
Female,Left,3,19.7,0.027374256318363,2.355752764796633,6.856551885604858
Female,Left,3,19.7,0.0145176752229285,2.511363394615934,6.856551885604858
Female,Left,3,19.7,0.0045821229275411,2.301177350909048,6.856551885604858
Female,Left,3,19.7,0.02023790382625,2.472796030059268,6.856551885604858
Female,Left,3,19.7,0.0164557191800133,2.4395912351572355,6.856551885604858
Female,Left,3,19.7,0.0152159267429755,2.5747395373054323,6.856551885604858
Female,Left,3,19.7,0.0181385477658053,2.4894022134625735,6.856551885604858
Female,Left,3,19.7,-0.0142330057037647,2.2958517243313246,6.856551885604858
Female,Left,3,19.7,0.0014109687513802,2.4417086179353733,6.856551885604858
Female,Left,3,19.7,0.0033148031452226,2.4315833792955797,6.856551885604858
Female,Left,2,19.2,0.0091047519053975,3.1747554866170065,6.856551885604858
Female,Left,2,19.2,0.0137455106480816,3.1735542975506466,6.856551885604858
Female,Left,2,19.2,0.0075068247426087,3.119788428200723,6.856551885604858
Female,Left,2,19.2,0.0137295993542759,2.9810489252402497,6.856551885604858
Female,Left,2,19.2,0.0076660538222713,3.041187633292584,6.856551885604858
Female,Left,2,19.2,0.0032906168291271,3.012957803444358,6.856551885604858
Female,Left,2,19.2,-0.0012249193164333,3.0614048567867993,6.856551885604858
Female,Left,2,19.2,0.0060636539152233,3.0367426863912494,6.856551885604858
Female,Left,2,19.2,0.0033987868819125,3.212191059564383,6.856551885604858
Female,Left,2,19.2,0.0044873696476778,3.055556093346446,6.856551885604858
Female,Left,2,19.2,-0.0105893556523829,3.1088448060602523,6.856551885604858
Female,Left,2,19.2,-0.0026387889223341,3.053113958265435,6.856551885604858
Female,Left,1,19.2,0.0131827392002099,3.0732038388410916,6.856551885604858
Female,Left,1,19.2,0.0198273189148386,3.3305215341248946,6.856551885604858
Female,Left,1,19.2,0.0066320524624807,3.0879878847187014,6.856551885604858
Female,Left,1,19.2,0.0085190179331695,3.3316872283535024,6.856551885604858
Female,Left,1,19.2,0.0175675362266163,3.0379266954491833,6.856551885604858
Female,Left,1,19.2,0.0064500573504251,3.1132769749313662,6.856551885604858
Female,Left,1,19.2,0.002291255174477,3.093592547206094,6.856551885604858
Female,Left,1,19.2,0.0073371008770044,3.1297517342857475,6.856551885604858
Female,Left,1,19.2,0.0161085803965307,3.0650518558354705,6.856551885604858
Female,Left,1,19.2,-0.0022068694161435,3.2683833016816783,6.856551885604858
Female,Left,3,19.2,0.0003540664011332,3.273460364704339,6.856551885604858
Female,Left,3,19.2,0.0041583427822607,3.291466571544845,6.856551885604858
Female,Left,3,19.2,-0.0025824828005558,3.2398298523672455,6.856551885604858
Female,Left,3,19.2,0.0039083812705649,3.197806236554568,6.856551885604858
Female,Left,3,19.2,-0.0046365423952993,3.1662928500788534,6.856551885604858
Female,Left,3,19.2,-0.0015848519258794,3.508316612393727,6.856551885604858
Female,Left,3,19.2,0.0040018996963602,3.5249255394327053,6.856551885604858
Female,Left,3,19.2,-0.0198476074795767,3.1719811116607612,6.856551885604858
Female,Left,3,19.2,-0.0008126038946071,3.248829173690347,6.856551885604858
Female,Left,3,19.2,-0.0156871265999836,3.0912212544434268,6.856551885604858
Female,Left,3,19.2,-0.0133440264163449,3.2187291191760776,6.856551885604858
Female,Left,3,19.2,-0.0018111135158293,3.212718574551376,6.856551885604858
Female,Left,3,19.2,0.019660250260837,3.4190648058002604,6.856551885604858
Female,Left,2,22.9,0.0219814679713477,2.8702771574487143,6.856551885604858
Female,Left,2,22.9,0.0135857303469652,3.0320287266382713,6.856551885604858
Female,Left,2,22.9,0.0192896360043799,2.990468300449747,6.856551885604858
Female,Left,2,22.9,0.0168249178515927,2.7698948416104052,6.856551885604858
Female,Left,2,22.9,0.0096244909553138,2.7141631087728313,6.856551885604858
Female,Left,2,22.9,0.0081592584084582,3.0291643399226156,6.856551885604858
Female,Left,2,22.9,0.0006382947924671,3.0314184473927597,6.856551885604858
Female,Left,2,22.9,0.0187941836629309,2.6786567680754825,6.856551885604858
Female,Left,2,22.9,0.0123339064512559,2.6547949298429994,6.856551885604858
Female,Left,3,23.0,0.0260890197853457,2.949278455075684,6.856551885604858
Female,Left,3,23.0,0.0099825381107437,3.5065243246118762,6.856551885604858
Female,Left,3,23.0,0.024769220230542,3.4138749669606816,6.856551885604858
Female,Left,3,23.0,0.0107419032817008,3.2268435129639883,6.856551885604858
Female,Left,3,23.0,0.0262195096219084,3.7050126989405023,6.856551885604858
Female,Left,3,23.0,0.020501339920937,3.021250610208229,6.856551885604858
Female,Left,3,23.0,0.005632791858213,2.651568747742035,6.856551885604858
Female,Left,3,23.0,0.013198577128619,3.672690015708499,6.856551885604858
Female,Left,3,23.0,0.0214389147282273,2.8079079251373797,6.856551885604858
Female,Left,3,23.0,0.0289604778493429,2.658542630192621,6.856551885604858
Female,Left,1,23.1,0.0012809067895546,2.484537641040836,6.856551885604858
Female,Left,1,23.1,0.0207247085587551,2.6174723967606135,6.856551885604858
Female,Left,1,23.1,0.0125766256418326,2.600208009320944,6.856551885604858
Female,Left,1,23.1,0.0129599466984554,2.530922475262737,6.856551885604858
Female,Left,1,23.1,0.0002165579369721,2.6583867652636917,6.856551885604858
Female,Left,1,23.1,0.0221168214874832,2.626515796984991,6.856551885604858
Female,Left,1,23.1,0.0103461002219932,2.4579146710187274,6.856551885604858
Female,Left,1,23.1,0.0196917422557747,2.555181659951263,6.856551885604858
Female,Left,1,23.1,0.0169668799392957,2.5771416947608623,6.856551885604858
Female,Left,1,23.1,0.0072598606465383,2.6295198196608127,6.856551885604858
Female,Left,1,27.7,0.0008375108163746,3.852967800294417,6.856551885604858
Female,Left,1,27.7,0.0068307919180941,3.7851679098874884,6.856551885604858
Female,Left,1,27.7,0.0124958804805311,3.7510349376615837,6.856551885604858
Female,Left,1,27.7,0.0219972481182961,3.945589232550458,6.856551885604858
Female,Left,1,27.7,0.0109048899260045,4.012295620990517,6.856551885604858
Female,Left,1,27.7,0.007735226854398,3.7439624894657677,6.856551885604858
Female,Left,1,27.7,0.0165256777143921,4.037514863562473,6.856551885604858
Female,Left,1,27.7,0.0008044595065957,3.933361280491399,6.856551885604858
Female,Left,1,27.7,0.0170761961529129,4.007658652018407,6.856551885604858
Female,Left,1,27.7,0.0008927760656945,4.072915305528448,6.856551885604858
Female,Left,3,27.7,0.0059021401884188,3.835426354559553,6.856551885604858
Female,Left,3,27.7,-0.0018866515937003,3.8205771831953146,6.856551885604858
Female,Left,3,27.7,0.0023465312127821,3.6953206485401484,6.856551885604858
Female,Left,3,27.7,-0.0204736678753627,3.6626030566642336,6.856551885604858
Female,Left,3,27.7,0.005081193097689,3.6986333993574916,6.856551885604858
Female,Left,3,27.7,-0.0101648445841911,3.8414853114008096,6.856551885604858
Female,Left,3,27.7,0.0029839034711109,3.6778357217587736,6.856551885604858
Female,Left,3,27.7,-0.0098836388241656,3.6526116285861443,6.856551885604858
Female,Left,3,27.7,0.0119649207331369,3.776064964675298,6.856551885604858
Female,Left,2,27.7,0.0019815962530592,3.722095216979048,6.856551885604858
Female,Left,2,27.7,-0.0146454575881592,4.000737943283452,6.856551885604858
Female,Left,2,27.7,-0.0229906668919624,3.9011411805185303,6.856551885604858
Female,Left,2,27.7,0.0067311895107335,3.7346928084875417,6.856551885604858
Female,Left,2,27.7,-0.015304164492394,3.630294748028358,6.856551885604858
Female,Left,2,27.7,-0.0156941344058609,3.653786120309154,6.856551885604858
Female,Left,2,27.7,0.0018227079111669,3.9453507790654325,6.856551885604858
Female,Left,2,27.7,-0.032490536067054,3.9976422782406633,6.856551885604858
Female,Left,2,27.7,0.0027046256190913,3.9075983361065765,6.856551885604858
Female,Left,2,27.7,0.0089877937582005,3.617545977668223,6.856551885604858
Female,Left,2,27.7,-0.0053408499339576,3.703430520291474,6.856551885604858
Female,Left,2,23.5,0.001472775448356,2.33637560269777,6.856551885604858
Female,Left,2,23.5,0.0011164712133864,2.347803616053746,6.856551885604858
Female,Left,2,23.5,0.0117105907992001,2.4949861684369696,6.856551885604858
Female,Left,2,23.5,0.0005514199116603,2.4023569827689557,6.856551885604858
Female,Left,2,23.5,-0.0097843574248969,2.1928033526354103,6.856551885604858
Female,Left,2,23.5,0.00300576728047,2.497250591926496,6.856551885604858
Female,Left,2,23.5,0.0134873885465575,2.2039299302923356,6.856551885604858
Female,Left,2,23.5,-0.0019961569888224,2.1746135293669555,6.856551885604858
Female,Left,2,23.5,0.0080293965170977,2.15681928039943,6.856551885604858
Female,Left,2,23.5,-0.0060790140767,2.1497417621025816,6.856551885604858
Female,Left,2,23.5,0.0162581165907403,2.1794797273515365,6.856551885604858
Female,Left,2,23.5,0.0134272437006228,2.298245410181827,6.856551885604858
Female,Left,3,23.5,0.0040616753486549,2.4014517781359555,6.856551885604858
Female,Left,3,23.5,0.0002484132011062,2.1155690257594792,6.856551885604858
Female,Left,3,23.5,-0.015120693570571,2.1821624518469087,6.856551885604858
Female,Left,3,23.5,-0.0246708665395497,2.2238729091745726,6.856551885604858
Female,Left,3,23.5,-0.0148357662857809,2.2798741078587175,6.856551885604858
Female,Left,3,23.5,0.0129647999147735,2.703739303641207,6.856551885604858
Female,Left,3,23.5,0.0208164923366311,2.8491858956976235,6.856551885604858
Female,Left,3,23.5,0.005268970783484,2.1346574099697992,6.856551885604858
Female,Left,3,23.5,0.0169915763739887,2.6859163232744896,6.856551885604858
Female,Left,3,23.5,0.0202030640032717,2.902852448238995,6.856551885604858
Female,Left,1,23.5,0.0251716073538451,2.7670088514684754,6.856551885604858
Female,Left,1,23.5,0.0217422588880549,2.8335437162734527,6.856551885604858
Female,Left,1,23.5,0.0271500751075869,2.2948483826309443,6.856551885604858
Female,Left,1,23.5,0.0115646035568289,2.719489858122754,6.856551885604858
Female,Left,1,23.5,0.0199759493269686,2.377567929126588,6.856551885604858
Female,Left,1,23.5,0.0184469557398266,2.4950639209590997,6.856551885604858
Female,Left,1,23.5,0.022793734603164,2.6866957251000474,6.856551885604858
Female,Left,1,23.5,0.0217999714558001,2.3580434064862166,6.856551885604858
Female,Left,1,23.5,0.0015997645845396,2.499137693601088,6.856551885604858
Female,Left,1,23.5,0.0260250923113149,2.413651731577432,6.856551885604858
Female,Left,2,23.2,0.0092821670611154,2.188614975082194,6.856551885604858
Female,Left,2,23.2,-0.001911250545824,2.9195478742586713,6.856551885604858
Female,Left,2,23.2,0.0018071898956108,2.7438796617775294,6.856551885604858
Female,Left,2,23.2,0.0004665519355161,2.545982862194861,6.856551885604858
Female,Left,2,23.2,0.0069998989381378,2.4125953673613583,6.856551885604858
Female,Left,2,23.2,0.0051221550457664,2.3970295751441504,6.856551885604858
Female,Left,2,23.2,0.0117551855216724,2.0987297532908653,6.856551885604858
Female,Left,2,23.2,0.0022083826456059,2.225118694483348,6.856551885604858
Female,Left,2,23.2,0.0050948569455901,2.2229790111252106,6.856551885604858
Female,Left,3,23.2,-0.008065215193939,2.6571330389091767,6.856551885604858
Female,Left,3,23.2,-0.0004385548777695,2.212254375714101,6.856551885604858
Female,Left,3,23.2,0.0042689584509316,2.635419947839015,6.856551885604858
Female,Left,3,23.2,0.0026851820657717,2.2602964285645673,6.856551885604858
Female,Left,3,23.2,0.0019553600996449,2.5689572710599955,6.856551885604858
Female,Left,3,23.2,0.0003526077677126,2.0733407470901577,6.856551885604858
Female,Left,3,23.2,0.0010425641135019,2.6112956069432296,6.856551885604858
Female,Left,3,23.2,-0.0147116156749426,2.2253054996418964,6.856551885604858
Female,Left,3,23.2,0.0028246837479169,2.378890608080477,6.856551885604858
Female,Left,3,23.2,-0.0014638689422508,2.3445194296972853,6.856551885604858
Female,Left,3,23.2,0.0030876962221185,2.352968890755439,6.856551885604858
Female,Left,3,23.2,0.0039983209106586,2.1666975996413433,6.856551885604858
Female,Left,1,23.2,0.0012554727352141,2.4697512990321515,6.856551885604858
Female,Left,1,23.2,0.0056765229512243,2.3217017170952414,6.856551885604858
Female,Left,1,23.2,0.0036392751778584,2.6124649073877473,6.856551885604858
Female,Left,1,23.2,0.0013116606309118,2.604446606652031,6.856551885604858
Female,Left,1,23.2,0.0038249686389564,3.164428720604238,6.856551885604858
Female,Left,1,23.2,0.0056896539830505,2.543035463633072,6.856551885604858
Female,Left,1,23.2,-0.0005966139952495,2.9436831625127438,6.856551885604858
Female,Left,1,23.2,0.0034220195393439,2.2070862023138975,6.856551885604858
Female,Left,1,18.9,0.0238030254512738,2.1498166572876687,6.856551885604858
Female,Left,1,18.9,0.0136366532087041,2.233014608469422,6.856551885604858
Female,Left,1,18.9,0.0021394549884238,2.2035201539771387,6.856551885604858
Female,Left,1,18.9,-0.004320406176861,2.2340607300972,6.856551885604858
Female,Left,1,18.9,0.0066658656957661,2.1517180409322556,6.856551885604858
Female,Left,1,18.9,0.0202048431147507,2.225823315848205,6.856551885604858
Female,Left,1,18.9,0.0212591398842836,2.228910213659259,6.856551885604858
Female,Left,1,18.9,0.020554848848768,2.256097268074822,6.856551885604858
Female,Left,1,18.9,0.0150798501963473,2.2389835561156306,6.856551885604858
Female,Left,3,18.9,0.0296443067041233,2.4135020348025167,6.856551885604858
Female,Left,3,18.9,0.0182190601048752,2.438229368673707,6.856551885604858
Female,Left,3,18.9,0.0200920735679959,2.4226242423669935,6.856551885604858
Female,Left,3,18.9,0.0203887669874962,2.2941366487517176,6.856551885604858
Female,Left,3,18.9,0.0251426036331975,2.371785853293982,6.856551885604858
Female,Left,3,18.9,0.0200476576791445,2.4651487129218426,6.856551885604858
Female,Left,3,18.9,0.0171834446575874,2.7242961960165584,6.856551885604858
Female,Left,3,18.9,0.0187349418580876,2.467726721612532,6.856551885604858
Female,Left,3,18.9,0.0243951092683856,2.348666466208833,6.856551885604858
Female,Left,3,18.9,0.0249591432466994,2.31857648154557,6.856551885604858
Female,Left,3,18.9,0.0147230647952553,2.4538313329936403,6.856551885604858
Female,Left,2,18.9,0.0221661898154276,2.6491319655702177,6.856551885604858
Female,Left,2,18.9,0.0186702249278105,2.291243299767091,6.856551885604858
Female,Left,2,18.9,0.0132218485392308,2.405906165117966,6.856551885604858
Female,Left,2,18.9,0.026043683634036,2.4134205325434617,6.856551885604858
Female,Left,2,18.9,0.02635374964636,2.391595868203364,6.856551885604858
Female,Left,2,18.9,0.0198478306927197,2.312305845102568,6.856551885604858
Female,Left,2,18.9,0.0262083657062185,2.350905305186982,6.856551885604858
Female,Left,2,18.9,0.0084778915862804,2.31764798754802,6.856551885604858
Female,Left,2,18.9,0.0291551727934747,2.6006158178371166,6.856551885604858
Female,Left,2,18.9,0.0213620588233117,2.3402366587979673,6.856551885604858
Female,Left,1,21.3,0.0251250298922105,3.2479097716387964,6.856551885604858
Female,Left,1,21.3,0.0057171800388653,3.2406539086103328,6.856551885604858
Female,Left,1,21.3,0.0231112973391356,3.263575498773589,6.856551885604858
Female,Left,1,21.3,0.0210150959888145,3.2797377661027127,6.856551885604858
Female,Left,1,21.3,0.0166691774385439,3.25840209267436,6.856551885604858
Female,Left,1,21.3,0.0050743677649764,3.3661587486200033,6.856551885604858
Female,Left,1,21.3,0.0196051648041939,3.2844129741880876,6.856551885604858
Female,Left,1,21.3,0.0262554975144078,3.259617810909807,6.856551885604858
Female,Left,1,21.3,-0.0152025094064551,3.3048671422496563,6.856551885604858
Female,Left,3,21.3,0.0207856701587954,3.7137266348046354,6.856551885604858
Female,Left,3,21.3,0.0116002675118982,3.339023400894474,6.856551885604858
Female,Left,3,21.3,0.0286305149985466,3.4544132738730813,6.856551885604858
Female,Left,3,21.3,0.0161106774984673,3.3333176512983553,6.856551885604858
Female,Left,3,21.3,0.0286740950422495,3.5543307456141244,6.856551885604858
Female,Left,3,21.3,0.029523798543129,3.5716966973795263,6.856551885604858
Female,Left,3,21.3,0.0127397550178324,3.416104338123938,6.856551885604858
Female,Left,3,21.3,0.0289786227661295,3.702094000160553,6.856551885604858
Female,Left,2,21.3,0.0264792713110022,3.4615655769807567,6.856551885604858
Female,Left,2,21.3,0.0288075707989748,3.5584023898593893,6.856551885604858
Female,Left,2,21.3,0.0365277773004004,3.5072672271124032,6.856551885604858
Female,Left,2,21.3,0.0202859923372171,3.4350109691245585,6.856551885604858
Female,Left,2,21.3,0.0231704850582962,3.380410721644897,6.856551885604858
Female,Left,2,21.3,0.0176568433806164,3.388636602912407,6.856551885604858
Female,Left,2,21.3,0.0329119139771772,3.387707152539287,6.856551885604858
Female,Left,2,21.3,0.0184935525101044,3.4540954631422656,6.856551885604858
Female,Left,2,21.3,0.0264970129982415,3.4666899476717816,6.856551885604858
Female,Left,2,21.3,0.0195424597644573,3.3174052490234693,6.856551885604858
